time_ms,soma_mV,site_class,cell_id
0.0,-75.0,proximal,NX16_1_P20
0.025,-75.0,proximal,NX16_1_P20
0.05,-75.0,proximal,NX16_1_P20
0.075,-75.0,proximal,NX16_1_P20
0.0999999999999999,-75.0,proximal,NX16_1_P20
0.1249999999999999,-75.0,proximal,NX16_1_P20
0.15,-75.0,proximal,NX16_1_P20
0.175,-75.0,proximal,NX16_1_P20
0.2,-75.0,proximal,NX16_1_P20
0.225,-75.0,proximal,NX16_1_P20
0.25,-75.0,proximal,NX16_1_P20
0.2750000000000001,-75.0,proximal,NX16_1_P20
0.3000000000000001,-75.0,proximal,NX16_1_P20
0.3250000000000001,-75.0,proximal,NX16_1_P20
0.3500000000000001,-75.0,proximal,NX16_1_P20
0.3750000000000001,-75.0,proximal,NX16_1_P20
0.4000000000000002,-75.0,proximal,NX16_1_P20
0.4250000000000002,-75.0,proximal,NX16_1_P20
0.4500000000000002,-75.0,proximal,NX16_1_P20
0.4750000000000002,-75.0,proximal,NX16_1_P20
0.5000000000000002,-75.0,proximal,NX16_1_P20
0.5250000000000001,-75.0,proximal,NX16_1_P20
0.55,-75.0,proximal,NX16_1_P20
0.575,-75.0,proximal,NX16_1_P20
0.5999999999999999,-75.0,proximal,NX16_1_P20
0.6249999999999998,-75.0,proximal,NX16_1_P20
0.6499999999999997,-75.0,proximal,NX16_1_P20
0.6749999999999996,-75.0,proximal,NX16_1_P20
0.6999999999999995,-75.0,proximal,NX16_1_P20
0.7249999999999994,-75.0,proximal,NX16_1_P20
0.7499999999999993,-75.0,proximal,NX16_1_P20
0.7749999999999992,-75.0,proximal,NX16_1_P20
0.7999999999999992,-75.0,proximal,NX16_1_P20
0.8249999999999991,-75.0,proximal,NX16_1_P20
0.849999999999999,-75.0,proximal,NX16_1_P20
0.8749999999999989,-75.0,proximal,NX16_1_P20
0.8999999999999988,-75.0,proximal,NX16_1_P20
0.9249999999999988,-75.0,proximal,NX16_1_P20
0.9499999999999986,-75.0,proximal,NX16_1_P20
0.9749999999999984,-75.0,proximal,NX16_1_P20
0.9999999999999984,-75.0,proximal,NX16_1_P20
1.0249999999999984,-75.0,proximal,NX16_1_P20
1.0499999999999985,-75.0,proximal,NX16_1_P20
1.0749999999999982,-75.0,proximal,NX16_1_P20
1.099999999999998,-75.0,proximal,NX16_1_P20
1.124999999999998,-75.0,proximal,NX16_1_P20
1.149999999999998,-75.0,proximal,NX16_1_P20
1.1749999999999978,-75.0,proximal,NX16_1_P20
1.1999999999999975,-75.0,proximal,NX16_1_P20
1.2249999999999976,-75.0,proximal,NX16_1_P20
1.2499999999999976,-75.0,proximal,NX16_1_P20
1.2749999999999977,-75.0,proximal,NX16_1_P20
1.2999999999999974,-75.0,proximal,NX16_1_P20
1.3249999999999973,-75.0,proximal,NX16_1_P20
1.3499999999999972,-75.0,proximal,NX16_1_P20
1.3749999999999971,-75.0,proximal,NX16_1_P20
1.399999999999997,-75.0,proximal,NX16_1_P20
1.424999999999997,-75.0,proximal,NX16_1_P20
1.4499999999999968,-75.0,proximal,NX16_1_P20
1.4749999999999968,-75.0,proximal,NX16_1_P20
1.499999999999997,-75.0,proximal,NX16_1_P20
1.5249999999999966,-75.0,proximal,NX16_1_P20
1.5499999999999965,-75.0,proximal,NX16_1_P20
1.5749999999999964,-75.0,proximal,NX16_1_P20
1.5999999999999963,-75.0,proximal,NX16_1_P20
1.6249999999999962,-75.0,proximal,NX16_1_P20
1.649999999999996,-75.0,proximal,NX16_1_P20
1.674999999999996,-75.0,proximal,NX16_1_P20
1.699999999999996,-75.0,proximal,NX16_1_P20
1.724999999999996,-75.0,proximal,NX16_1_P20
1.7499999999999958,-75.0,proximal,NX16_1_P20
1.7749999999999957,-75.0,proximal,NX16_1_P20
1.7999999999999956,-75.0,proximal,NX16_1_P20
1.8249999999999955,-75.0,proximal,NX16_1_P20
1.8499999999999956,-75.0,proximal,NX16_1_P20
1.8749999999999956,-75.0,proximal,NX16_1_P20
1.8999999999999952,-75.0,proximal,NX16_1_P20
1.9249999999999952,-75.0,proximal,NX16_1_P20
1.949999999999995,-75.0,proximal,NX16_1_P20
1.974999999999995,-75.0,proximal,NX16_1_P20
1.999999999999995,-75.0,proximal,NX16_1_P20
2.024999999999995,-75.0,proximal,NX16_1_P20
2.0499999999999954,-75.0,proximal,NX16_1_P20
2.074999999999996,-75.0,proximal,NX16_1_P20
2.099999999999996,-75.0,proximal,NX16_1_P20
2.1249999999999964,-75.0,proximal,NX16_1_P20
2.149999999999997,-75.0,proximal,NX16_1_P20
2.174999999999997,-75.0,proximal,NX16_1_P20
2.199999999999997,-75.0,proximal,NX16_1_P20
2.224999999999998,-75.0,proximal,NX16_1_P20
2.2499999999999982,-75.0,proximal,NX16_1_P20
2.2749999999999986,-75.0,proximal,NX16_1_P20
2.299999999999999,-75.0,proximal,NX16_1_P20
2.3249999999999997,-75.0,proximal,NX16_1_P20
2.35,-75.0,proximal,NX16_1_P20
2.375,-75.0,proximal,NX16_1_P20
2.4000000000000004,-75.0,proximal,NX16_1_P20
2.4250000000000007,-75.0,proximal,NX16_1_P20
2.450000000000001,-75.0,proximal,NX16_1_P20
2.4750000000000014,-75.0,proximal,NX16_1_P20
2.5000000000000018,-75.0,proximal,NX16_1_P20
2.525000000000002,-75.0,proximal,NX16_1_P20
2.5500000000000025,-75.0,proximal,NX16_1_P20
2.575000000000003,-75.0,proximal,NX16_1_P20
2.600000000000003,-75.0,proximal,NX16_1_P20
2.625000000000004,-75.0,proximal,NX16_1_P20
2.650000000000004,-75.0,proximal,NX16_1_P20
2.6750000000000043,-75.0,proximal,NX16_1_P20
2.7000000000000046,-75.0,proximal,NX16_1_P20
2.725000000000005,-75.0,proximal,NX16_1_P20
2.7500000000000053,-75.0,proximal,NX16_1_P20
2.7750000000000057,-75.0,proximal,NX16_1_P20
2.800000000000006,-75.0,proximal,NX16_1_P20
2.8250000000000064,-75.0,proximal,NX16_1_P20
2.8500000000000068,-75.0,proximal,NX16_1_P20
2.875000000000007,-75.0,proximal,NX16_1_P20
2.9000000000000075,-75.0,proximal,NX16_1_P20
2.925000000000008,-75.0,proximal,NX16_1_P20
2.950000000000008,-75.0,proximal,NX16_1_P20
2.9750000000000085,-75.0,proximal,NX16_1_P20
3.000000000000009,-75.0,proximal,NX16_1_P20
3.025000000000009,-75.0,proximal,NX16_1_P20
3.0500000000000096,-75.0,proximal,NX16_1_P20
3.07500000000001,-75.0,proximal,NX16_1_P20
3.1000000000000103,-75.0,proximal,NX16_1_P20
3.1250000000000107,-75.0,proximal,NX16_1_P20
3.150000000000011,-75.0,proximal,NX16_1_P20
3.175000000000012,-75.0,proximal,NX16_1_P20
3.200000000000012,-75.0,proximal,NX16_1_P20
3.225000000000012,-75.0,proximal,NX16_1_P20
3.2500000000000124,-75.0,proximal,NX16_1_P20
3.275000000000013,-75.0,proximal,NX16_1_P20
3.300000000000013,-75.0,proximal,NX16_1_P20
3.325000000000013,-75.0,proximal,NX16_1_P20
3.350000000000014,-75.0,proximal,NX16_1_P20
3.375000000000014,-75.0,proximal,NX16_1_P20
3.4000000000000146,-75.0,proximal,NX16_1_P20
3.425000000000015,-75.0,proximal,NX16_1_P20
3.4500000000000157,-75.0,proximal,NX16_1_P20
3.475000000000016,-75.0,proximal,NX16_1_P20
3.500000000000016,-75.0,proximal,NX16_1_P20
3.5250000000000163,-75.0,proximal,NX16_1_P20
3.5500000000000167,-75.0,proximal,NX16_1_P20
3.575000000000017,-75.0,proximal,NX16_1_P20
3.6000000000000174,-75.0,proximal,NX16_1_P20
3.6250000000000178,-75.0,proximal,NX16_1_P20
3.650000000000018,-75.0,proximal,NX16_1_P20
3.6750000000000185,-75.0,proximal,NX16_1_P20
3.700000000000019,-75.0,proximal,NX16_1_P20
3.725000000000019,-75.0,proximal,NX16_1_P20
3.75000000000002,-75.0,proximal,NX16_1_P20
3.77500000000002,-75.0,proximal,NX16_1_P20
3.80000000000002,-75.0,proximal,NX16_1_P20
3.8250000000000206,-75.0,proximal,NX16_1_P20
3.850000000000021,-75.0,proximal,NX16_1_P20
3.875000000000021,-75.0,proximal,NX16_1_P20
3.9000000000000217,-75.0,proximal,NX16_1_P20
3.925000000000022,-75.0,proximal,NX16_1_P20
3.9500000000000224,-75.0,proximal,NX16_1_P20
3.975000000000023,-75.0,proximal,NX16_1_P20
4.000000000000023,-75.0,proximal,NX16_1_P20
4.025000000000024,-75.0,proximal,NX16_1_P20
4.050000000000024,-75.0,proximal,NX16_1_P20
4.075000000000024,-75.0,proximal,NX16_1_P20
4.1000000000000245,-75.0,proximal,NX16_1_P20
4.125000000000025,-75.0,proximal,NX16_1_P20
4.150000000000025,-75.0,proximal,NX16_1_P20
4.175000000000026,-75.0,proximal,NX16_1_P20
4.200000000000026,-75.0,proximal,NX16_1_P20
4.225000000000026,-75.0,proximal,NX16_1_P20
4.250000000000027,-75.0,proximal,NX16_1_P20
4.275000000000027,-75.0,proximal,NX16_1_P20
4.300000000000027,-75.0,proximal,NX16_1_P20
4.325000000000028,-75.0,proximal,NX16_1_P20
4.350000000000028,-75.0,proximal,NX16_1_P20
4.375000000000028,-75.0,proximal,NX16_1_P20
4.400000000000029,-75.0,proximal,NX16_1_P20
4.425000000000029,-75.0,proximal,NX16_1_P20
4.4500000000000295,-75.0,proximal,NX16_1_P20
4.47500000000003,-75.0,proximal,NX16_1_P20
4.50000000000003,-75.0,proximal,NX16_1_P20
4.525000000000031,-75.0,proximal,NX16_1_P20
4.550000000000031,-75.0,proximal,NX16_1_P20
4.575000000000031,-75.0,proximal,NX16_1_P20
4.600000000000032,-75.0,proximal,NX16_1_P20
4.625000000000032,-75.0,proximal,NX16_1_P20
4.650000000000032,-75.0,proximal,NX16_1_P20
4.675000000000033,-75.0,proximal,NX16_1_P20
4.700000000000033,-75.0,proximal,NX16_1_P20
4.725000000000033,-75.0,proximal,NX16_1_P20
4.750000000000034,-75.0,proximal,NX16_1_P20
4.775000000000034,-75.0,proximal,NX16_1_P20
4.8000000000000345,-75.0,proximal,NX16_1_P20
4.825000000000035,-75.0,proximal,NX16_1_P20
4.850000000000035,-75.0,proximal,NX16_1_P20
4.875000000000036,-75.0,proximal,NX16_1_P20
4.900000000000036,-75.0,proximal,NX16_1_P20
4.925000000000036,-75.0,proximal,NX16_1_P20
4.950000000000037,-75.0,proximal,NX16_1_P20
4.975000000000037,-75.0,proximal,NX16_1_P20
5.000000000000037,-75.0,proximal,NX16_1_P20
5.025000000000038,-75.0,proximal,NX16_1_P20
5.050000000000038,-75.0,proximal,NX16_1_P20
5.075000000000038,-75.0,proximal,NX16_1_P20
5.100000000000039,-75.0,proximal,NX16_1_P20
5.125000000000039,-75.0,proximal,NX16_1_P20
5.150000000000039,-75.0,proximal,NX16_1_P20
5.17500000000004,-75.0,proximal,NX16_1_P20
5.20000000000004,-75.0,proximal,NX16_1_P20
5.2250000000000405,-75.0,proximal,NX16_1_P20
5.250000000000041,-75.0,proximal,NX16_1_P20
5.275000000000041,-75.0,proximal,NX16_1_P20
5.300000000000042,-75.0,proximal,NX16_1_P20
5.325000000000042,-75.0,proximal,NX16_1_P20
5.350000000000042,-75.0,proximal,NX16_1_P20
5.375000000000043,-75.0,proximal,NX16_1_P20
5.400000000000043,-75.0,proximal,NX16_1_P20
5.425000000000043,-75.0,proximal,NX16_1_P20
5.450000000000044,-75.0,proximal,NX16_1_P20
5.475000000000044,-75.0,proximal,NX16_1_P20
5.500000000000044,-75.0,proximal,NX16_1_P20
5.525000000000045,-75.0,proximal,NX16_1_P20
5.550000000000045,-75.0,proximal,NX16_1_P20
5.5750000000000455,-75.0,proximal,NX16_1_P20
5.600000000000046,-75.0,proximal,NX16_1_P20
5.625000000000046,-75.0,proximal,NX16_1_P20
5.650000000000047,-75.0,proximal,NX16_1_P20
5.675000000000047,-75.0,proximal,NX16_1_P20
5.700000000000047,-75.0,proximal,NX16_1_P20
5.725000000000048,-75.0,proximal,NX16_1_P20
5.750000000000048,-75.0,proximal,NX16_1_P20
5.775000000000048,-75.0,proximal,NX16_1_P20
5.800000000000049,-75.0,proximal,NX16_1_P20
5.825000000000049,-75.0,proximal,NX16_1_P20
5.850000000000049,-75.0,proximal,NX16_1_P20
5.87500000000005,-75.0,proximal,NX16_1_P20
5.90000000000005,-75.0,proximal,NX16_1_P20
5.92500000000005,-75.0,proximal,NX16_1_P20
5.950000000000051,-75.0,proximal,NX16_1_P20
5.975000000000051,-75.0,proximal,NX16_1_P20
6.000000000000052,-75.0,proximal,NX16_1_P20
6.025000000000052,-75.0,proximal,NX16_1_P20
6.050000000000052,-75.0,proximal,NX16_1_P20
6.075000000000053,-75.0,proximal,NX16_1_P20
6.100000000000053,-75.0,proximal,NX16_1_P20
6.125000000000053,-75.0,proximal,NX16_1_P20
6.150000000000054,-75.0,proximal,NX16_1_P20
6.175000000000054,-75.0,proximal,NX16_1_P20
6.200000000000054,-75.0,proximal,NX16_1_P20
6.225000000000055,-75.0,proximal,NX16_1_P20
6.250000000000055,-75.0,proximal,NX16_1_P20
6.275000000000055,-75.0,proximal,NX16_1_P20
6.300000000000056,-75.0,proximal,NX16_1_P20
6.325000000000056,-75.0,proximal,NX16_1_P20
6.3500000000000565,-75.0,proximal,NX16_1_P20
6.375000000000057,-75.0,proximal,NX16_1_P20
6.400000000000057,-75.0,proximal,NX16_1_P20
6.4250000000000576,-75.0,proximal,NX16_1_P20
6.450000000000058,-75.0,proximal,NX16_1_P20
6.475000000000058,-75.0,proximal,NX16_1_P20
6.500000000000059,-75.0,proximal,NX16_1_P20
6.525000000000059,-75.0,proximal,NX16_1_P20
6.550000000000059,-75.0,proximal,NX16_1_P20
6.57500000000006,-75.0,proximal,NX16_1_P20
6.60000000000006,-75.0,proximal,NX16_1_P20
6.62500000000006,-75.0,proximal,NX16_1_P20
6.650000000000061,-75.0,proximal,NX16_1_P20
6.675000000000061,-75.0,proximal,NX16_1_P20
6.7000000000000615,-75.0,proximal,NX16_1_P20
6.725000000000062,-75.0,proximal,NX16_1_P20
6.750000000000062,-75.0,proximal,NX16_1_P20
6.775000000000063,-75.0,proximal,NX16_1_P20
6.800000000000063,-75.0,proximal,NX16_1_P20
6.825000000000063,-75.0,proximal,NX16_1_P20
6.850000000000064,-75.0,proximal,NX16_1_P20
6.875000000000064,-75.0,proximal,NX16_1_P20
6.900000000000064,-75.0,proximal,NX16_1_P20
6.925000000000065,-75.0,proximal,NX16_1_P20
6.950000000000065,-75.0,proximal,NX16_1_P20
6.975000000000065,-75.0,proximal,NX16_1_P20
7.000000000000066,-75.0,proximal,NX16_1_P20
7.025000000000066,-75.0,proximal,NX16_1_P20
7.050000000000066,-75.0,proximal,NX16_1_P20
7.075000000000067,-75.0,proximal,NX16_1_P20
7.100000000000067,-75.0,proximal,NX16_1_P20
7.125000000000068,-75.0,proximal,NX16_1_P20
7.150000000000068,-75.0,proximal,NX16_1_P20
7.175000000000068,-75.0,proximal,NX16_1_P20
7.200000000000069,-75.0,proximal,NX16_1_P20
7.225000000000069,-75.0,proximal,NX16_1_P20
7.250000000000069,-75.0,proximal,NX16_1_P20
7.27500000000007,-75.0,proximal,NX16_1_P20
7.30000000000007,-75.0,proximal,NX16_1_P20
7.32500000000007,-75.0,proximal,NX16_1_P20
7.350000000000071,-75.0,proximal,NX16_1_P20
7.375000000000071,-75.0,proximal,NX16_1_P20
7.400000000000071,-75.0,proximal,NX16_1_P20
7.425000000000072,-75.0,proximal,NX16_1_P20
7.450000000000072,-75.0,proximal,NX16_1_P20
7.475000000000072,-75.0,proximal,NX16_1_P20
7.500000000000073,-75.0,proximal,NX16_1_P20
7.525000000000073,-75.0,proximal,NX16_1_P20
7.5500000000000735,-75.0,proximal,NX16_1_P20
7.575000000000074,-75.0,proximal,NX16_1_P20
7.600000000000074,-75.0,proximal,NX16_1_P20
7.625000000000075,-75.0,proximal,NX16_1_P20
7.650000000000075,-75.0,proximal,NX16_1_P20
7.675000000000075,-75.0,proximal,NX16_1_P20
7.700000000000076,-75.0,proximal,NX16_1_P20
7.725000000000076,-75.0,proximal,NX16_1_P20
7.750000000000076,-75.0,proximal,NX16_1_P20
7.775000000000077,-75.0,proximal,NX16_1_P20
7.800000000000077,-75.0,proximal,NX16_1_P20
7.825000000000077,-75.0,proximal,NX16_1_P20
7.850000000000078,-75.0,proximal,NX16_1_P20
7.875000000000078,-75.0,proximal,NX16_1_P20
7.9000000000000785,-75.0,proximal,NX16_1_P20
7.925000000000079,-75.0,proximal,NX16_1_P20
7.950000000000079,-75.0,proximal,NX16_1_P20
7.97500000000008,-75.0,proximal,NX16_1_P20
8.00000000000008,-75.0,proximal,NX16_1_P20
8.025000000000079,-75.0,proximal,NX16_1_P20
8.050000000000077,-75.0,proximal,NX16_1_P20
8.075000000000076,-75.0,proximal,NX16_1_P20
8.100000000000074,-75.0,proximal,NX16_1_P20
8.125000000000073,-75.0,proximal,NX16_1_P20
8.150000000000071,-75.0,proximal,NX16_1_P20
8.17500000000007,-75.0,proximal,NX16_1_P20
8.200000000000069,-75.0,proximal,NX16_1_P20
8.225000000000067,-75.0,proximal,NX16_1_P20
8.250000000000066,-75.0,proximal,NX16_1_P20
8.275000000000064,-75.0,proximal,NX16_1_P20
8.300000000000063,-75.0,proximal,NX16_1_P20
8.325000000000061,-75.0,proximal,NX16_1_P20
8.35000000000006,-75.0,proximal,NX16_1_P20
8.375000000000059,-75.0,proximal,NX16_1_P20
8.400000000000057,-75.0,proximal,NX16_1_P20
8.425000000000056,-75.0,proximal,NX16_1_P20
8.450000000000054,-75.0,proximal,NX16_1_P20
8.475000000000053,-75.0,proximal,NX16_1_P20
8.500000000000052,-75.0,proximal,NX16_1_P20
8.52500000000005,-75.0,proximal,NX16_1_P20
8.550000000000049,-75.0,proximal,NX16_1_P20
8.575000000000047,-75.0,proximal,NX16_1_P20
8.600000000000046,-75.0,proximal,NX16_1_P20
8.625000000000044,-75.0,proximal,NX16_1_P20
8.650000000000043,-75.0,proximal,NX16_1_P20
8.675000000000042,-75.0,proximal,NX16_1_P20
8.70000000000004,-75.0,proximal,NX16_1_P20
8.725000000000039,-75.0,proximal,NX16_1_P20
8.750000000000037,-75.0,proximal,NX16_1_P20
8.775000000000036,-75.0,proximal,NX16_1_P20
8.800000000000034,-75.0,proximal,NX16_1_P20
8.825000000000033,-75.0,proximal,NX16_1_P20
8.850000000000032,-75.0,proximal,NX16_1_P20
8.87500000000003,-75.0,proximal,NX16_1_P20
8.900000000000029,-75.0,proximal,NX16_1_P20
8.925000000000027,-75.0,proximal,NX16_1_P20
8.950000000000026,-75.0,proximal,NX16_1_P20
8.975000000000025,-75.0,proximal,NX16_1_P20
9.000000000000023,-75.0,proximal,NX16_1_P20
9.025000000000022,-75.0,proximal,NX16_1_P20
9.05000000000002,-75.0,proximal,NX16_1_P20
9.07500000000002,-75.0,proximal,NX16_1_P20
9.100000000000016,-75.0,proximal,NX16_1_P20
9.125000000000016,-75.0,proximal,NX16_1_P20
9.150000000000016,-75.0,proximal,NX16_1_P20
9.175000000000011,-75.0,proximal,NX16_1_P20
9.200000000000012,-75.0,proximal,NX16_1_P20
9.22500000000001,-75.0,proximal,NX16_1_P20
9.250000000000009,-75.0,proximal,NX16_1_P20
9.275000000000007,-75.0,proximal,NX16_1_P20
9.300000000000006,-75.0,proximal,NX16_1_P20
9.325000000000005,-75.0,proximal,NX16_1_P20
9.350000000000003,-75.0,proximal,NX16_1_P20
9.375000000000002,-75.0,proximal,NX16_1_P20
9.4,-75.0,proximal,NX16_1_P20
9.425,-75.0,proximal,NX16_1_P20
9.449999999999998,-75.0,proximal,NX16_1_P20
9.474999999999996,-75.0,proximal,NX16_1_P20
9.499999999999996,-75.0,proximal,NX16_1_P20
9.524999999999991,-75.0,proximal,NX16_1_P20
9.549999999999992,-75.0,proximal,NX16_1_P20
9.57499999999999,-75.0,proximal,NX16_1_P20
9.599999999999987,-75.0,proximal,NX16_1_P20
9.624999999999988,-75.0,proximal,NX16_1_P20
9.649999999999986,-75.0,proximal,NX16_1_P20
9.674999999999985,-75.0,proximal,NX16_1_P20
9.699999999999983,-75.0,proximal,NX16_1_P20
9.724999999999982,-75.0,proximal,NX16_1_P20
9.74999999999998,-75.0,proximal,NX16_1_P20
9.77499999999998,-75.0,proximal,NX16_1_P20
9.799999999999978,-75.0,proximal,NX16_1_P20
9.824999999999976,-75.0,proximal,NX16_1_P20
9.849999999999977,-75.0,proximal,NX16_1_P20
9.874999999999972,-75.0,proximal,NX16_1_P20
9.899999999999972,-75.0,proximal,NX16_1_P20
9.92499999999997,-75.0,proximal,NX16_1_P20
9.949999999999967,-75.0,proximal,NX16_1_P20
9.974999999999968,-75.0,proximal,NX16_1_P20
9.999999999999966,-75.0,proximal,NX16_1_P20
10.024999999999965,-75.0,proximal,NX16_1_P20
10.049999999999963,-75.0,proximal,NX16_1_P20
10.074999999999962,-75.0,proximal,NX16_1_P20
10.09999999999996,-75.0,proximal,NX16_1_P20
10.12499999999996,-75.0,proximal,NX16_1_P20
10.149999999999958,-75.0,proximal,NX16_1_P20
10.174999999999956,-75.0,proximal,NX16_1_P20
10.199999999999957,-75.0,proximal,NX16_1_P20
10.224999999999952,-75.0,proximal,NX16_1_P20
10.249999999999952,-75.0,proximal,NX16_1_P20
10.27499999999995,-75.0,proximal,NX16_1_P20
10.29999999999995,-75.0,proximal,NX16_1_P20
10.324999999999948,-75.0,proximal,NX16_1_P20
10.349999999999946,-75.0,proximal,NX16_1_P20
10.374999999999943,-75.0,proximal,NX16_1_P20
10.399999999999944,-75.0,proximal,NX16_1_P20
10.424999999999942,-75.0,proximal,NX16_1_P20
10.44999999999994,-75.0,proximal,NX16_1_P20
10.47499999999994,-75.0,proximal,NX16_1_P20
10.499999999999938,-75.0,proximal,NX16_1_P20
10.524999999999936,-75.0,proximal,NX16_1_P20
10.549999999999937,-75.0,proximal,NX16_1_P20
10.574999999999934,-75.0,proximal,NX16_1_P20
10.599999999999932,-75.0,proximal,NX16_1_P20
10.62499999999993,-75.0,proximal,NX16_1_P20
10.64999999999993,-75.0,proximal,NX16_1_P20
10.674999999999928,-75.0,proximal,NX16_1_P20
10.699999999999926,-75.0,proximal,NX16_1_P20
10.724999999999923,-75.0,proximal,NX16_1_P20
10.749999999999924,-75.0,proximal,NX16_1_P20
10.774999999999922,-75.0,proximal,NX16_1_P20
10.79999999999992,-75.0,proximal,NX16_1_P20
10.82499999999992,-75.0,proximal,NX16_1_P20
10.849999999999918,-75.0,proximal,NX16_1_P20
10.874999999999917,-75.0,proximal,NX16_1_P20
10.899999999999917,-75.0,proximal,NX16_1_P20
10.924999999999914,-75.0,proximal,NX16_1_P20
10.949999999999912,-75.0,proximal,NX16_1_P20
10.97499999999991,-75.0,proximal,NX16_1_P20
10.99999999999991,-75.0,proximal,NX16_1_P20
11.024999999999908,-75.0,proximal,NX16_1_P20
11.049999999999908,-75.0,proximal,NX16_1_P20
11.074999999999903,-75.0,proximal,NX16_1_P20
11.099999999999904,-75.0,proximal,NX16_1_P20
11.124999999999902,-75.0,proximal,NX16_1_P20
11.1499999999999,-75.0,proximal,NX16_1_P20
11.1749999999999,-75.0,proximal,NX16_1_P20
11.199999999999898,-75.0,proximal,NX16_1_P20
11.224999999999897,-75.0,proximal,NX16_1_P20
11.249999999999895,-75.0,proximal,NX16_1_P20
11.274999999999894,-75.0,proximal,NX16_1_P20
11.299999999999892,-75.0,proximal,NX16_1_P20
11.324999999999893,-75.0,proximal,NX16_1_P20
11.34999999999989,-75.0,proximal,NX16_1_P20
11.374999999999888,-75.0,proximal,NX16_1_P20
11.399999999999888,-75.0,proximal,NX16_1_P20
11.424999999999883,-75.0,proximal,NX16_1_P20
11.449999999999884,-75.0,proximal,NX16_1_P20
11.474999999999882,-75.0,proximal,NX16_1_P20
11.49999999999988,-75.0,proximal,NX16_1_P20
11.52499999999988,-75.0,proximal,NX16_1_P20
11.549999999999878,-75.0,proximal,NX16_1_P20
11.574999999999877,-75.0,proximal,NX16_1_P20
11.599999999999875,-75.0,proximal,NX16_1_P20
11.624999999999874,-75.0,proximal,NX16_1_P20
11.649999999999872,-75.0,proximal,NX16_1_P20
11.674999999999873,-75.0,proximal,NX16_1_P20
11.69999999999987,-75.0,proximal,NX16_1_P20
11.724999999999868,-75.0,proximal,NX16_1_P20
11.749999999999869,-75.0,proximal,NX16_1_P20
11.774999999999864,-75.0,proximal,NX16_1_P20
11.799999999999864,-75.0,proximal,NX16_1_P20
11.824999999999864,-75.0,proximal,NX16_1_P20
11.84999999999986,-75.0,proximal,NX16_1_P20
11.87499999999986,-75.0,proximal,NX16_1_P20
11.899999999999858,-75.0,proximal,NX16_1_P20
11.924999999999857,-75.0,proximal,NX16_1_P20
11.949999999999855,-75.0,proximal,NX16_1_P20
11.974999999999854,-75.0,proximal,NX16_1_P20
11.999999999999853,-75.0,proximal,NX16_1_P20
12.024999999999851,-75.0,proximal,NX16_1_P20
12.04999999999985,-75.0,proximal,NX16_1_P20
12.074999999999848,-75.0,proximal,NX16_1_P20
12.099999999999849,-75.0,proximal,NX16_1_P20
12.124999999999844,-75.0,proximal,NX16_1_P20
12.149999999999844,-75.0,proximal,NX16_1_P20
12.174999999999844,-75.0,proximal,NX16_1_P20
12.19999999999984,-75.0,proximal,NX16_1_P20
12.22499999999984,-75.0,proximal,NX16_1_P20
12.249999999999838,-75.0,proximal,NX16_1_P20
12.274999999999835,-75.0,proximal,NX16_1_P20
12.299999999999836,-75.0,proximal,NX16_1_P20
12.324999999999834,-75.0,proximal,NX16_1_P20
12.349999999999833,-75.0,proximal,NX16_1_P20
12.374999999999831,-75.0,proximal,NX16_1_P20
12.39999999999983,-75.0,proximal,NX16_1_P20
12.424999999999828,-75.0,proximal,NX16_1_P20
12.449999999999829,-75.0,proximal,NX16_1_P20
12.474999999999826,-75.0,proximal,NX16_1_P20
12.499999999999824,-75.0,proximal,NX16_1_P20
12.524999999999824,-75.0,proximal,NX16_1_P20
12.54999999999982,-75.0,proximal,NX16_1_P20
12.57499999999982,-75.0,proximal,NX16_1_P20
12.599999999999818,-75.0,proximal,NX16_1_P20
12.624999999999815,-75.0,proximal,NX16_1_P20
12.649999999999816,-75.0,proximal,NX16_1_P20
12.674999999999814,-75.0,proximal,NX16_1_P20
12.699999999999813,-75.0,proximal,NX16_1_P20
12.724999999999811,-75.0,proximal,NX16_1_P20
12.74999999999981,-75.0,proximal,NX16_1_P20
12.774999999999809,-75.0,proximal,NX16_1_P20
12.799999999999809,-75.0,proximal,NX16_1_P20
12.824999999999806,-75.0,proximal,NX16_1_P20
12.849999999999804,-75.0,proximal,NX16_1_P20
12.874999999999805,-75.0,proximal,NX16_1_P20
12.8999999999998,-75.0,proximal,NX16_1_P20
12.9249999999998,-75.0,proximal,NX16_1_P20
12.9499999999998,-75.0,proximal,NX16_1_P20
12.974999999999795,-75.0,proximal,NX16_1_P20
12.999999999999796,-75.0,proximal,NX16_1_P20
13.024999999999794,-75.0,proximal,NX16_1_P20
13.049999999999793,-75.0,proximal,NX16_1_P20
13.074999999999791,-75.0,proximal,NX16_1_P20
13.09999999999979,-75.0,proximal,NX16_1_P20
13.124999999999789,-75.0,proximal,NX16_1_P20
13.149999999999787,-75.0,proximal,NX16_1_P20
13.174999999999786,-75.0,proximal,NX16_1_P20
13.199999999999784,-75.0,proximal,NX16_1_P20
13.224999999999785,-75.0,proximal,NX16_1_P20
13.249999999999782,-75.0,proximal,NX16_1_P20
13.27499999999978,-75.0,proximal,NX16_1_P20
13.29999999999978,-75.0,proximal,NX16_1_P20
13.324999999999775,-75.0,proximal,NX16_1_P20
13.349999999999776,-75.0,proximal,NX16_1_P20
13.374999999999774,-75.0,proximal,NX16_1_P20
13.399999999999771,-75.0,proximal,NX16_1_P20
13.424999999999772,-75.0,proximal,NX16_1_P20
13.44999999999977,-75.0,proximal,NX16_1_P20
13.474999999999769,-75.0,proximal,NX16_1_P20
13.499999999999767,-75.0,proximal,NX16_1_P20
13.524999999999766,-75.0,proximal,NX16_1_P20
13.549999999999764,-75.0,proximal,NX16_1_P20
13.574999999999765,-75.0,proximal,NX16_1_P20
13.599999999999762,-75.0,proximal,NX16_1_P20
13.62499999999976,-75.0,proximal,NX16_1_P20
13.64999999999976,-75.0,proximal,NX16_1_P20
13.674999999999756,-75.0,proximal,NX16_1_P20
13.699999999999756,-75.0,proximal,NX16_1_P20
13.724999999999756,-75.0,proximal,NX16_1_P20
13.749999999999751,-75.0,proximal,NX16_1_P20
13.774999999999752,-75.0,proximal,NX16_1_P20
13.79999999999975,-75.0,proximal,NX16_1_P20
13.824999999999749,-75.0,proximal,NX16_1_P20
13.849999999999747,-75.0,proximal,NX16_1_P20
13.874999999999746,-75.0,proximal,NX16_1_P20
13.899999999999745,-75.0,proximal,NX16_1_P20
13.924999999999743,-75.0,proximal,NX16_1_P20
13.949999999999742,-75.0,proximal,NX16_1_P20
13.97499999999974,-75.0,proximal,NX16_1_P20
13.99999999999974,-75.0,proximal,NX16_1_P20
14.024999999999736,-75.0,proximal,NX16_1_P20
14.049999999999736,-75.0,proximal,NX16_1_P20
14.074999999999736,-75.0,proximal,NX16_1_P20
14.099999999999731,-75.0,proximal,NX16_1_P20
14.124999999999732,-75.0,proximal,NX16_1_P20
14.14999999999973,-75.0,proximal,NX16_1_P20
14.174999999999727,-75.0,proximal,NX16_1_P20
14.199999999999728,-75.0,proximal,NX16_1_P20
14.224999999999726,-75.0,proximal,NX16_1_P20
14.249999999999725,-75.0,proximal,NX16_1_P20
14.274999999999723,-75.0,proximal,NX16_1_P20
14.299999999999722,-75.0,proximal,NX16_1_P20
14.32499999999972,-75.0,proximal,NX16_1_P20
14.34999999999972,-75.0,proximal,NX16_1_P20
14.374999999999718,-75.0,proximal,NX16_1_P20
14.399999999999716,-75.0,proximal,NX16_1_P20
14.424999999999716,-75.0,proximal,NX16_1_P20
14.449999999999712,-75.0,proximal,NX16_1_P20
14.474999999999712,-75.0,proximal,NX16_1_P20
14.49999999999971,-75.0,proximal,NX16_1_P20
14.524999999999707,-75.0,proximal,NX16_1_P20
14.549999999999708,-75.0,proximal,NX16_1_P20
14.574999999999706,-75.0,proximal,NX16_1_P20
14.599999999999705,-75.0,proximal,NX16_1_P20
14.624999999999703,-75.0,proximal,NX16_1_P20
14.649999999999702,-75.0,proximal,NX16_1_P20
14.6749999999997,-75.0,proximal,NX16_1_P20
14.6999999999997,-75.0,proximal,NX16_1_P20
14.724999999999698,-75.0,proximal,NX16_1_P20
14.749999999999696,-75.0,proximal,NX16_1_P20
14.774999999999697,-75.0,proximal,NX16_1_P20
14.799999999999692,-75.0,proximal,NX16_1_P20
14.824999999999692,-75.0,proximal,NX16_1_P20
14.84999999999969,-75.0,proximal,NX16_1_P20
14.87499999999969,-75.0,proximal,NX16_1_P20
14.899999999999688,-75.0,proximal,NX16_1_P20
14.924999999999686,-75.0,proximal,NX16_1_P20
14.949999999999685,-75.0,proximal,NX16_1_P20
14.974999999999683,-75.0,proximal,NX16_1_P20
14.999999999999682,-75.0,proximal,NX16_1_P20
15.02499999999968,-75.0,proximal,NX16_1_P20
15.04999999999968,-75.0,proximal,NX16_1_P20
15.074999999999678,-75.0,proximal,NX16_1_P20
15.099999999999676,-75.0,proximal,NX16_1_P20
15.124999999999677,-75.0,proximal,NX16_1_P20
15.149999999999674,-75.0,proximal,NX16_1_P20
15.174999999999672,-75.0,proximal,NX16_1_P20
15.19999999999967,-75.0,proximal,NX16_1_P20
15.22499999999967,-75.0,proximal,NX16_1_P20
15.249999999999668,-75.0,proximal,NX16_1_P20
15.274999999999666,-75.0,proximal,NX16_1_P20
15.299999999999663,-75.0,proximal,NX16_1_P20
15.324999999999664,-75.0,proximal,NX16_1_P20
15.349999999999662,-75.0,proximal,NX16_1_P20
15.37499999999966,-75.0,proximal,NX16_1_P20
15.39999999999966,-75.0,proximal,NX16_1_P20
15.424999999999658,-75.0,proximal,NX16_1_P20
15.449999999999656,-75.0,proximal,NX16_1_P20
15.474999999999657,-75.0,proximal,NX16_1_P20
15.499999999999654,-75.0,proximal,NX16_1_P20
15.524999999999652,-75.0,proximal,NX16_1_P20
15.54999999999965,-75.0,proximal,NX16_1_P20
15.57499999999965,-75.0,proximal,NX16_1_P20
15.599999999999648,-75.0,proximal,NX16_1_P20
15.624999999999648,-75.0,proximal,NX16_1_P20
15.649999999999643,-75.0,proximal,NX16_1_P20
15.674999999999644,-75.0,proximal,NX16_1_P20
15.699999999999642,-75.0,proximal,NX16_1_P20
15.72499999999964,-75.0,proximal,NX16_1_P20
15.74999999999964,-75.0,proximal,NX16_1_P20
15.774999999999638,-75.0,proximal,NX16_1_P20
15.799999999999637,-75.0,proximal,NX16_1_P20
15.824999999999635,-75.0,proximal,NX16_1_P20
15.849999999999634,-75.0,proximal,NX16_1_P20
15.874999999999632,-75.0,proximal,NX16_1_P20
15.89999999999963,-75.0,proximal,NX16_1_P20
15.92499999999963,-75.0,proximal,NX16_1_P20
15.949999999999628,-75.0,proximal,NX16_1_P20
15.974999999999628,-75.0,proximal,NX16_1_P20
15.999999999999623,-75.0,proximal,NX16_1_P20
16.024999999999626,-75.0,proximal,NX16_1_P20
16.049999999999624,-75.0,proximal,NX16_1_P20
16.074999999999623,-75.0,proximal,NX16_1_P20
16.09999999999962,-75.0,proximal,NX16_1_P20
16.12499999999962,-75.0,proximal,NX16_1_P20
16.14999999999962,-75.0,proximal,NX16_1_P20
16.174999999999617,-75.0,proximal,NX16_1_P20
16.199999999999616,-75.0,proximal,NX16_1_P20
16.224999999999614,-75.0,proximal,NX16_1_P20
16.249999999999613,-75.0,proximal,NX16_1_P20
16.27499999999961,-75.0,proximal,NX16_1_P20
16.29999999999961,-75.0,proximal,NX16_1_P20
16.32499999999961,-75.0,proximal,NX16_1_P20
16.349999999999607,-75.0,proximal,NX16_1_P20
16.374999999999606,-75.0,proximal,NX16_1_P20
16.399999999999604,-75.0,proximal,NX16_1_P20
16.424999999999603,-75.0,proximal,NX16_1_P20
16.4499999999996,-75.0,proximal,NX16_1_P20
16.4749999999996,-75.0,proximal,NX16_1_P20
16.4999999999996,-75.0,proximal,NX16_1_P20
16.524999999999597,-75.0,proximal,NX16_1_P20
16.549999999999596,-75.0,proximal,NX16_1_P20
16.574999999999594,-75.0,proximal,NX16_1_P20
16.599999999999593,-75.0,proximal,NX16_1_P20
16.62499999999959,-75.0,proximal,NX16_1_P20
16.64999999999959,-75.0,proximal,NX16_1_P20
16.67499999999959,-75.0,proximal,NX16_1_P20
16.699999999999587,-75.0,proximal,NX16_1_P20
16.724999999999586,-75.0,proximal,NX16_1_P20
16.749999999999584,-75.0,proximal,NX16_1_P20
16.774999999999583,-75.0,proximal,NX16_1_P20
16.79999999999958,-75.0,proximal,NX16_1_P20
16.82499999999958,-75.0,proximal,NX16_1_P20
16.84999999999958,-75.0,proximal,NX16_1_P20
16.874999999999577,-75.0,proximal,NX16_1_P20
16.899999999999576,-75.0,proximal,NX16_1_P20
16.924999999999574,-75.0,proximal,NX16_1_P20
16.949999999999573,-75.0,proximal,NX16_1_P20
16.97499999999957,-75.0,proximal,NX16_1_P20
16.99999999999957,-75.0,proximal,NX16_1_P20
17.02499999999957,-75.0,proximal,NX16_1_P20
17.049999999999567,-75.0,proximal,NX16_1_P20
17.074999999999566,-75.0,proximal,NX16_1_P20
17.099999999999564,-75.0,proximal,NX16_1_P20
17.124999999999563,-75.0,proximal,NX16_1_P20
17.14999999999956,-75.0,proximal,NX16_1_P20
17.17499999999956,-75.0,proximal,NX16_1_P20
17.19999999999956,-75.0,proximal,NX16_1_P20
17.224999999999557,-75.0,proximal,NX16_1_P20
17.249999999999556,-75.0,proximal,NX16_1_P20
17.274999999999554,-75.0,proximal,NX16_1_P20
17.299999999999553,-75.0,proximal,NX16_1_P20
17.32499999999955,-75.0,proximal,NX16_1_P20
17.34999999999955,-75.0,proximal,NX16_1_P20
17.37499999999955,-75.0,proximal,NX16_1_P20
17.399999999999547,-75.0,proximal,NX16_1_P20
17.424999999999546,-75.0,proximal,NX16_1_P20
17.449999999999545,-75.0,proximal,NX16_1_P20
17.474999999999543,-75.0,proximal,NX16_1_P20
17.49999999999954,-75.0,proximal,NX16_1_P20
17.52499999999954,-75.0,proximal,NX16_1_P20
17.54999999999954,-75.0,proximal,NX16_1_P20
17.574999999999537,-75.0,proximal,NX16_1_P20
17.599999999999536,-75.0,proximal,NX16_1_P20
17.624999999999535,-75.0,proximal,NX16_1_P20
17.649999999999533,-75.0,proximal,NX16_1_P20
17.67499999999953,-75.0,proximal,NX16_1_P20
17.69999999999953,-75.0,proximal,NX16_1_P20
17.72499999999953,-75.0,proximal,NX16_1_P20
17.749999999999527,-75.0,proximal,NX16_1_P20
17.774999999999526,-75.0,proximal,NX16_1_P20
17.799999999999525,-75.0,proximal,NX16_1_P20
17.824999999999523,-75.0,proximal,NX16_1_P20
17.849999999999522,-75.0,proximal,NX16_1_P20
17.87499999999952,-75.0,proximal,NX16_1_P20
17.89999999999952,-75.0,proximal,NX16_1_P20
17.924999999999518,-75.0,proximal,NX16_1_P20
17.949999999999516,-75.0,proximal,NX16_1_P20
17.974999999999515,-75.0,proximal,NX16_1_P20
17.999999999999513,-75.0,proximal,NX16_1_P20
18.024999999999512,-75.0,proximal,NX16_1_P20
18.04999999999951,-75.0,proximal,NX16_1_P20
18.07499999999951,-75.0,proximal,NX16_1_P20
18.099999999999508,-75.0,proximal,NX16_1_P20
18.124999999999503,-75.0,proximal,NX16_1_P20
18.149999999999505,-75.0,proximal,NX16_1_P20
18.174999999999503,-75.0,proximal,NX16_1_P20
18.199999999999505,-75.0,proximal,NX16_1_P20
18.2249999999995,-75.0,proximal,NX16_1_P20
18.2499999999995,-75.0,proximal,NX16_1_P20
18.274999999999498,-75.0,proximal,NX16_1_P20
18.299999999999496,-75.0,proximal,NX16_1_P20
18.32499999999949,-75.0,proximal,NX16_1_P20
18.349999999999493,-75.0,proximal,NX16_1_P20
18.37499999999949,-75.0,proximal,NX16_1_P20
18.39999999999949,-75.0,proximal,NX16_1_P20
18.42499999999949,-75.0,proximal,NX16_1_P20
18.449999999999488,-75.0,proximal,NX16_1_P20
18.474999999999486,-75.0,proximal,NX16_1_P20
18.499999999999485,-75.0,proximal,NX16_1_P20
18.524999999999483,-75.0,proximal,NX16_1_P20
18.54999999999948,-75.0,proximal,NX16_1_P20
18.57499999999948,-75.0,proximal,NX16_1_P20
18.59999999999948,-75.0,proximal,NX16_1_P20
18.62499999999948,-75.0,proximal,NX16_1_P20
18.64999999999948,-75.0,proximal,NX16_1_P20
18.674999999999475,-75.0,proximal,NX16_1_P20
18.699999999999477,-75.0,proximal,NX16_1_P20
18.724999999999472,-75.0,proximal,NX16_1_P20
18.74999999999947,-75.0,proximal,NX16_1_P20
18.77499999999947,-75.0,proximal,NX16_1_P20
18.799999999999468,-75.0,proximal,NX16_1_P20
18.824999999999463,-75.0,proximal,NX16_1_P20
18.849999999999465,-75.0,proximal,NX16_1_P20
18.874999999999464,-75.0,proximal,NX16_1_P20
18.899999999999466,-75.0,proximal,NX16_1_P20
18.92499999999946,-75.0,proximal,NX16_1_P20
18.94999999999946,-75.0,proximal,NX16_1_P20
18.974999999999454,-75.0,proximal,NX16_1_P20
18.999999999999456,-75.0,proximal,NX16_1_P20
19.02499999999945,-75.0,proximal,NX16_1_P20
19.049999999999454,-75.0,proximal,NX16_1_P20
19.07499999999945,-75.0,proximal,NX16_1_P20
19.09999999999945,-75.0,proximal,NX16_1_P20
19.12499999999945,-75.0,proximal,NX16_1_P20
19.149999999999448,-75.0,proximal,NX16_1_P20
19.174999999999446,-75.0,proximal,NX16_1_P20
19.199999999999445,-75.0,proximal,NX16_1_P20
19.224999999999444,-75.0,proximal,NX16_1_P20
19.24999999999944,-75.0,proximal,NX16_1_P20
19.27499999999944,-75.0,proximal,NX16_1_P20
19.29999999999944,-75.0,proximal,NX16_1_P20
19.32499999999944,-75.0,proximal,NX16_1_P20
19.34999999999944,-75.0,proximal,NX16_1_P20
19.374999999999435,-75.0,proximal,NX16_1_P20
19.399999999999437,-75.0,proximal,NX16_1_P20
19.424999999999432,-75.0,proximal,NX16_1_P20
19.44999999999943,-75.0,proximal,NX16_1_P20
19.47499999999943,-75.0,proximal,NX16_1_P20
19.499999999999428,-75.0,proximal,NX16_1_P20
19.524999999999427,-75.0,proximal,NX16_1_P20
19.549999999999425,-75.0,proximal,NX16_1_P20
19.574999999999424,-75.0,proximal,NX16_1_P20
19.599999999999422,-75.0,proximal,NX16_1_P20
19.62499999999942,-75.0,proximal,NX16_1_P20
19.64999999999942,-75.0,proximal,NX16_1_P20
19.674999999999415,-75.0,proximal,NX16_1_P20
19.699999999999417,-75.0,proximal,NX16_1_P20
19.72499999999941,-75.0,proximal,NX16_1_P20
19.74999999999941,-75.0,proximal,NX16_1_P20
19.77499999999941,-75.0,proximal,NX16_1_P20
19.79999999999941,-75.0,proximal,NX16_1_P20
19.82499999999941,-75.0,proximal,NX16_1_P20
19.849999999999408,-75.0,proximal,NX16_1_P20
19.874999999999407,-75.0,proximal,NX16_1_P20
19.899999999999405,-75.0,proximal,NX16_1_P20
19.924999999999404,-75.0,proximal,NX16_1_P20
19.9499999999994,-75.0,proximal,NX16_1_P20
19.9749999999994,-75.0,proximal,NX16_1_P20
19.9999999999994,-75.0,proximal,NX16_1_P20
20.0249999999994,-75.0,proximal,NX16_1_P20
20.0499999999994,-74.99914065012406,proximal,NX16_1_P20
20.074999999999395,-74.99726510973574,proximal,NX16_1_P20
20.099999999999397,-74.99449272673968,proximal,NX16_1_P20
20.124999999999392,-74.99098352204695,proximal,NX16_1_P20
20.14999999999939,-74.98687527031093,proximal,NX16_1_P20
20.17499999999939,-74.98227657832875,proximal,NX16_1_P20
20.199999999999388,-74.97727253692558,proximal,NX16_1_P20
20.224999999999387,-74.9719310872268,proximal,NX16_1_P20
20.249999999999385,-74.96630778143745,proximal,NX16_1_P20
20.274999999999384,-74.96044900515577,proximal,NX16_1_P20
20.299999999999383,-74.95439412170158,proximal,NX16_1_P20
20.32499999999938,-74.9481769270068,proximal,NX16_1_P20
20.34999999999938,-74.94182667381067,proximal,NX16_1_P20
20.37499999999938,-74.93536882418627,proximal,NX16_1_P20
20.399999999999377,-74.9288256255702,proximal,NX16_1_P20
20.424999999999372,-74.92221656731115,proximal,NX16_1_P20
20.44999999999937,-74.9155587525584,proximal,NX16_1_P20
20.474999999999373,-74.90886720745792,proximal,NX16_1_P20
20.49999999999937,-74.90215514209946,proximal,NX16_1_P20
20.52499999999937,-74.89543417315244,proximal,NX16_1_P20
20.54999999999937,-74.88871451534084,proximal,NX16_1_P20
20.574999999999367,-74.88200514711316,proximal,NX16_1_P20
20.599999999999365,-74.87531395465692,proximal,NX16_1_P20
20.624999999999364,-74.86864785755981,proximal,NX16_1_P20
20.649999999999363,-74.86201291879959,proximal,NX16_1_P20
20.67499999999936,-74.85541444127561,proximal,NX16_1_P20
20.69999999999936,-74.84885705272835,proximal,NX16_1_P20
20.72499999999936,-74.84234478060235,proximal,NX16_1_P20
20.74999999999936,-74.83588111817059,proximal,NX16_1_P20
20.77499999999936,-74.82946908304444,proximal,NX16_1_P20
20.799999999999358,-74.82311126903133,proximal,NX16_1_P20
20.824999999999356,-74.81680989216733,proximal,NX16_1_P20
20.84999999999935,-74.81056683163783,proximal,NX16_1_P20
20.87499999999935,-74.80438366620314,proximal,NX16_1_P20
20.89999999999935,-74.79826170666367,proximal,NX16_1_P20
20.924999999999347,-74.79220202482965,proximal,NX16_1_P20
20.949999999999346,-74.78620547940007,proximal,NX16_1_P20
20.974999999999344,-74.78027273910453,proximal,NX16_1_P20
20.999999999999343,-74.77440430341692,proximal,NX16_1_P20
21.02499999999934,-74.76860052111196,proximal,NX16_1_P20
21.04999999999934,-74.76286160690263,proximal,NX16_1_P20
21.07499999999934,-74.7571876563675,proximal,NX16_1_P20
21.099999999999337,-74.75157865935253,proximal,NX16_1_P20
21.124999999999336,-74.74603451200993,proximal,NX16_1_P20
21.14999999999933,-74.74055502761814,proximal,NX16_1_P20
21.174999999999333,-74.7351399463101,proximal,NX16_1_P20
21.19999999999933,-74.72978894382288,proximal,NX16_1_P20
21.22499999999933,-74.72450163936902,proximal,NX16_1_P20
21.24999999999933,-74.71927760271882,proximal,NX16_1_P20
21.274999999999327,-74.71411636057299,proximal,NX16_1_P20
21.29999999999933,-74.70901740229675,proximal,NX16_1_P20
21.324999999999324,-74.70398018507855,proximal,NX16_1_P20
21.349999999999323,-74.69900413857007,proximal,NX16_1_P20
21.37499999999932,-74.69408866905839,proximal,NX16_1_P20
21.39999999999932,-74.68923316321558,proximal,NX16_1_P20
21.42499999999932,-74.68443699146677,proximal,NX16_1_P20
21.44999999999932,-74.6796995110132,proximal,NX16_1_P20
21.47499999999932,-74.67502006854343,proximal,NX16_1_P20
21.499999999999314,-74.6703980026623,proximal,NX16_1_P20
21.524999999999316,-74.66583264606454,proximal,NX16_1_P20
21.54999999999931,-74.66132332747733,proximal,NX16_1_P20
21.57499999999931,-74.65686937339333,proximal,NX16_1_P20
21.59999999999931,-74.6524701096143,proximal,NX16_1_P20
21.624999999999307,-74.64812486262305,proximal,NX16_1_P20
21.649999999999302,-74.64383296079981,proximal,NX16_1_P20
21.674999999999304,-74.63959373549788,proximal,NX16_1_P20
21.699999999999303,-74.63540652199174,proximal,NX16_1_P20
21.7249999999993,-74.63127066030965,proximal,NX16_1_P20
21.7499999999993,-74.6271854959619,proximal,NX16_1_P20
21.7749999999993,-74.6231503805744,proximal,NX16_1_P20
21.799999999999297,-74.61916467243692,proximal,NX16_1_P20
21.824999999999296,-74.61522773697396,proximal,NX16_1_P20
21.84999999999929,-74.61133894714591,proximal,NX16_1_P20
21.874999999999293,-74.60749768378719,proximal,NX16_1_P20
21.89999999999929,-74.60370333588767,proximal,NX16_1_P20
21.92499999999929,-74.59995530082288,proximal,NX16_1_P20
21.94999999999929,-74.59625298453825,proximal,NX16_1_P20
21.974999999999287,-74.59259580169199,proximal,NX16_1_P20
21.99999999999929,-74.58898317576079,proximal,NX16_1_P20
22.024999999999284,-74.58541453911249,proximal,NX16_1_P20
22.049999999999283,-74.58188933304879,proximal,NX16_1_P20
22.07499999999928,-74.57840700782167,proximal,NX16_1_P20
22.09999999999928,-74.57496702262608,proximal,NX16_1_P20
22.12499999999928,-74.57156884557182,proximal,NX16_1_P20
22.14999999999928,-74.56821195363673,proximal,NX16_1_P20
22.17499999999928,-74.56489583260381,proximal,NX16_1_P20
22.199999999999275,-74.56161997698368,proximal,NX16_1_P20
22.224999999999277,-74.55838388992483,proximal,NX16_1_P20
22.24999999999927,-74.55518708311276,proximal,NX16_1_P20
22.27499999999927,-74.5520290766598,proximal,NX16_1_P20
22.29999999999927,-74.54890939898695,proximal,NX16_1_P20
22.324999999999267,-74.54582758669875,proximal,NX16_1_P20
22.349999999999262,-74.54278318445256,proximal,NX16_1_P20
22.374999999999265,-74.53977574482302,proximal,NX16_1_P20
22.399999999999263,-74.53680482816274,proximal,NX16_1_P20
22.42499999999926,-74.53387000245993,proximal,NX16_1_P20
22.44999999999926,-74.53097084319381,proximal,NX16_1_P20
22.47499999999926,-74.52810693318828,proximal,NX16_1_P20
22.499999999999257,-74.5252778624646,proximal,NX16_1_P20
22.524999999999256,-74.5224832280936,proximal,NX16_1_P20
22.54999999999925,-74.51972263404774,proximal,NX16_1_P20
22.574999999999253,-74.51699569105354,proximal,NX16_1_P20
22.59999999999925,-74.51430201644479,proximal,NX16_1_P20
22.62499999999925,-74.51164123401676,proximal,NX16_1_P20
22.64999999999925,-74.50901297388185,proximal,NX16_1_P20
22.674999999999248,-74.5064168723266,proximal,NX16_1_P20
22.69999999999925,-74.50385257167076,proximal,NX16_1_P20
22.724999999999245,-74.50131972012828,proximal,NX16_1_P20
22.749999999999243,-74.4988179716703,proximal,NX16_1_P20
22.77499999999924,-74.4963469858907,proximal,NX16_1_P20
22.79999999999924,-74.49390642787385,proximal,NX16_1_P20
22.82499999999924,-74.49149596806497,proximal,NX16_1_P20
22.84999999999924,-74.48911528214305,proximal,NX16_1_P20
22.87499999999924,-74.48676405089644,proximal,NX16_1_P20
22.899999999999235,-74.48444196010108,proximal,NX16_1_P20
22.924999999999237,-74.48214870040152,proximal,NX16_1_P20
22.949999999999232,-74.47988396719471,proximal,NX16_1_P20
22.97499999999923,-74.47764746051644,proximal,NX16_1_P20
22.99999999999923,-74.47543888493065,proximal,NX16_1_P20
23.024999999999228,-74.47325794942157,proximal,NX16_1_P20
23.049999999999223,-74.47110436728833,proximal,NX16_1_P20
23.074999999999225,-74.46897785604268,proximal,NX16_1_P20
23.099999999999223,-74.4668781373091,proximal,NX16_1_P20
23.124999999999226,-74.4648049367277,proximal,NX16_1_P20
23.14999999999922,-74.46275798385986,proximal,NX16_1_P20
23.17499999999922,-74.46073701209625,proximal,NX16_1_P20
23.199999999999218,-74.45874175856761,proximal,NX16_1_P20
23.224999999999216,-74.45677196405792,proximal,NX16_1_P20
23.24999999999921,-74.45482737292008,proximal,NX16_1_P20
23.274999999999213,-74.452907732994,proximal,NX16_1_P20
23.29999999999921,-74.4510127955271,proximal,NX16_1_P20
23.32499999999921,-74.44914231509696,proximal,NX16_1_P20
23.34999999999921,-74.44729604953649,proximal,NX16_1_P20
23.374999999999208,-74.44547375986104,proximal,NX16_1_P20
23.399999999999206,-74.44367521019788,proximal,NX16_1_P20
23.424999999999205,-74.44190016771759,proximal,NX16_1_P20
23.449999999999203,-74.44014840256766,proximal,NX16_1_P20
23.4749999999992,-74.43841968780795,proximal,NX16_1_P20
23.4999999999992,-74.43671379934814,proximal,NX16_1_P20
23.5249999999992,-74.43503051588708,proximal,NX16_1_P20
23.5499999999992,-74.43336961885387,proximal,NX16_1_P20
23.5749999999992,-74.43173089235086,proximal,NX16_1_P20
23.599999999999195,-74.43011412309822,proximal,NX16_1_P20
23.624999999999197,-74.42851910038029,proximal,NX16_1_P20
23.649999999999192,-74.42694561599349,proximal,NX16_1_P20
23.67499999999919,-74.42539346419584,proximal,NX16_1_P20
23.69999999999919,-74.42386244165793,proximal,NX16_1_P20
23.724999999999188,-74.42235234741544,proximal,NX16_1_P20
23.749999999999183,-74.42086298282307,proximal,NX16_1_P20
23.774999999999185,-74.4193941515098,proximal,NX16_1_P20
23.799999999999184,-74.41794565933557,proximal,NX16_1_P20
23.824999999999186,-74.41651731434914,proximal,NX16_1_P20
23.84999999999918,-74.4151089267473,proximal,NX16_1_P20
23.87499999999918,-74.41372030883528,proximal,NX16_1_P20
23.899999999999174,-74.41235127498827,proximal,NX16_1_P20
23.924999999999176,-74.4110016416141,proximal,NX16_1_P20
23.94999999999917,-74.40967122711703,proximal,NX16_1_P20
23.974999999999174,-74.40835985186256,proximal,NX16_1_P20
23.99999999999917,-74.4070673381433,proximal,NX16_1_P20
24.02499999999917,-74.40579351014581,proximal,NX16_1_P20
24.04999999999917,-74.40453819391836,proximal,NX16_1_P20
24.074999999999168,-74.40330121733962,proximal,NX16_1_P20
24.099999999999167,-74.4020824100883,proximal,NX16_1_P20
24.124999999999165,-74.40088160361353,proximal,NX16_1_P20
24.149999999999164,-74.39969863110622,proximal,NX16_1_P20
24.17499999999916,-74.39853332747101,proximal,NX16_1_P20
24.19999999999916,-74.39738552929926,proximal,NX16_1_P20
24.22499999999916,-74.39625507484246,proximal,NX16_1_P20
24.24999999999916,-74.39514180398666,proximal,NX16_1_P20
24.27499999999916,-74.39404555822745,proximal,NX16_1_P20
24.299999999999155,-74.39296618064554,proximal,NX16_1_P20
24.324999999999157,-74.39190351588317,proximal,NX16_1_P20
24.349999999999152,-74.39085741012093,proximal,NX16_1_P20
24.37499999999915,-74.3898277110554,proximal,NX16_1_P20
24.39999999999915,-74.38881426787718,proximal,NX16_1_P20
24.424999999999148,-74.38781693124957,proximal,NX16_1_P20
24.449999999999147,-74.38683555328784,proximal,NX16_1_P20
24.474999999999145,-74.38586998753885,proximal,NX16_1_P20
24.499999999999144,-74.38492008896142,proximal,NX16_1_P20
24.524999999999142,-74.3839857139069,proximal,NX16_1_P20
24.54999999999914,-74.38306672010047,proximal,NX16_1_P20
24.57499999999914,-74.38216296662274,proximal,NX16_1_P20
24.599999999999135,-74.38127431389182,proximal,NX16_1_P20
24.624999999999137,-74.38040062364584,proximal,NX16_1_P20
24.64999999999913,-74.37954175892584,proximal,NX16_1_P20
24.67499999999913,-74.37869758405904,proximal,NX16_1_P20
24.69999999999913,-74.37786796464262,proximal,NX16_1_P20
24.72499999999913,-74.37705276752763,proximal,NX16_1_P20
24.74999999999913,-74.37625186080352,proximal,NX16_1_P20
24.774999999999128,-74.3754651137828,proximal,NX16_1_P20
24.799999999999127,-74.37469239698612,proximal,NX16_1_P20
24.824999999999125,-74.37393358212776,proximal,NX16_1_P20
24.849999999999124,-74.37318854210119,proximal,NX16_1_P20
24.87499999999912,-74.37245715096519,proximal,NX16_1_P20
24.89999999999912,-74.37173928393008,proximal,NX16_1_P20
24.92499999999912,-74.37103481734435,proximal,NX16_1_P20
24.94999999999912,-74.37034362868144,proximal,NX16_1_P20
24.97499999999912,-74.36966559652687,proximal,NX16_1_P20
24.999999999999115,-74.36900060056564,proximal,NX16_1_P20
25.024999999999118,-74.36834852156979,proximal,NX16_1_P20
25.049999999999116,-74.36770924138621,proximal,NX16_1_P20
25.07499999999911,-74.36708264292483,proximal,NX16_1_P20
25.09999999999911,-74.36646861014677,proximal,NX16_1_P20
25.12499999999911,-74.36586702805295,proximal,NX16_1_P20
25.149999999999107,-74.36527778267279,proximal,NX16_1_P20
25.174999999999105,-74.3647007610531,proximal,NX16_1_P20
25.199999999999104,-74.36413585124723,proximal,NX16_1_P20
25.224999999999103,-74.36358294230435,proximal,NX16_1_P20
25.2499999999991,-74.36304192425898,proximal,NX16_1_P20
25.2749999999991,-74.36251268812062,proximal,NX16_1_P20
25.2999999999991,-74.36199512586364,proximal,NX16_1_P20
25.324999999999097,-74.36148913041727,proximal,NX16_1_P20
25.349999999999092,-74.36099459565575,proximal,NX16_1_P20
25.37499999999909,-74.36051141638873,proximal,NX16_1_P20
25.399999999999093,-74.36003948835172,proximal,NX16_1_P20
25.42499999999909,-74.35957870819672,proximal,NX16_1_P20
25.44999999999909,-74.35912897348307,proximal,NX16_1_P20
25.47499999999909,-74.3586901826683,proximal,NX16_1_P20
25.499999999999087,-74.35826223509925,proximal,NX16_1_P20
25.52499999999909,-74.35784503100325,proximal,NX16_1_P20
25.549999999999084,-74.35743847147948,proximal,NX16_1_P20
25.574999999999083,-74.35704245849037,proximal,NX16_1_P20
25.59999999999908,-74.35665689485326,proximal,NX16_1_P20
25.62499999999908,-74.35628168423204,proximal,NX16_1_P20
25.64999999999908,-74.35591673112901,proximal,NX16_1_P20
25.67499999999908,-74.35556194087677,proximal,NX16_1_P20
25.69999999999908,-74.35521721963033,proximal,NX16_1_P20
25.724999999999078,-74.35488247435923,proximal,NX16_1_P20
25.749999999999076,-74.35455761283977,proximal,NX16_1_P20
25.77499999999907,-74.35424254364744,proximal,NX16_1_P20
25.79999999999907,-74.35393717614934,proximal,NX16_1_P20
25.82499999999907,-74.35364142049674,proximal,NX16_1_P20
25.849999999999067,-74.3533551876178,proximal,NX16_1_P20
25.874999999999066,-74.35307838921024,proximal,NX16_1_P20
25.899999999999064,-74.35281093773423,proximal,NX16_1_P20
25.924999999999063,-74.35255274640535,proximal,NX16_1_P20
25.94999999999906,-74.35230372918757,proximal,NX16_1_P20
25.97499999999906,-74.35206380078635,proximal,NX16_1_P20
25.99999999999906,-74.35183287664194,proximal,NX16_1_P20
26.024999999999057,-74.35161087292245,proximal,NX16_1_P20
26.049999999999056,-74.35139770651745,proximal,NX16_1_P20
26.07499999999905,-74.35119329503121,proximal,NX16_1_P20
26.099999999999053,-74.35099755677629,proximal,NX16_1_P20
26.12499999999905,-74.35081041076718,proximal,NX16_1_P20
26.14999999999905,-74.35063177671384,proximal,NX16_1_P20
26.17499999999905,-74.35046157501552,proximal,NX16_1_P20
26.199999999999047,-74.35029972675454,proximal,NX16_1_P20
26.22499999999905,-74.35014615369018,proximal,NX16_1_P20
26.249999999999044,-74.35000077825256,proximal,NX16_1_P20
26.274999999999043,-74.34986352353677,proximal,NX16_1_P20
26.29999999999904,-74.34973431329682,proximal,NX16_1_P20
26.32499999999904,-74.34961307193984,proximal,NX16_1_P20
26.34999999999904,-74.34949972452029,proximal,NX16_1_P20
26.37499999999904,-74.34939419673421,proximal,NX16_1_P20
26.39999999999904,-74.34929641491352,proximal,NX16_1_P20
26.424999999999034,-74.3492063060205,proximal,NX16_1_P20
26.449999999999037,-74.34912379764212,proximal,NX16_1_P20
26.47499999999903,-74.34904881798461,proximal,NX16_1_P20
26.49999999999903,-74.34898129586801,proximal,NX16_1_P20
26.52499999999903,-74.34892116072079,proximal,NX16_1_P20
26.549999999999027,-74.34886834257452,proximal,NX16_1_P20
26.574999999999022,-74.34882277205858,proximal,NX16_1_P20
26.599999999999024,-74.34878438039499,proximal,NX16_1_P20
26.624999999999023,-74.34875309939319,proximal,NX16_1_P20
26.64999999999902,-74.34872886144495,proximal,NX16_1_P20
26.67499999999902,-74.34871159951933,proximal,NX16_1_P20
26.69999999999902,-74.34870124715759,proximal,NX16_1_P20
26.724999999999017,-74.34869773846833,proximal,NX16_1_P20
26.749999999999016,-74.34870100812249,proximal,NX16_1_P20
26.77499999999901,-74.34871099134854,proximal,NX16_1_P20
26.799999999999013,-74.3487276239276,proximal,NX16_1_P20
26.82499999999901,-74.34875084218876,proximal,NX16_1_P20
26.84999999999901,-74.34878058300427,proximal,NX16_1_P20
26.87499999999901,-74.34881678378488,proximal,NX16_1_P20
26.899999999999007,-74.34885938247524,proximal,NX16_1_P20
26.92499999999901,-74.34890831754925,proximal,NX16_1_P20
26.949999999999005,-74.34896352800557,proximal,NX16_1_P20
26.974999999999003,-74.34902495336308,proximal,NX16_1_P20
26.999999999999,-74.34909253365642,proximal,NX16_1_P20
27.024999999999,-74.34916620943159,proximal,NX16_1_P20
27.049999999999,-74.34924592174153,proximal,NX16_1_P20
27.074999999999,-74.34933161214184,proximal,NX16_1_P20
27.099999999999,-74.34942322268644,proximal,NX16_1_P20
27.124999999998995,-74.34952069592332,proximal,NX16_1_P20
27.149999999998997,-74.3496239748903,proximal,NX16_1_P20
27.17499999999899,-74.34973300311094,proximal,NX16_1_P20
27.19999999999899,-74.34984772459026,proximal,NX16_1_P20
27.22499999999899,-74.34996808381074,proximal,NX16_1_P20
27.249999999998987,-74.35009402572823,proximal,NX16_1_P20
27.274999999998983,-74.35022549576789,proximal,NX16_1_P20
27.299999999998985,-74.35036243982026,proximal,NX16_1_P20
27.324999999998983,-74.35050480423725,proximal,NX16_1_P20
27.349999999998985,-74.35065253582819,proximal,NX16_1_P20
27.37499999999898,-74.35080558185608,proximal,NX16_1_P20
27.39999999999898,-74.35096389003357,proximal,NX16_1_P20
27.424999999998978,-74.35112740851925,proximal,NX16_1_P20
27.449999999998976,-74.35129608591387,proximal,NX16_1_P20
27.47499999999897,-74.35146987125654,proximal,NX16_1_P20
27.499999999998973,-74.35164871402104,proximal,NX16_1_P20
27.52499999999897,-74.35183256411216,proximal,NX16_1_P20
27.54999999999897,-74.35202137186201,proximal,NX16_1_P20
27.57499999999897,-74.35221508802644,proximal,NX16_1_P20
27.599999999998968,-74.35241366378145,proximal,NX16_1_P20
27.62499999999897,-74.3526170507196,proximal,NX16_1_P20
27.649999999998965,-74.35282520084658,proximal,NX16_1_P20
27.674999999998963,-74.3530380665776,proximal,NX16_1_P20
27.69999999999896,-74.35325560073402,proximal,NX16_1_P20
27.72499999999896,-74.35347775653987,proximal,NX16_1_P20
27.74999999999896,-74.35370448761851,proximal,NX16_1_P20
27.77499999999896,-74.3539357479892,proximal,NX16_1_P20
27.79999999999896,-74.35417149206378,proximal,NX16_1_P20
27.824999999998955,-74.35441167464339,proximal,NX16_1_P20
27.849999999998957,-74.35465625091513,proximal,NX16_1_P20
27.874999999998952,-74.35490517644885,proximal,NX16_1_P20
27.89999999999895,-74.35515840719395,proximal,NX16_1_P20
27.92499999999895,-74.35541589947611,proximal,NX16_1_P20
27.949999999998948,-74.35567760999417,proximal,NX16_1_P20
27.974999999998943,-74.35594349581699,proximal,NX16_1_P20
27.999999999998945,-74.3562135143803,proximal,NX16_1_P20
28.024999999998943,-74.35648762348366,proximal,NX16_1_P20
28.049999999998946,-74.35676578128735,proximal,NX16_1_P20
28.07499999999894,-74.35704794630941,proximal,NX16_1_P20
28.09999999999894,-74.35733407742252,proximal,NX16_1_P20
28.124999999998938,-74.35762413385113,proximal,NX16_1_P20
28.149999999998936,-74.35791807516844,proximal,NX16_1_P20
28.17499999999893,-74.35821586129349,proximal,NX16_1_P20
28.199999999998933,-74.35851745248823,proximal,NX16_1_P20
28.22499999999893,-74.35882280935466,proximal,NX16_1_P20
28.24999999999893,-74.359131892832,proximal,NX16_1_P20
28.27499999999893,-74.35944466419379,proximal,NX16_1_P20
28.299999999998928,-74.35976108504514,proximal,NX16_1_P20
28.324999999998926,-74.36008111731991,proximal,NX16_1_P20
28.349999999998925,-74.360404723278,proximal,NX16_1_P20
28.374999999998924,-74.36073186550256,proximal,NX16_1_P20
28.39999999999892,-74.36106250689728,proximal,NX16_1_P20
28.42499999999892,-74.36139661068376,proximal,NX16_1_P20
28.44999999999892,-74.36173414039875,proximal,NX16_1_P20
28.47499999999892,-74.36207505989162,proximal,NX16_1_P20
28.49999999999892,-74.36241933332163,proximal,NX16_1_P20
28.524999999998915,-74.36276692515537,proximal,NX16_1_P20
28.549999999998917,-74.3631178001642,proximal,NX16_1_P20
28.574999999998912,-74.36347192342171,proximal,NX16_1_P20
28.59999999999891,-74.36382926030115,proximal,NX16_1_P20
28.62499999999891,-74.36418977647286,proximal,NX16_1_P20
28.649999999998908,-74.36455343790195,proximal,NX16_1_P20
28.674999999998903,-74.36492021084565,proximal,NX16_1_P20
28.699999999998905,-74.36529006185098,proximal,NX16_1_P20
28.724999999998904,-74.36566295775226,proximal,NX16_1_P20
28.749999999998906,-74.36603886566873,proximal,NX16_1_P20
28.7749999999989,-74.36641775300214,proximal,NX16_1_P20
28.7999999999989,-74.36679958743443,proximal,NX16_1_P20
28.824999999998894,-74.36718433692532,proximal,NX16_1_P20
28.849999999998897,-74.36757196971001,proximal,NX16_1_P20
28.87499999999889,-74.36796245429693,proximal,NX16_1_P20
28.899999999998894,-74.36835575946532,proximal,NX16_1_P20
28.92499999999889,-74.36875185426311,proximal,NX16_1_P20
28.94999999999889,-74.36915070800454,proximal,NX16_1_P20
28.97499999999889,-74.36955229026806,proximal,NX16_1_P20
28.999999999998888,-74.36995657089398,proximal,NX16_1_P20
29.024999999998887,-74.37036351998238,proximal,NX16_1_P20
29.049999999998885,-74.37077310789088,proximal,NX16_1_P20
29.074999999998884,-74.37118530523254,proximal,NX16_1_P20
29.09999999999888,-74.37160008287367,proximal,NX16_1_P20
29.12499999999888,-74.3720174119317,proximal,NX16_1_P20
29.14999999999888,-74.37243726377312,proximal,NX16_1_P20
29.17499999999888,-74.37285961001142,proximal,NX16_1_P20
29.19999999999888,-74.3732844225049,proximal,NX16_1_P20
29.224999999998875,-74.37371167335476,proximal,NX16_1_P20
29.249999999998877,-74.37414133490302,proximal,NX16_1_P20
29.274999999998872,-74.37457337973044,proximal,NX16_1_P20
29.29999999999887,-74.37500778065461,proximal,NX16_1_P20
29.32499999999887,-74.37544451072795,proximal,NX16_1_P20
29.349999999998868,-74.3758835432357,proximal,NX16_1_P20
29.374999999998867,-74.37632485169401,proximal,NX16_1_P20
29.399999999998865,-74.376768409848,proximal,NX16_1_P20
29.424999999998864,-74.37721419166985,proximal,NX16_1_P20
29.449999999998862,-74.37766217135687,proximal,NX16_1_P20
29.47499999999886,-74.37811232332969,proximal,NX16_1_P20
29.49999999999886,-74.37856462223026,proximal,NX16_1_P20
29.524999999998855,-74.37901904292015,proximal,NX16_1_P20
29.549999999998857,-74.3794755604786,proximal,NX16_1_P20
29.57499999999885,-74.37993415020077,proximal,NX16_1_P20
29.59999999999885,-74.38039478759588,proximal,NX16_1_P20
29.62499999999885,-74.38085744838544,proximal,NX16_1_P20
29.64999999999885,-74.38132210850151,proximal,NX16_1_P20
29.67499999999885,-74.38178874408486,proximal,NX16_1_P20
29.699999999998848,-74.3822573314833,proximal,NX16_1_P20
29.724999999998847,-74.38272784724991,proximal,NX16_1_P20
29.749999999998845,-74.38320026814132,proximal,NX16_1_P20
29.774999999998844,-74.38367457111602,proximal,NX16_1_P20
29.799999999998843,-74.38415073333267,proximal,NX16_1_P20
29.82499999999884,-74.38462873214843,proximal,NX16_1_P20
29.84999999999884,-74.38510854511728,proximal,NX16_1_P20
29.87499999999884,-74.38559014998839,proximal,NX16_1_P20
29.89999999999884,-74.38607352470447,proximal,NX16_1_P20
29.924999999998835,-74.3865586474002,proximal,NX16_1_P20
29.949999999998838,-74.38704549640052,proximal,NX16_1_P20
29.974999999998836,-74.38753405021919,proximal,NX16_1_P20
29.99999999999883,-74.38802428755706,proximal,NX16_1_P20
30.02499999999883,-74.38851618730061,proximal,NX16_1_P20
30.04999999999883,-74.38900972852032,proximal,NX16_1_P20
30.074999999998827,-74.3895048904692,proximal,NX16_1_P20
30.099999999998825,-74.39000165258122,proximal,NX16_1_P20
30.124999999998824,-74.39049999446979,proximal,NX16_1_P20
30.149999999998823,-74.39099989592631,proximal,NX16_1_P20
30.17499999999882,-74.39150133691862,proximal,NX16_1_P20
30.19999999999882,-74.39200429758955,proximal,NX16_1_P20
30.22499999999882,-74.39250875825546,proximal,NX16_1_P20
30.249999999998817,-74.39301469940477,proximal,NX16_1_P20
30.274999999998816,-74.39352210169659,proximal,NX16_1_P20
30.29999999999881,-74.39403094595914,proximal,NX16_1_P20
30.324999999998813,-74.39454121318852,proximal,NX16_1_P20
30.34999999999881,-74.39505288454717,proximal,NX16_1_P20
30.37499999999881,-74.39556594136252,proximal,NX16_1_P20
30.39999999999881,-74.39608036512563,proximal,NX16_1_P20
30.424999999998807,-74.39659613748978,proximal,NX16_1_P20
30.44999999999881,-74.39711324026918,proximal,NX16_1_P20
30.474999999998804,-74.39763165543752,proximal,NX16_1_P20
30.499999999998803,-74.39815136512675,proximal,NX16_1_P20
30.5249999999988,-74.39867235162566,proximal,NX16_1_P20
30.5499999999988,-74.39919459737862,proximal,NX16_1_P20
30.5749999999988,-74.39971808498427,proximal,NX16_1_P20
30.5999999999988,-74.4002427971942,proximal,NX16_1_P20
30.6249999999988,-74.40076871691171,proximal,NX16_1_P20
30.649999999998798,-74.40129582719055,proximal,NX16_1_P20
30.674999999998796,-74.40182411123357,proximal,NX16_1_P20
30.69999999999879,-74.40235355239157,proximal,NX16_1_P20
30.72499999999879,-74.40288413416205,proximal,NX16_1_P20
30.74999999999879,-74.4034158401879,proximal,NX16_1_P20
30.774999999998787,-74.4039486542563,proximal,NX16_1_P20
30.799999999998786,-74.40448256029741,proximal,NX16_1_P20
30.824999999998784,-74.40501754238323,proximal,NX16_1_P20
30.849999999998783,-74.4055535847264,proximal,NX16_1_P20
30.87499999999878,-74.40609067167904,proximal,NX16_1_P20
30.89999999999878,-74.4066287877315,proximal,NX16_1_P20
30.92499999999878,-74.40716791751133,proximal,NX16_1_P20
30.949999999998777,-74.40770804578203,proximal,NX16_1_P20
30.974999999998776,-74.40824915744196,proximal,NX16_1_P20
30.99999999999877,-74.40879123752319,proximal,NX16_1_P20
31.024999999998773,-74.40933427119037,proximal,NX16_1_P20
31.04999999999877,-74.40987824373968,proximal,NX16_1_P20
31.07499999999877,-74.41042314059766,proximal,NX16_1_P20
31.09999999999877,-74.41096894732013,proximal,NX16_1_P20
31.124999999998767,-74.41151564959114,proximal,NX16_1_P20
31.14999999999877,-74.41206323322184,proximal,NX16_1_P20
31.174999999998764,-74.41261168414951,proximal,NX16_1_P20
31.199999999998763,-74.41316098843639,proximal,NX16_1_P20
31.22499999999876,-74.4137111322687,proximal,NX16_1_P20
31.24999999999876,-74.4142621019556,proximal,NX16_1_P20
31.27499999999876,-74.41481388392815,proximal,NX16_1_P20
31.29999999999876,-74.41536646473824,proximal,NX16_1_P20
31.32499999999876,-74.41591983105769,proximal,NX16_1_P20
31.349999999998754,-74.41647396967714,proximal,NX16_1_P20
31.374999999998757,-74.41702886750507,proximal,NX16_1_P20
31.39999999999875,-74.41758451156687,proximal,NX16_1_P20
31.42499999999875,-74.41814088900382,proximal,NX16_1_P20
31.44999999999875,-74.41869798707211,proximal,NX16_1_P20
31.474999999998747,-74.41925579314187,proximal,NX16_1_P20
31.499999999998742,-74.41981429469628,proximal,NX16_1_P20
31.524999999998744,-74.42037347933054,proximal,NX16_1_P20
31.549999999998743,-74.42093333475096,proximal,NX16_1_P20
31.57499999999874,-74.42149384877405,proximal,NX16_1_P20
31.59999999999874,-74.42205500932558,proximal,NX16_1_P20
31.62499999999874,-74.42261680443966,proximal,NX16_1_P20
31.649999999998737,-74.42317922225783,proximal,NX16_1_P20
31.674999999998736,-74.42374225102817,proximal,NX16_1_P20
31.69999999999873,-74.4243058791044,proximal,NX16_1_P20
31.724999999998733,-74.42487009494496,proximal,NX16_1_P20
31.74999999999873,-74.42543488711222,proximal,NX16_1_P20
31.77499999999873,-74.4260002442715,proximal,NX16_1_P20
31.79999999999873,-74.42656615519032,proximal,NX16_1_P20
31.824999999998727,-74.4271326087374,proximal,NX16_1_P20
31.84999999999873,-74.42769959388194,proximal,NX16_1_P20
31.874999999998725,-74.42826709969273,proximal,NX16_1_P20
31.899999999998723,-74.42883511533731,proximal,NX16_1_P20
31.92499999999872,-74.42940363008111,proximal,NX16_1_P20
31.94999999999872,-74.42997263328671,proximal,NX16_1_P20
31.97499999999872,-74.43054211441293,proximal,NX16_1_P20
31.99999999999872,-74.43111206301411,proximal,NX16_1_P20
32.02499999999872,-74.43168246873921,proximal,NX16_1_P20
32.049999999998725,-74.43225332133113,proximal,NX16_1_P20
32.07499999999873,-74.43282461062583,proximal,NX16_1_P20
32.09999999999874,-74.43339632655157,proximal,NX16_1_P20
32.12499999999874,-74.43396845912818,proximal,NX16_1_P20
32.14999999999875,-74.4345409984662,proximal,NX16_1_P20
32.174999999998754,-74.43511393476624,proximal,NX16_1_P20
32.19999999999876,-74.4356872583181,proximal,NX16_1_P20
32.224999999998765,-74.43626095950009,proximal,NX16_1_P20
32.24999999999877,-74.4368350287783,proximal,NX16_1_P20
32.274999999998776,-74.43740945670581,proximal,NX16_1_P20
32.29999999999878,-74.43798423392198,proximal,NX16_1_P20
32.32499999999879,-74.43855935115175,proximal,NX16_1_P20
32.34999999999879,-74.4391347992049,proximal,NX16_1_P20
32.3749999999988,-74.4397105689753,proximal,NX16_1_P20
32.399999999998805,-74.44028665144026,proximal,NX16_1_P20
32.42499999999881,-74.44086303765982,proximal,NX16_1_P20
32.449999999998816,-74.44143971877605,proximal,NX16_1_P20
32.47499999999882,-74.4420166860123,proximal,NX16_1_P20
32.49999999999883,-74.44259393067261,proximal,NX16_1_P20
32.52499999999883,-74.44317144414099,proximal,NX16_1_P20
32.54999999999884,-74.44374921788072,proximal,NX16_1_P20
32.574999999998845,-74.44432724343373,proximal,NX16_1_P20
32.59999999999885,-74.44490551241991,proximal,NX16_1_P20
32.624999999998856,-74.44548401653647,proximal,NX16_1_P20
32.64999999999886,-74.44606274755728,proximal,NX16_1_P20
32.67499999999887,-74.4466416973322,proximal,NX16_1_P20
32.69999999999887,-74.44722085778649,proximal,NX16_1_P20
32.72499999999888,-74.44780022092014,proximal,NX16_1_P20
32.749999999998884,-74.44837977880728,proximal,NX16_1_P20
32.77499999999889,-74.44895952359549,proximal,NX16_1_P20
32.799999999998896,-74.44953944750523,proximal,NX16_1_P20
32.8249999999989,-74.45011954282923,proximal,NX16_1_P20
32.84999999999891,-74.45069980193183,proximal,NX16_1_P20
32.87499999999891,-74.45128021724847,proximal,NX16_1_P20
32.89999999999892,-74.45186078128496,proximal,NX16_1_P20
32.924999999998924,-74.45244148661703,proximal,NX16_1_P20
32.94999999999893,-74.45302232588965,proximal,NX16_1_P20
32.974999999998936,-74.45360329181644,proximal,NX16_1_P20
32.99999999999894,-74.45418437717915,proximal,NX16_1_P20
33.02499999999895,-74.45476557482704,proximal,NX16_1_P20
33.04999999999895,-74.45534687767633,proximal,NX16_1_P20
33.07499999999896,-74.45592827870964,proximal,NX16_1_P20
33.099999999998964,-74.4565097709754,proximal,NX16_1_P20
33.12499999999897,-74.45709134758735,proximal,NX16_1_P20
33.149999999998975,-74.45767300172392,proximal,NX16_1_P20
33.17499999999898,-74.45825472662774,proximal,NX16_1_P20
33.19999999999899,-74.45883651560507,proximal,NX16_1_P20
33.22499999999899,-74.45941836202526,proximal,NX16_1_P20
33.249999999999,-74.46000025932027,proximal,NX16_1_P20
33.274999999999004,-74.46058220098405,proximal,NX16_1_P20
33.29999999999901,-74.4611641805721,proximal,NX16_1_P20
33.324999999999015,-74.4617461917009,proximal,NX16_1_P20
33.34999999999902,-74.46232822804741,proximal,NX16_1_P20
33.37499999999903,-74.46291028334858,proximal,NX16_1_P20
33.39999999999903,-74.46349235140082,proximal,NX16_1_P20
33.42499999999904,-74.46407442605948,proximal,NX16_1_P20
33.449999999999044,-74.46465650123841,proximal,NX16_1_P20
33.47499999999905,-74.46523857090939,proximal,NX16_1_P20
33.499999999999055,-74.46582062910173,proximal,NX16_1_P20
33.52499999999906,-74.46640266990168,proximal,NX16_1_P20
33.549999999999066,-74.46698468745205,proximal,NX16_1_P20
33.57499999999907,-74.46756667595167,proximal,NX16_1_P20
33.59999999999908,-74.46814862965492,proximal,NX16_1_P20
33.62499999999908,-74.46873054287127,proximal,NX16_1_P20
33.64999999999909,-74.46931240996483,proximal,NX16_1_P20
33.674999999999095,-74.46989422535388,proximal,NX16_1_P20
33.6999999999991,-74.47047598351038,proximal,NX16_1_P20
33.724999999999106,-74.47105767895958,proximal,NX16_1_P20
33.74999999999911,-74.47163930627949,proximal,NX16_1_P20
33.77499999999912,-74.47222086010049,proximal,NX16_1_P20
33.79999999999912,-74.47280233510487,proximal,NX16_1_P20
33.82499999999913,-74.4733837260264,proximal,NX16_1_P20
33.849999999999135,-74.47396502764988,proximal,NX16_1_P20
33.87499999999914,-74.4745462348107,proximal,NX16_1_P20
33.899999999999146,-74.47512734239444,proximal,NX16_1_P20
33.92499999999915,-74.47570834533643,proximal,NX16_1_P20
33.94999999999916,-74.47628923862132,proximal,NX16_1_P20
33.97499999999916,-74.47687001728268,proximal,NX16_1_P20
33.99999999999917,-74.47745067640254,proximal,NX16_1_P20
34.024999999999174,-74.47803121111107,proximal,NX16_1_P20
34.04999999999918,-74.4786116165861,proximal,NX16_1_P20
34.074999999999186,-74.47919188805268,proximal,NX16_1_P20
34.09999999999919,-74.47977202078282,proximal,NX16_1_P20
34.1249999999992,-74.48035201009492,proximal,NX16_1_P20
34.1499999999992,-74.48093185135352,proximal,NX16_1_P20
34.17499999999921,-74.48151153996882,proximal,NX16_1_P20
34.199999999999214,-74.48209107139633,proximal,NX16_1_P20
34.22499999999922,-74.48267044113646,proximal,NX16_1_P20
34.249999999999226,-74.48324964473419,proximal,NX16_1_P20
34.27499999999923,-74.48382867777863,proximal,NX16_1_P20
34.29999999999924,-74.48440753590268,proximal,NX16_1_P20
34.32499999999924,-74.48498621478262,proximal,NX16_1_P20
34.34999999999925,-74.48556471013785,proximal,NX16_1_P20
34.374999999999254,-74.48614301773037,proximal,NX16_1_P20
34.39999999999926,-74.48672113336451,proximal,NX16_1_P20
34.424999999999265,-74.4872990528866,proximal,NX16_1_P20
34.44999999999927,-74.48787677218449,proximal,NX16_1_P20
34.47499999999928,-74.48845428718732,proximal,NX16_1_P20
34.49999999999928,-74.48903159386515,proximal,NX16_1_P20
34.52499999999929,-74.48960868822851,proximal,NX16_1_P20
34.549999999999294,-74.4901855663282,proximal,NX16_1_P20
34.5749999999993,-74.49076222425482,proximal,NX16_1_P20
34.599999999999305,-74.49133865813856,proximal,NX16_1_P20
34.62499999999931,-74.4919148641487,proximal,NX16_1_P20
34.64999999999932,-74.49249083849345,proximal,NX16_1_P20
34.67499999999932,-74.4930665774195,proximal,NX16_1_P20
34.69999999999933,-74.49364207721172,proximal,NX16_1_P20
34.72499999999933,-74.49421733419287,proximal,NX16_1_P20
34.74999999999934,-74.49479234472324,proximal,NX16_1_P20
34.774999999999345,-74.49536710520034,proximal,NX16_1_P20
34.79999999999935,-74.4959416120586,proximal,NX16_1_P20
34.82499999999936,-74.49651586176903,proximal,NX16_1_P20
34.84999999999936,-74.49708985083889,proximal,NX16_1_P20
34.87499999999937,-74.49766357581144,proximal,NX16_1_P20
34.89999999999937,-74.49823703326561,proximal,NX16_1_P20
34.92499999999938,-74.49881021981567,proximal,NX16_1_P20
34.949999999999385,-74.49938313211094,proximal,NX16_1_P20
34.97499999999939,-74.4999557668355,proximal,NX16_1_P20
34.9999999999994,-74.50052812070791,proximal,NX16_1_P20
35.0249999999994,-74.50110019048087,proximal,NX16_1_P20
35.04999999999941,-74.50167197294095,proximal,NX16_1_P20
35.07499999999941,-74.50224346490835,proximal,NX16_1_P20
35.09999999999942,-74.5028146632365,proximal,NX16_1_P20
35.124999999999424,-74.50338556481191,proximal,NX16_1_P20
35.14999999999943,-74.50395616655375,proximal,NX16_1_P20
35.17499999999944,-74.50452646541369,proximal,NX16_1_P20
35.19999999999944,-74.50509645837558,proximal,NX16_1_P20
35.22499999999945,-74.50566614245511,proximal,NX16_1_P20
35.24999999999945,-74.50623551469967,proximal,NX16_1_P20
35.27499999999946,-74.50680457218795,proximal,NX16_1_P20
35.299999999999464,-74.50737331202973,proximal,NX16_1_P20
35.32499999999947,-74.50794173136563,proximal,NX16_1_P20
35.34999999999948,-74.50850982736681,proximal,NX16_1_P20
35.37499999999948,-74.50907759723475,proximal,NX16_1_P20
35.39999999999949,-74.50964503820092,proximal,NX16_1_P20
35.42499999999949,-74.51021214752659,proximal,NX16_1_P20
35.4499999999995,-74.51077892250257,proximal,NX16_1_P20
35.474999999999504,-74.5113453604489,proximal,NX16_1_P20
35.49999999999951,-74.51191145871466,proximal,NX16_1_P20
35.524999999999515,-74.5124772146777,proximal,NX16_1_P20
35.54999999999952,-74.51304262574439,proximal,NX16_1_P20
35.57499999999953,-74.51360768934936,proximal,NX16_1_P20
35.59999999999953,-74.51417240295528,proximal,NX16_1_P20
35.62499999999954,-74.51473676405264,proximal,NX16_1_P20
35.649999999999544,-74.51530077015944,proximal,NX16_1_P20
35.67499999999955,-74.51586441882104,proximal,NX16_1_P20
35.699999999999555,-74.51642770760984,proximal,NX16_1_P20
35.72499999999956,-74.51699063412511,proximal,NX16_1_P20
35.74999999999957,-74.51755319599276,proximal,NX16_1_P20
35.77499999999957,-74.51811539086505,proximal,NX16_1_P20
35.79999999999958,-74.51867721642043,proximal,NX16_1_P20
35.824999999999584,-74.51923867036328,proximal,NX16_1_P20
35.84999999999959,-74.5197997504237,proximal,NX16_1_P20
35.874999999999595,-74.52036045435726,proximal,NX16_1_P20
35.8999999999996,-74.52092077994483,proximal,NX16_1_P20
35.924999999999606,-74.52148072499232,proximal,NX16_1_P20
35.94999999999961,-74.52204028733048,proximal,NX16_1_P20
35.97499999999962,-74.5225994648147,proximal,NX16_1_P20
35.99999999999962,-74.52315825532476,proximal,NX16_1_P20
36.02499999999963,-74.52371665676466,proximal,NX16_1_P20
36.04999999999964,-74.52427466706239,proximal,NX16_1_P20
36.07499999999964,-74.5248322841697,proximal,NX16_1_P20
36.099999999999646,-74.52538950606198,proximal,NX16_1_P20
36.12499999999965,-74.52594633073795,proximal,NX16_1_P20
36.14999999999966,-74.5265027562195,proximal,NX16_1_P20
36.17499999999966,-74.52705878055153,proximal,NX16_1_P20
36.19999999999967,-74.52761440180167,proximal,NX16_1_P20
36.22499999999968,-74.5281696180602,proximal,NX16_1_P20
36.24999999999968,-74.52872442743971,proximal,NX16_1_P20
36.274999999999686,-74.52927882807502,proximal,NX16_1_P20
36.29999999999969,-74.52983281812294,proximal,NX16_1_P20
36.3249999999997,-74.5303863957621,proximal,NX16_1_P20
36.3499999999997,-74.5309395591927,proximal,NX16_1_P20
36.37499999999971,-74.53149230663645,proximal,NX16_1_P20
36.399999999999714,-74.53204463633625,proximal,NX16_1_P20
36.42499999999972,-74.53259654655608,proximal,NX16_1_P20
36.449999999999726,-74.53314803558078,proximal,NX16_1_P20
36.47499999999973,-74.53369910171591,proximal,NX16_1_P20
36.49999999999974,-74.53424974328755,proximal,NX16_1_P20
36.52499999999974,-74.5347999586421,proximal,NX16_1_P20
36.54999999999975,-74.53534974614614,proximal,NX16_1_P20
36.57499999999976,-74.53589910418624,proximal,NX16_1_P20
36.59999999999976,-74.53644803116877,proximal,NX16_1_P20
36.624999999999766,-74.53699652551975,proximal,NX16_1_P20
36.64999999999977,-74.53754458568469,proximal,NX16_1_P20
36.67499999999978,-74.53809221012835,proximal,NX16_1_P20
36.69999999999978,-74.53863939733469,proximal,NX16_1_P20
36.72499999999979,-74.5391861458066,proximal,NX16_1_P20
36.749999999999794,-74.53973245406577,proximal,NX16_1_P20
36.7749999999998,-74.54027832065253,proximal,NX16_1_P20
36.799999999999805,-74.54082374412572,proximal,NX16_1_P20
36.82499999999981,-74.54136872306245,proximal,NX16_1_P20
36.84999999999982,-74.54191325605801,proximal,NX16_1_P20
36.87499999999982,-74.54245734172567,proximal,NX16_1_P20
36.89999999999983,-74.54300097869657,proximal,NX16_1_P20
36.92499999999984,-74.54354416561951,proximal,NX16_1_P20
36.94999999999984,-74.54408690116081,proximal,NX16_1_P20
36.974999999999845,-74.5446291840042,proximal,NX16_1_P20
36.99999999999985,-74.5451710128506,proximal,NX16_1_P20
37.02499999999986,-74.54571238641805,proximal,NX16_1_P20
37.04999999999986,-74.54625330344145,proximal,NX16_1_P20
37.07499999999987,-74.54679376267252,proximal,NX16_1_P20
37.09999999999987,-74.54733376287962,proximal,NX16_1_P20
37.12499999999988,-74.54787330284756,proximal,NX16_1_P20
37.149999999999885,-74.5484123813775,proximal,NX16_1_P20
37.17499999999989,-74.54895099728682,proximal,NX16_1_P20
37.199999999999896,-74.54948914940891,proximal,NX16_1_P20
37.2249999999999,-74.55002683659312,proximal,NX16_1_P20
37.24999999999991,-74.55056405770452,proximal,NX16_1_P20
37.27499999999991,-74.55110081162388,proximal,NX16_1_P20
37.29999999999992,-74.55163709724744,proximal,NX16_1_P20
37.324999999999925,-74.55217291348676,proximal,NX16_1_P20
37.34999999999993,-74.55270825926868,proximal,NX16_1_P20
37.374999999999936,-74.55324313353513,proximal,NX16_1_P20
37.39999999999994,-74.55377753524297,proximal,NX16_1_P20
37.42499999999995,-74.5543114633639,proximal,NX16_1_P20
37.44999999999995,-74.55484491688433,proximal,NX16_1_P20
37.47499999999996,-74.55537789480523,proximal,NX16_1_P20
37.499999999999964,-74.555910396142,proximal,NX16_1_P20
37.52499999999997,-74.55644241992437,proximal,NX16_1_P20
37.549999999999976,-74.55697396519624,proximal,NX16_1_P20
37.57499999999998,-74.55750503101557,proximal,NX16_1_P20
37.59999999999999,-74.55803561645426,proximal,NX16_1_P20
37.62499999999999,-74.55856572059805,proximal,NX16_1_P20
37.65,-74.55909534254634,proximal,NX16_1_P20
37.675,-74.5596244814121,proximal,NX16_1_P20
37.70000000000001,-74.56015313632177,proximal,NX16_1_P20
37.725000000000016,-74.56068130641509,proximal,NX16_1_P20
37.75000000000002,-74.56120899084505,proximal,NX16_1_P20
37.77500000000003,-74.5617361887777,proximal,NX16_1_P20
37.80000000000003,-74.5622628993921,proximal,NX16_1_P20
37.82500000000004,-74.56278912188014,proximal,NX16_1_P20
37.85000000000005,-74.5633148554465,proximal,NX16_1_P20
37.87500000000005,-74.56384009930849,proximal,NX16_1_P20
37.900000000000055,-74.56436485269592,proximal,NX16_1_P20
37.92500000000006,-74.56488911485101,proximal,NX16_1_P20
37.95000000000007,-74.56541288502834,proximal,NX16_1_P20
37.97500000000007,-74.5659361624946,proximal,NX16_1_P20
38.00000000000008,-74.56645894652863,proximal,NX16_1_P20
38.02500000000008,-74.56698123642123,proximal,NX16_1_P20
38.05000000000009,-74.56750303147504,proximal,NX16_1_P20
38.075000000000095,-74.56802433100452,proximal,NX16_1_P20
38.1000000000001,-74.56854513433575,proximal,NX16_1_P20
38.12500000000011,-74.56906544080637,proximal,NX16_1_P20
38.15000000000011,-74.5695852497655,proximal,NX16_1_P20
38.17500000000012,-74.57010456057355,proximal,NX16_1_P20
38.20000000000013,-74.57062337260224,proximal,NX16_1_P20
38.22500000000013,-74.57114168523442,proximal,NX16_1_P20
38.250000000000135,-74.57165949786398,proximal,NX16_1_P20
38.27500000000014,-74.57217680989574,proximal,NX16_1_P20
38.30000000000015,-74.57269362074541,proximal,NX16_1_P20
38.32500000000015,-74.57320992983945,proximal,NX16_1_P20
38.35000000000016,-74.57372573661495,proximal,NX16_1_P20
38.37500000000016,-74.57424104051957,proximal,NX16_1_P20
38.40000000000017,-74.57475584101144,proximal,NX16_1_P20
38.425000000000175,-74.57527013755906,proximal,NX16_1_P20
38.45000000000018,-74.57578392964123,proximal,NX16_1_P20
38.475000000000186,-74.57629721674692,proximal,NX16_1_P20
38.50000000000019,-74.57680999837518,proximal,NX16_1_P20
38.5250000000002,-74.57732227403508,proximal,NX16_1_P20
38.5500000000002,-74.57783404324562,proximal,NX16_1_P20
38.57500000000021,-74.57834530553558,proximal,NX16_1_P20
38.600000000000215,-74.57885606044351,proximal,NX16_1_P20
38.62500000000022,-74.5793663075176,proximal,NX16_1_P20
38.65000000000023,-74.5798760463156,proximal,NX16_1_P20
38.67500000000023,-74.58038527640474,proximal,NX16_1_P20
38.70000000000024,-74.58089399736163,proximal,NX16_1_P20
38.72500000000024,-74.58140220877218,proximal,NX16_1_P20
38.75000000000025,-74.5819099102315,proximal,NX16_1_P20
38.775000000000254,-74.58241710134389,proximal,NX16_1_P20
38.80000000000026,-74.58292378172266,proximal,NX16_1_P20
38.825000000000266,-74.5834299509901,proximal,NX16_1_P20
38.85000000000027,-74.58393560877737,proximal,NX16_1_P20
38.87500000000028,-74.58444075472448,proximal,NX16_1_P20
38.90000000000028,-74.58494538848012,proximal,NX16_1_P20
38.92500000000029,-74.58544950970168,proximal,NX16_1_P20
38.95000000000029,-74.58595311805506,proximal,NX16_1_P20
38.9750000000003,-74.58645621321469,proximal,NX16_1_P20
39.00000000000031,-74.58695879486339,proximal,NX16_1_P20
39.02500000000031,-74.58746086269237,proximal,NX16_1_P20
39.05000000000032,-74.58796241640101,proximal,NX16_1_P20
39.07500000000032,-74.58846345569695,proximal,NX16_1_P20
39.10000000000033,-74.5889639802959,proximal,NX16_1_P20
39.125000000000334,-74.58946398992164,proximal,NX16_1_P20
39.15000000000034,-74.58996348430587,proximal,NX16_1_P20
39.175000000000345,-74.5904624631882,proximal,NX16_1_P20
39.20000000000035,-74.59096092631607,proximal,NX16_1_P20
39.22500000000036,-74.59145887344465,proximal,NX16_1_P20
39.25000000000036,-74.59195630433676,proximal,NX16_1_P20
39.27500000000037,-74.59245321876286,proximal,NX16_1_P20
39.30000000000037,-74.59294961650092,proximal,NX16_1_P20
39.32500000000038,-74.59344549733638,proximal,NX16_1_P20
39.35000000000039,-74.59394086106208,proximal,NX16_1_P20
39.37500000000039,-74.59443570747817,proximal,NX16_1_P20
39.4000000000004,-74.59493003639207,proximal,NX16_1_P20
39.4250000000004,-74.5954238476184,proximal,NX16_1_P20
39.45000000000041,-74.59591714097888,proximal,NX16_1_P20
39.47500000000041,-74.5964099163023,proximal,NX16_1_P20
39.50000000000042,-74.59690217342445,proximal,NX16_1_P20
39.525000000000425,-74.59739391218804,proximal,NX16_1_P20
39.55000000000043,-74.59788513244263,proximal,NX16_1_P20
39.57500000000044,-74.59837583404462,proximal,NX16_1_P20
39.60000000000044,-74.59886601685709,proximal,NX16_1_P20
39.62500000000045,-74.59935568074984,proximal,NX16_1_P20
39.65000000000045,-74.59984482559928,proximal,NX16_1_P20
39.67500000000046,-74.60033345128832,proximal,NX16_1_P20
39.70000000000047,-74.60082155770641,proximal,NX16_1_P20
39.72500000000047,-74.60130914474942,proximal,NX16_1_P20
39.75000000000048,-74.60179621231957,proximal,NX16_1_P20
39.77500000000048,-74.6022827603254,proximal,NX16_1_P20
39.80000000000049,-74.60276878868169,proximal,NX16_1_P20
39.82500000000049,-74.6032542973094,proximal,NX16_1_P20
39.8500000000005,-74.60373928613568,proximal,NX16_1_P20
39.8750000000005,-74.60422375509367,proximal,NX16_1_P20
39.90000000000051,-74.60470770412259,proximal,NX16_1_P20
39.92500000000052,-74.6051911331676,proximal,NX16_1_P20
39.95000000000052,-74.60567404217974,proximal,NX16_1_P20
39.97500000000053,-74.60615643111595,proximal,NX16_1_P20
40.00000000000053,-74.60663829993892,proximal,NX16_1_P20
40.02500000000054,-74.6071196486171,proximal,NX16_1_P20
40.050000000000544,-74.60760047712462,proximal,NX16_1_P20
40.07500000000055,-74.60808078544123,proximal,NX16_1_P20
40.10000000000056,-74.60856057355227,proximal,NX16_1_P20
40.12500000000056,-74.60903984144859,proximal,NX16_1_P20
40.15000000000057,-74.60951858912652,proximal,NX16_1_P20
40.17500000000057,-74.60999681658782,proximal,NX16_1_P20
40.20000000000058,-74.61047452383961,proximal,NX16_1_P20
40.22500000000058,-74.61095171089431,proximal,NX16_1_P20
40.25000000000059,-74.61142837776961,proximal,NX16_1_P20
40.2750000000006,-74.61190452448845,proximal,NX16_1_P20
40.3000000000006,-74.6123801510789,proximal,NX16_1_P20
40.32500000000061,-74.61285525757413,proximal,NX16_1_P20
40.35000000000061,-74.61332984401241,proximal,NX16_1_P20
40.37500000000062,-74.61380391043706,proximal,NX16_1_P20
40.400000000000624,-74.61427745689627,proximal,NX16_1_P20
40.42500000000063,-74.61475048344325,proximal,NX16_1_P20
40.45000000000064,-74.61522299013603,proximal,NX16_1_P20
40.47500000000064,-74.61569497703748,proximal,NX16_1_P20
40.50000000000065,-74.61616644421527,proximal,NX16_1_P20
40.52500000000065,-74.61663739174176,proximal,NX16_1_P20
40.55000000000066,-74.61710781969406,proximal,NX16_1_P20
40.57500000000066,-74.61757772815386,proximal,NX16_1_P20
40.60000000000067,-74.61804711720751,proximal,NX16_1_P20
40.62500000000068,-74.61851598694585,proximal,NX16_1_P20
40.65000000000068,-74.61898433746427,proximal,NX16_1_P20
40.675000000000686,-74.61945216886262,proximal,NX16_1_P20
40.70000000000069,-74.61991948124518,proximal,NX16_1_P20
40.7250000000007,-74.62038627472057,proximal,NX16_1_P20
40.7500000000007,-74.62085254940177,proximal,NX16_1_P20
40.77500000000071,-74.62131830540609,proximal,NX16_1_P20
40.80000000000072,-74.62178354285503,proximal,NX16_1_P20
40.82500000000072,-74.62224826187432,proximal,NX16_1_P20
40.850000000000726,-74.62271246259387,proximal,NX16_1_P20
40.87500000000073,-74.62317614514771,proximal,NX16_1_P20
40.90000000000074,-74.62363930967395,proximal,NX16_1_P20
40.92500000000074,-74.62410195631476,proximal,NX16_1_P20
40.95000000000075,-74.62456408521629,proximal,NX16_1_P20
40.97500000000076,-74.6250256965287,proximal,NX16_1_P20
41.00000000000076,-74.62548679040601,proximal,NX16_1_P20
41.025000000000766,-74.6259473670062,proximal,NX16_1_P20
41.05000000000077,-74.62640742649107,proximal,NX16_1_P20
41.07500000000078,-74.6268669690262,proximal,NX16_1_P20
41.10000000000078,-74.62732599478096,proximal,NX16_1_P20
41.12500000000079,-74.62778450392851,proximal,NX16_1_P20
41.1500000000008,-74.62824249664561,proximal,NX16_1_P20
41.1750000000008,-74.62869997311277,proximal,NX16_1_P20
41.200000000000806,-74.62915693351407,proximal,NX16_1_P20
41.22500000000081,-74.62961337803719,proximal,NX16_1_P20
41.25000000000082,-74.63006930687338,proximal,NX16_1_P20
41.27500000000082,-74.63052472021737,proximal,NX16_1_P20
41.30000000000083,-74.63097961826739,proximal,NX16_1_P20
41.325000000000834,-74.63143400122513,proximal,NX16_1_P20
41.35000000000084,-74.63188786929565,proximal,NX16_1_P20
41.375000000000846,-74.63234122268744,proximal,NX16_1_P20
41.40000000000085,-74.63279406161227,proximal,NX16_1_P20
41.42500000000086,-74.63324638628528,proximal,NX16_1_P20
41.45000000000086,-74.63369819692481,proximal,NX16_1_P20
41.47500000000087,-74.6341494937525,proximal,NX16_1_P20
41.50000000000088,-74.63460027699317,proximal,NX16_1_P20
41.52500000000088,-74.63505054687484,proximal,NX16_1_P20
41.550000000000885,-74.63550030362862,proximal,NX16_1_P20
41.57500000000089,-74.63594954748876,proximal,NX16_1_P20
41.6000000000009,-74.63639827869261,proximal,NX16_1_P20
41.6250000000009,-74.63684649748052,proximal,NX16_1_P20
41.65000000000091,-74.63729420409588,proximal,NX16_1_P20
41.675000000000914,-74.63774139878507,proximal,NX16_1_P20
41.70000000000092,-74.63818808179738,proximal,NX16_1_P20
41.725000000000925,-74.63863425338506,proximal,NX16_1_P20
41.75000000000093,-74.63907991380324,proximal,NX16_1_P20
41.77500000000094,-74.63952506330992,proximal,NX16_1_P20
41.80000000000094,-74.63996970216589,proximal,NX16_1_P20
41.82500000000095,-74.64041383063478,proximal,NX16_1_P20
41.85000000000095,-74.64085744898298,proximal,NX16_1_P20
41.87500000000096,-74.64130055747962,proximal,NX16_1_P20
41.900000000000965,-74.64174315639654,proximal,NX16_1_P20
41.92500000000097,-74.64218524600828,proximal,NX16_1_P20
41.950000000000976,-74.642626826592,proximal,NX16_1_P20
41.97500000000098,-74.64306789842752,proximal,NX16_1_P20
42.00000000000099,-74.64350846179725,proximal,NX16_1_P20
42.02500000000099,-74.64394851698619,proximal,NX16_1_P20
42.050000000001,-74.64438806428184,proximal,NX16_1_P20
42.075000000001005,-74.64482710397427,proximal,NX16_1_P20
42.10000000000101,-74.64526563635597,proximal,NX16_1_P20
42.125000000001016,-74.64570366172198,proximal,NX16_1_P20
42.15000000000102,-74.64614118036972,proximal,NX16_1_P20
42.17500000000103,-74.64657819259904,proximal,NX16_1_P20
42.20000000000103,-74.64701469871216,proximal,NX16_1_P20
42.22500000000104,-74.64745069901367,proximal,NX16_1_P20
42.25000000000104,-74.6478861938105,proximal,NX16_1_P20
42.27500000000105,-74.64832118341188,proximal,NX16_1_P20
42.300000000001056,-74.64875566812931,proximal,NX16_1_P20
42.32500000000106,-74.64918964827658,proximal,NX16_1_P20
42.35000000000107,-74.64962312416966,proximal,NX16_1_P20
42.37500000000107,-74.65005609612679,proximal,NX16_1_P20
42.40000000000108,-74.65048856446836,proximal,NX16_1_P20
42.42500000000109,-74.65092052951691,proximal,NX16_1_P20
42.45000000000109,-74.65135199159714,proximal,NX16_1_P20
42.475000000001096,-74.65178295103586,proximal,NX16_1_P20
42.5000000000011,-74.65221340816194,proximal,NX16_1_P20
42.52500000000111,-74.65264336330635,proximal,NX16_1_P20
42.55000000000111,-74.6530728168021,proximal,NX16_1_P20
42.57500000000112,-74.65350176898419,proximal,NX16_1_P20
42.60000000000112,-74.65393022018965,proximal,NX16_1_P20
42.62500000000113,-74.65435817075745,proximal,NX16_1_P20
42.650000000001135,-74.65478562102855,proximal,NX16_1_P20
42.67500000000114,-74.65521257134581,proximal,NX16_1_P20
42.70000000000115,-74.655639022054,proximal,NX16_1_P20
42.72500000000115,-74.65606497349981,proximal,NX16_1_P20
42.75000000000116,-74.65649042603175,proximal,NX16_1_P20
42.77500000000117,-74.6569153800002,proximal,NX16_1_P20
42.80000000000117,-74.65733983575736,proximal,NX16_1_P20
42.825000000001175,-74.6577637936572,proximal,NX16_1_P20
42.85000000000118,-74.6581872540555,proximal,NX16_1_P20
42.87500000000119,-74.65861021730983,proximal,NX16_1_P20
42.90000000000119,-74.65903268377942,proximal,NX16_1_P20
42.9250000000012,-74.65945465382528,proximal,NX16_1_P20
42.9500000000012,-74.6598761278101,proximal,NX16_1_P20
42.97500000000121,-74.66029710609826,proximal,NX16_1_P20
43.000000000001215,-74.66071758905576,proximal,NX16_1_P20
43.02500000000122,-74.6611375770503,proximal,NX16_1_P20
43.050000000001226,-74.66155707045114,proximal,NX16_1_P20
43.07500000000123,-74.66197606962918,proximal,NX16_1_P20
43.10000000000124,-74.66239457495689,proximal,NX16_1_P20
43.12500000000124,-74.6628125868083,proximal,NX16_1_P20
43.15000000000125,-74.663230105559,proximal,NX16_1_P20
43.175000000001255,-74.66364713158606,proximal,NX16_1_P20
43.20000000000126,-74.6640636652681,proximal,NX16_1_P20
43.22500000000127,-74.66447970698523,proximal,NX16_1_P20
43.25000000000127,-74.664895257119,proximal,NX16_1_P20
43.27500000000128,-74.66531031605244,proximal,NX16_1_P20
43.30000000000128,-74.66572488417,proximal,NX16_1_P20
43.32500000000129,-74.66613896185756,proximal,NX16_1_P20
43.350000000001295,-74.66655254950236,proximal,NX16_1_P20
43.3750000000013,-74.66696564749307,proximal,NX16_1_P20
43.400000000001306,-74.66737825621972,proximal,NX16_1_P20
43.42500000000131,-74.66779037607365,proximal,NX16_1_P20
43.45000000000132,-74.66820200744759,proximal,NX16_1_P20
43.47500000000132,-74.66861315073552,proximal,NX16_1_P20
43.50000000000133,-74.66902380633276,proximal,NX16_1_P20
43.52500000000133,-74.6694339746359,proximal,NX16_1_P20
43.55000000000134,-74.66984365604277,proximal,NX16_1_P20
43.57500000000135,-74.67025285095251,proximal,NX16_1_P20
43.60000000000135,-74.67066155976543,proximal,NX16_1_P20
43.62500000000136,-74.67106978288311,proximal,NX16_1_P20
43.65000000000136,-74.67147752070827,proximal,NX16_1_P20
43.67500000000137,-74.67188477364486,proximal,NX16_1_P20
43.700000000001374,-74.672291542098,proximal,NX16_1_P20
43.72500000000138,-74.67269782647394,proximal,NX16_1_P20
43.750000000001386,-74.67310362718008,proximal,NX16_1_P20
43.77500000000139,-74.67350894462496,proximal,NX16_1_P20
43.8000000000014,-74.67391377921821,proximal,NX16_1_P20
43.8250000000014,-74.67431813137055,proximal,NX16_1_P20
43.85000000000141,-74.67472200149382,proximal,NX16_1_P20
43.87500000000141,-74.67512539000087,proximal,NX16_1_P20
43.90000000000142,-74.67552829730565,proximal,NX16_1_P20
43.92500000000143,-74.67593072382309,proximal,NX16_1_P20
43.95000000000143,-74.6763326699692,proximal,NX16_1_P20
43.97500000000144,-74.67673413616097,proximal,NX16_1_P20
44.00000000000144,-74.6771351228164,proximal,NX16_1_P20
44.02500000000145,-74.67753563035444,proximal,NX16_1_P20
44.050000000001454,-74.67793565919504,proximal,NX16_1_P20
44.07500000000146,-74.67833520975908,proximal,NX16_1_P20
44.100000000001465,-74.67873428246841,proximal,NX16_1_P20
44.12500000000147,-74.67913287774577,proximal,NX16_1_P20
44.15000000000148,-74.67953099601483,proximal,NX16_1_P20
44.17500000000148,-74.67992863770016,proximal,NX16_1_P20
44.20000000000149,-74.68032580322723,proximal,NX16_1_P20
44.22500000000149,-74.68072249302236,proximal,NX16_1_P20
44.2500000000015,-74.68111870751275,proximal,NX16_1_P20
44.27500000000151,-74.68151444712645,proximal,NX16_1_P20
44.30000000000151,-74.68190971229232,proximal,NX16_1_P20
44.32500000000152,-74.6823045034401,proximal,NX16_1_P20
44.35000000000152,-74.68269882100027,proximal,NX16_1_P20
44.37500000000153,-74.68309266540416,proximal,NX16_1_P20
44.40000000000153,-74.68348603708388,proximal,NX16_1_P20
44.42500000000154,-74.68387893647231,proximal,NX16_1_P20
44.450000000001545,-74.68427136400308,proximal,NX16_1_P20
44.47500000000155,-74.68466332011059,proximal,NX16_1_P20
44.50000000000156,-74.68505480522998,proximal,NX16_1_P20
44.52500000000156,-74.68544581979712,proximal,NX16_1_P20
44.55000000000157,-74.68583636424859,proximal,NX16_1_P20
44.57500000000157,-74.68622643902165,proximal,NX16_1_P20
44.60000000000158,-74.68661604455433,proximal,NX16_1_P20
44.62500000000159,-74.68700518128526,proximal,NX16_1_P20
44.65000000000159,-74.68739384965379,proximal,NX16_1_P20
44.6750000000016,-74.68778205009993,proximal,NX16_1_P20
44.7000000000016,-74.68816978306431,proximal,NX16_1_P20
44.72500000000161,-74.68855704898824,proximal,NX16_1_P20
44.75000000000161,-74.68894384831363,proximal,NX16_1_P20
44.77500000000162,-74.68933018148303,proximal,NX16_1_P20
44.80000000000162,-74.68971604893957,proximal,NX16_1_P20
44.82500000000163,-74.690101451127,proximal,NX16_1_P20
44.85000000000164,-74.69048638848967,proximal,NX16_1_P20
44.87500000000164,-74.69087086147248,proximal,NX16_1_P20
44.90000000000165,-74.6912548705209,proximal,NX16_1_P20
44.92500000000165,-74.69163841608096,proximal,NX16_1_P20
44.95000000000166,-74.69202149859926,proximal,NX16_1_P20
44.975000000001664,-74.69240411852292,proximal,NX16_1_P20
45.00000000000167,-74.69278627629957,proximal,NX16_1_P20
45.02500000000168,-74.69316797237738,proximal,NX16_1_P20
45.05000000000168,-74.69354920720504,proximal,NX16_1_P20
45.07500000000169,-74.6939299812317,proximal,NX16_1_P20
45.10000000000169,-74.69431029490704,proximal,NX16_1_P20
45.1250000000017,-74.69469014868119,proximal,NX16_1_P20
45.1500000000017,-74.69506954300476,proximal,NX16_1_P20
45.17500000000171,-74.69544847832884,proximal,NX16_1_P20
45.20000000000172,-74.69582695510496,proximal,NX16_1_P20
45.22500000000172,-74.69620497378509,proximal,NX16_1_P20
45.25000000000173,-74.69658253482162,proximal,NX16_1_P20
45.27500000000173,-74.6969596386674,proximal,NX16_1_P20
45.30000000000174,-74.69733628577568,proximal,NX16_1_P20
45.325000000001744,-74.6977124766001,proximal,NX16_1_P20
45.35000000000175,-74.69808821159475,proximal,NX16_1_P20
45.37500000000176,-74.69846349121407,proximal,NX16_1_P20
45.40000000000176,-74.69883831591288,proximal,NX16_1_P20
45.425000000001766,-74.69921268614641,proximal,NX16_1_P20
45.45000000000177,-74.69958660237022,proximal,NX16_1_P20
45.47500000000178,-74.69996006504024,proximal,NX16_1_P20
45.50000000000178,-74.70033307461277,proximal,NX16_1_P20
45.52500000000179,-74.70070563154442,proximal,NX16_1_P20
45.5500000000018,-74.70107773629216,proximal,NX16_1_P20
45.5750000000018,-74.70144938931328,proximal,NX16_1_P20
45.600000000001806,-74.70182059106538,proximal,NX16_1_P20
45.62500000000181,-74.70219134200639,proximal,NX16_1_P20
45.65000000000182,-74.70256164259449,proximal,NX16_1_P20
45.67500000000182,-74.70293149328822,proximal,NX16_1_P20
45.70000000000183,-74.70330089454639,proximal,NX16_1_P20
45.72500000000184,-74.70366984682806,proximal,NX16_1_P20
45.75000000000184,-74.7040383505926,proximal,NX16_1_P20
45.775000000001846,-74.70440640629961,proximal,NX16_1_P20
45.80000000000185,-74.70477401440898,proximal,NX16_1_P20
45.82500000000186,-74.70514117538085,proximal,NX16_1_P20
45.85000000000186,-74.70550788967557,proximal,NX16_1_P20
45.87500000000187,-74.70587415775377,proximal,NX16_1_P20
45.900000000001874,-74.70623998007628,proximal,NX16_1_P20
45.92500000000188,-74.70660535710415,proximal,NX16_1_P20
45.950000000001886,-74.70697028929867,proximal,NX16_1_P20
45.97500000000189,-74.70733477712133,proximal,NX16_1_P20
46.0000000000019,-74.7076988210338,proximal,NX16_1_P20
46.0250000000019,-74.70806242149798,proximal,NX16_1_P20
46.05000000000191,-74.70842557897595,proximal,NX16_1_P20
46.07500000000192,-74.70878829392994,proximal,NX16_1_P20
46.10000000000192,-74.70915056682242,proximal,NX16_1_P20
46.125000000001926,-74.70951239811593,proximal,NX16_1_P20
46.15000000000193,-74.70987378827328,proximal,NX16_1_P20
46.17500000000194,-74.71023473775739,proximal,NX16_1_P20
46.20000000000194,-74.7105952470313,proximal,NX16_1_P20
46.22500000000195,-74.71095531655826,proximal,NX16_1_P20
46.250000000001954,-74.71131494680158,proximal,NX16_1_P20
46.27500000000196,-74.71167413822478,proximal,NX16_1_P20
46.300000000001965,-74.71203289129146,proximal,NX16_1_P20
46.32500000000197,-74.71239120646533,proximal,NX16_1_P20
46.35000000000198,-74.71274908421024,proximal,NX16_1_P20
46.37500000000198,-74.71310652499017,proximal,NX16_1_P20
46.40000000000199,-74.71346352926913,proximal,NX16_1_P20
46.425000000002,-74.71382009751129,proximal,NX16_1_P20
46.450000000002,-74.7141762301809,proximal,NX16_1_P20
46.475000000002005,-74.71453192774226,proximal,NX16_1_P20
46.50000000000201,-74.71488719065978,proximal,NX16_1_P20
46.52500000000202,-74.71524201939795,proximal,NX16_1_P20
46.55000000000202,-74.7155964144213,proximal,NX16_1_P20
46.57500000000203,-74.71595037619446,proximal,NX16_1_P20
46.600000000002034,-74.71630390518206,proximal,NX16_1_P20
46.62500000000204,-74.71665700184886,proximal,NX16_1_P20
46.650000000002045,-74.71700966665959,proximal,NX16_1_P20
46.67500000000205,-74.71736190007907,proximal,NX16_1_P20
46.700000000002056,-74.71771370257214,proximal,NX16_1_P20
46.72500000000206,-74.71806507460367,proximal,NX16_1_P20
46.75000000000207,-74.71841601663856,proximal,NX16_1_P20
46.77500000000207,-74.71876652914173,proximal,NX16_1_P20
46.80000000000208,-74.71911661257812,proximal,NX16_1_P20
46.825000000002085,-74.71946626741267,proximal,NX16_1_P20
46.85000000000209,-74.71981549411034,proximal,NX16_1_P20
46.875000000002096,-74.72016429313607,proximal,NX16_1_P20
46.9000000000021,-74.72051266495481,proximal,NX16_1_P20
46.92500000000211,-74.72086061003152,proximal,NX16_1_P20
46.95000000000211,-74.72120812883112,proximal,NX16_1_P20
46.97500000000212,-74.7215552218185,proximal,NX16_1_P20
47.000000000002125,-74.72190188945858,proximal,NX16_1_P20
47.02500000000213,-74.72224813221621,proximal,NX16_1_P20
47.050000000002136,-74.7225939505562,proximal,NX16_1_P20
47.07500000000214,-74.72293934494336,proximal,NX16_1_P20
47.10000000000215,-74.72328431584243,proximal,NX16_1_P20
47.12500000000215,-74.72362886371813,proximal,NX16_1_P20
47.15000000000216,-74.72397298903512,proximal,NX16_1_P20
47.17500000000216,-74.72431669225799,proximal,NX16_1_P20
47.20000000000217,-74.72465997385127,proximal,NX16_1_P20
47.225000000002176,-74.7250028342795,proximal,NX16_1_P20
47.25000000000218,-74.72534527400703,proximal,NX16_1_P20
47.27500000000219,-74.72568729349824,proximal,NX16_1_P20
47.30000000000219,-74.7260288932174,proximal,NX16_1_P20
47.3250000000022,-74.7263700736287,proximal,NX16_1_P20
47.35000000000221,-74.72671083519624,proximal,NX16_1_P20
47.37500000000221,-74.72705117838406,proximal,NX16_1_P20
47.400000000002215,-74.72739110365606,proximal,NX16_1_P20
47.42500000000222,-74.7277306114761,proximal,NX16_1_P20
47.45000000000223,-74.72806970230792,proximal,NX16_1_P20
47.47500000000223,-74.72840837661514,proximal,NX16_1_P20
47.50000000000224,-74.7287466348613,proximal,NX16_1_P20
47.52500000000224,-74.72908447750979,proximal,NX16_1_P20
47.55000000000225,-74.72942190502394,proximal,NX16_1_P20
47.575000000002255,-74.72975891786693,proximal,NX16_1_P20
47.60000000000226,-74.73009551650183,proximal,NX16_1_P20
47.62500000000227,-74.73043170139157,proximal,NX16_1_P20
47.65000000000227,-74.73076747299895,proximal,NX16_1_P20
47.67500000000228,-74.73110283178666,proximal,NX16_1_P20
47.70000000000229,-74.73143777821724,proximal,NX16_1_P20
47.72500000000229,-74.73177231275311,proximal,NX16_1_P20
47.750000000002295,-74.7321064358565,proximal,NX16_1_P20
47.7750000000023,-74.73244014798954,proximal,NX16_1_P20
47.80000000000231,-74.7327734496142,proximal,NX16_1_P20
47.82500000000231,-74.73310634119228,proximal,NX16_1_P20
47.85000000000232,-74.73343882318544,proximal,NX16_1_P20
47.87500000000232,-74.73377089605518,proximal,NX16_1_P20
47.90000000000233,-74.73410256026281,proximal,NX16_1_P20
47.925000000002335,-74.73443381626953,proximal,NX16_1_P20
47.95000000000234,-74.73476466453633,proximal,NX16_1_P20
47.975000000002346,-74.73509510552401,proximal,NX16_1_P20
48.00000000000235,-74.73542513969326,proximal,NX16_1_P20
48.02500000000236,-74.73575476750452,proximal,NX16_1_P20
48.05000000000236,-74.73608398941809,proximal,NX16_1_P20
48.07500000000237,-74.73641280589408,proximal,NX16_1_P20
48.100000000002375,-74.73674121739239,proximal,NX16_1_P20
48.12500000000238,-74.73706922437277,proximal,NX16_1_P20
48.15000000000239,-74.73739682729475,proximal,NX16_1_P20
48.17500000000239,-74.73772402661766,proximal,NX16_1_P20
48.2000000000024,-74.73805082280062,proximal,NX16_1_P20
48.2250000000024,-74.7383772163026,proximal,NX16_1_P20
48.25000000000241,-74.7387032075823,proximal,NX16_1_P20
48.275000000002414,-74.73902879709826,proximal,NX16_1_P20
48.30000000000242,-74.73935398530878,proximal,NX16_1_P20
48.325000000002426,-74.73967877267197,proximal,NX16_1_P20
48.35000000000243,-74.74000315964571,proximal,NX16_1_P20
48.37500000000244,-74.74032714668765,proximal,NX16_1_P20
48.40000000000244,-74.74065073425525,proximal,NX16_1_P20
48.42500000000245,-74.74097392280572,proximal,NX16_1_P20
48.45000000000245,-74.74129671279604,proximal,NX16_1_P20
48.47500000000246,-74.741619104683,proximal,NX16_1_P20
48.50000000000247,-74.7419410989231,proximal,NX16_1_P20
48.52500000000247,-74.74226269597266,proximal,NX16_1_P20
48.55000000000248,-74.74258389628771,proximal,NX16_1_P20
48.57500000000248,-74.7429047003241,proximal,NX16_1_P20
48.60000000000249,-74.7432251085374,proximal,NX16_1_P20
48.625000000002494,-74.74354512138295,proximal,NX16_1_P20
48.6500000000025,-74.74386473931582,proximal,NX16_1_P20
48.675000000002505,-74.74418396279086,proximal,NX16_1_P20
48.70000000000251,-74.74450279226267,proximal,NX16_1_P20
48.72500000000252,-74.74482122818556,proximal,NX16_1_P20
48.75000000000252,-74.74513927101361,proximal,NX16_1_P20
48.77500000000253,-74.74545692120066,proximal,NX16_1_P20
48.80000000000253,-74.74577417920027,proximal,NX16_1_P20
48.82500000000254,-74.74609104546572,proximal,NX16_1_P20
48.85000000000255,-74.74640752045005,proximal,NX16_1_P20
48.87500000000255,-74.74672360460603,proximal,NX16_1_P20
48.90000000000256,-74.74703929838617,proximal,NX16_1_P20
48.92500000000256,-74.74735460224267,proximal,NX16_1_P20
48.95000000000257,-74.7476695166275,proximal,NX16_1_P20
48.975000000002574,-74.74798404199234,proximal,NX16_1_P20
49.00000000000258,-74.74829817878857,proximal,NX16_1_P20
49.025000000002585,-74.74861192746734,proximal,NX16_1_P20
49.05000000000259,-74.74892528847947,proximal,NX16_1_P20
49.0750000000026,-74.74923826227553,proximal,NX16_1_P20
49.1000000000026,-74.74955084930578,proximal,NX16_1_P20
49.12500000000261,-74.74986305002021,proximal,NX16_1_P20
49.15000000000261,-74.75017486486851,proximal,NX16_1_P20
49.17500000000262,-74.75048629430009,proximal,NX16_1_P20
49.20000000000263,-74.75079733876406,proximal,NX16_1_P20
49.22500000000263,-74.75110799870923,proximal,NX16_1_P20
49.25000000000264,-74.75141827458411,proximal,NX16_1_P20
49.27500000000264,-74.75172816683695,proximal,NX16_1_P20
49.30000000000265,-74.75203767591564,proximal,NX16_1_P20
49.32500000000265,-74.75234680226784,proximal,NX16_1_P20
49.35000000000266,-74.75265554634082,proximal,NX16_1_P20
49.375000000002665,-74.75296390858159,proximal,NX16_1_P20
49.40000000000267,-74.75327188943689,proximal,NX16_1_P20
49.42500000000268,-74.75357948935309,proximal,NX16_1_P20
49.45000000000268,-74.75388670877626,proximal,NX16_1_P20
49.47500000000269,-74.7541935481522,proximal,NX16_1_P20
49.50000000000269,-74.75450000792635,proximal,NX16_1_P20
49.5250000000027,-74.75480608854384,proximal,NX16_1_P20
49.550000000002704,-74.75511179044952,proximal,NX16_1_P20
49.57500000000271,-74.75541711408788,proximal,NX16_1_P20
49.60000000000272,-74.75572205990309,proximal,NX16_1_P20
49.62500000000272,-74.75602662833903,proximal,NX16_1_P20
49.65000000000273,-74.75633081983925,proximal,NX16_1_P20
49.67500000000273,-74.75663463484693,proximal,NX16_1_P20
49.70000000000274,-74.75693807380499,proximal,NX16_1_P20
49.72500000000274,-74.75724113715599,proximal,NX16_1_P20
49.75000000000275,-74.75754382534214,proximal,NX16_1_P20
49.77500000000276,-74.75784613880535,proximal,NX16_1_P20
49.80000000000276,-74.75814807798719,proximal,NX16_1_P20
49.82500000000277,-74.75844964332889,proximal,NX16_1_P20
49.85000000000277,-74.75875083527136,proximal,NX16_1_P20
49.87500000000278,-74.75905165425516,proximal,NX16_1_P20
49.900000000002784,-74.7593521007205,proximal,NX16_1_P20
49.92500000000279,-74.75965217510729,proximal,NX16_1_P20
49.9500000000028,-74.75995187785506,proximal,NX16_1_P20
49.9750000000028,-74.76025120940302,proximal,NX16_1_P20
50.00000000000281,-74.76055017019004,proximal,NX16_1_P20
50.02500000000281,-74.76084876065462,proximal,NX16_1_P20
50.05000000000282,-74.76114698123494,proximal,NX16_1_P20
50.07500000000282,-74.76144483236884,proximal,NX16_1_P20
50.10000000000283,-74.76174231449377,proximal,NX16_1_P20
50.12500000000284,-74.76203942804689,proximal,NX16_1_P20
50.15000000000284,-74.76233617346494,proximal,NX16_1_P20
50.175000000002846,-74.76263255118438,proximal,NX16_1_P20
50.20000000000285,-74.76292856164126,proximal,NX16_1_P20
50.22500000000286,-74.76322420527131,proximal,NX16_1_P20
50.25000000000286,-74.7635194825099,proximal,NX16_1_P20
50.27500000000287,-74.76381439379205,proximal,NX16_1_P20
50.30000000000288,-74.76410893955237,proximal,NX16_1_P20
50.32500000000288,-74.7644031202252,proximal,NX16_1_P20
50.350000000002886,-74.76469693624443,proximal,NX16_1_P20
50.37500000000289,-74.76499038804367,proximal,NX16_1_P20
50.4000000000029,-74.76528347605611,proximal,NX16_1_P20
50.4250000000029,-74.7655762007146,proximal,NX16_1_P20
50.45000000000291,-74.76586856245164,proximal,NX16_1_P20
50.47500000000292,-74.76616056169934,proximal,NX16_1_P20
50.50000000000292,-74.76645219888945,proximal,NX16_1_P20
50.525000000002926,-74.76674347445338,proximal,NX16_1_P20
50.55000000000293,-74.76703438882213,proximal,NX16_1_P20
50.57500000000294,-74.76732494242637,proximal,NX16_1_P20
50.60000000000294,-74.76761513569636,proximal,NX16_1_P20
50.62500000000295,-74.76790496906203,proximal,NX16_1_P20
50.65000000000296,-74.76819444295292,proximal,NX16_1_P20
50.67500000000296,-74.7684835577982,proximal,NX16_1_P20
50.700000000002966,-74.76877231402666,proximal,NX16_1_P20
50.72500000000297,-74.76906071206673,proximal,NX16_1_P20
50.75000000000298,-74.76934875234645,proximal,NX16_1_P20
50.77500000000298,-74.76963643529349,proximal,NX16_1_P20
50.80000000000299,-74.76992376133515,proximal,NX16_1_P20
50.825000000002994,-74.77021073089836,proximal,NX16_1_P20
50.850000000003,-74.77049734440963,proximal,NX16_1_P20
50.875000000003006,-74.77078360229514,proximal,NX16_1_P20
50.90000000000301,-74.77106950498067,proximal,NX16_1_P20
50.92500000000302,-74.77135505289161,proximal,NX16_1_P20
50.95000000000302,-74.77164024645299,proximal,NX16_1_P20
50.97500000000303,-74.77192508608944,proximal,NX16_1_P20
51.00000000000304,-74.77220957222521,proximal,NX16_1_P20
51.02500000000304,-74.77249370528418,proximal,NX16_1_P20
51.050000000003045,-74.77277748568983,proximal,NX16_1_P20
51.07500000000305,-74.77306091386525,proximal,NX16_1_P20
51.10000000000306,-74.77334399023317,proximal,NX16_1_P20
51.12500000000306,-74.77362671521591,proximal,NX16_1_P20
51.15000000000307,-74.7739090892354,proximal,NX16_1_P20
51.175000000003074,-74.77419111271321,proximal,NX16_1_P20
51.20000000000308,-74.7744727860705,proximal,NX16_1_P20
51.225000000003085,-74.77475410972805,proximal,NX16_1_P20
51.25000000000309,-74.77503508410622,proximal,NX16_1_P20
51.2750000000031,-74.77531570962503,proximal,NX16_1_P20
51.3000000000031,-74.77559598670408,proximal,NX16_1_P20
51.32500000000311,-74.77587591576255,proximal,NX16_1_P20
51.35000000000312,-74.7761554972193,proximal,NX16_1_P20
51.37500000000312,-74.77643473149276,proximal,NX16_1_P20
51.400000000003125,-74.77671361900092,proximal,NX16_1_P20
51.42500000000313,-74.77699216016144,proximal,NX16_1_P20
51.450000000003136,-74.77727035539158,proximal,NX16_1_P20
51.47500000000314,-74.77754820510816,proximal,NX16_1_P20
51.50000000000315,-74.77782570972765,proximal,NX16_1_P20
51.52500000000315,-74.77810286966611,proximal,NX16_1_P20
51.55000000000316,-74.77837968533919,proximal,NX16_1_P20
51.575000000003165,-74.77865615716216,proximal,NX16_1_P20
51.60000000000317,-74.77893228554987,proximal,NX16_1_P20
51.625000000003176,-74.7792080709168,proximal,NX16_1_P20
51.65000000000318,-74.779483513677,proximal,NX16_1_P20
51.67500000000319,-74.77975861424416,proximal,NX16_1_P20
51.70000000000319,-74.78003337303153,proximal,NX16_1_P20
51.7250000000032,-74.78030779045199,proximal,NX16_1_P20
51.750000000003205,-74.780581866918,proximal,NX16_1_P20
51.77500000000321,-74.78085560284161,proximal,NX16_1_P20
51.800000000003216,-74.78112899863451,proximal,NX16_1_P20
51.82500000000322,-74.78140205470795,proximal,NX16_1_P20
51.85000000000323,-74.78167477147281,proximal,NX16_1_P20
51.87500000000323,-74.7819471493395,proximal,NX16_1_P20
51.90000000000324,-74.78221918871812,proximal,NX16_1_P20
51.92500000000325,-74.78249089001828,proximal,NX16_1_P20
51.95000000000325,-74.78276225364925,proximal,NX16_1_P20
51.975000000003256,-74.78303328001986,proximal,NX16_1_P20
52.00000000000326,-74.78330396953855,proximal,NX16_1_P20
52.02500000000327,-74.78357432261335,proximal,NX16_1_P20
52.05000000000327,-74.78384433965188,proximal,NX16_1_P20
52.07500000000328,-74.78411402106136,proximal,NX16_1_P20
52.10000000000328,-74.7843833672486,proximal,NX16_1_P20
52.12500000000329,-74.78465237862001,proximal,NX16_1_P20
52.150000000003295,-74.78492105558159,proximal,NX16_1_P20
52.1750000000033,-74.78518939853893,proximal,NX16_1_P20
52.20000000000331,-74.7854574078972,proximal,NX16_1_P20
52.22500000000331,-74.7857250840612,proximal,NX16_1_P20
52.25000000000332,-74.78599242743527,proximal,NX16_1_P20
52.27500000000333,-74.7862594384234,proximal,NX16_1_P20
52.30000000000333,-74.7865261174291,proximal,NX16_1_P20
52.325000000003335,-74.78679246485555,proximal,NX16_1_P20
52.35000000000334,-74.78705848110546,proximal,NX16_1_P20
52.37500000000335,-74.78732416658114,proximal,NX16_1_P20
52.40000000000335,-74.78758952168454,proximal,NX16_1_P20
52.42500000000336,-74.78785454681712,proximal,NX16_1_P20
52.45000000000336,-74.78811924237999,proximal,NX16_1_P20
52.47500000000337,-74.78838360877383,proximal,NX16_1_P20
52.500000000003375,-74.78864764639891,proximal,NX16_1_P20
52.52500000000338,-74.78891135565509,proximal,NX16_1_P20
52.550000000003386,-74.7891747369418,proximal,NX16_1_P20
52.57500000000339,-74.7894377906581,proximal,NX16_1_P20
52.6000000000034,-74.78970051720259,proximal,NX16_1_P20
52.6250000000034,-74.78996291697351,proximal,NX16_1_P20
52.65000000000341,-74.79022499036863,proximal,NX16_1_P20
52.675000000003415,-74.79048673778534,proximal,NX16_1_P20
52.70000000000342,-74.79074815962063,proximal,NX16_1_P20
52.72500000000343,-74.79100925627107,proximal,NX16_1_P20
52.75000000000343,-74.79127002813277,proximal,NX16_1_P20
52.77500000000344,-74.7915304756015,proximal,NX16_1_P20
52.80000000000344,-74.79179059907257,proximal,NX16_1_P20
52.82500000000345,-74.7920503989409,proximal,NX16_1_P20
52.850000000003455,-74.79230987560096,proximal,NX16_1_P20
52.87500000000346,-74.79256902944685,proximal,NX16_1_P20
52.900000000003466,-74.79282786087225,proximal,NX16_1_P20
52.92500000000347,-74.79308637027039,proximal,NX16_1_P20
52.95000000000348,-74.79334455803411,proximal,NX16_1_P20
52.97500000000348,-74.79360242455584,proximal,NX16_1_P20
53.00000000000349,-74.79385997022762,proximal,NX16_1_P20
53.02500000000349,-74.794117195441,proximal,NX16_1_P20
53.0500000000035,-74.79437410058719,proximal,NX16_1_P20
53.07500000000351,-74.79463068605696,proximal,NX16_1_P20
53.10000000000351,-74.79488695224066,proximal,NX16_1_P20
53.12500000000352,-74.79514289952822,proximal,NX16_1_P20
53.15000000000352,-74.79539852830915,proximal,NX16_1_P20
53.17500000000353,-74.7956538389726,proximal,NX16_1_P20
53.200000000003534,-74.79590883190723,proximal,NX16_1_P20
53.22500000000354,-74.79616350750132,proximal,NX16_1_P20
53.250000000003546,-74.79641786614275,proximal,NX16_1_P20
53.27500000000355,-74.79667190821895,proximal,NX16_1_P20
53.30000000000356,-74.79692563411696,proximal,NX16_1_P20
53.32500000000356,-74.79717904422341,proximal,NX16_1_P20
53.35000000000357,-74.79743213892448,proximal,NX16_1_P20
53.37500000000357,-74.79768491860597,proximal,NX16_1_P20
53.40000000000358,-74.79793738365325,proximal,NX16_1_P20
53.42500000000359,-74.79818953445127,proximal,NX16_1_P20
53.45000000000359,-74.79844137138457,proximal,NX16_1_P20
53.4750000000036,-74.79869289483727,proximal,NX16_1_P20
53.5000000000036,-74.79894410519309,proximal,NX16_1_P20
53.52500000000361,-74.79919500283532,proximal,NX16_1_P20
53.550000000003614,-74.79944558814684,proximal,NX16_1_P20
53.57500000000362,-74.7996958615101,proximal,NX16_1_P20
53.600000000003625,-74.79994582330717,proximal,NX16_1_P20
53.62500000000363,-74.80019547391966,proximal,NX16_1_P20
53.65000000000364,-74.80044481372879,proximal,NX16_1_P20
53.67500000000364,-74.80069384311535,proximal,NX16_1_P20
53.70000000000365,-74.80094256245975,proximal,NX16_1_P20
53.72500000000365,-74.80119097214194,proximal,NX16_1_P20
53.75000000000366,-74.80143907254148,proximal,NX16_1_P20
53.77500000000367,-74.8016868640375,proximal,NX16_1_P20
53.80000000000367,-74.80193434700874,proximal,NX16_1_P20
53.82500000000368,-74.80218152183349,proximal,NX16_1_P20
53.85000000000368,-74.80242838888964,proximal,NX16_1_P20
53.87500000000369,-74.80267494855468,proximal,NX16_1_P20
53.90000000000369,-74.80292120120566,proximal,NX16_1_P20
53.9250000000037,-74.80316714721924,proximal,NX16_1_P20
53.950000000003705,-74.80341278697165,proximal,NX16_1_P20
53.97500000000371,-74.80365812083868,proximal,NX16_1_P20
54.00000000000372,-74.80390314919576,proximal,NX16_1_P20
54.02500000000372,-74.80414787241786,proximal,NX16_1_P20
54.05000000000373,-74.80439229087955,proximal,NX16_1_P20
54.07500000000373,-74.804636404955,proximal,NX16_1_P20
54.10000000000374,-74.80488021501795,proximal,NX16_1_P20
54.12500000000375,-74.80512372144172,proximal,NX16_1_P20
54.15000000000375,-74.80536692459921,proximal,NX16_1_P20
54.17500000000376,-74.80560982486294,proximal,NX16_1_P20
54.20000000000376,-74.80585242260499,proximal,NX16_1_P20
54.22500000000377,-74.80609471819702,proximal,NX16_1_P20
54.25000000000377,-74.80633671201029,proximal,NX16_1_P20
54.27500000000378,-74.80657840441565,proximal,NX16_1_P20
54.30000000000378,-74.80681979578351,proximal,NX16_1_P20
54.32500000000379,-74.8070608864839,proximal,NX16_1_P20
54.3500000000038,-74.8073016768864,proximal,NX16_1_P20
54.3750000000038,-74.80754216736021,proximal,NX16_1_P20
54.40000000000381,-74.80778235827411,proximal,NX16_1_P20
54.42500000000381,-74.80802224999645,proximal,NX16_1_P20
54.45000000000382,-74.80826184289518,proximal,NX16_1_P20
54.475000000003824,-74.80850113733781,proximal,NX16_1_P20
54.50000000000383,-74.8087401336915,proximal,NX16_1_P20
54.52500000000384,-74.80897883232292,proximal,NX16_1_P20
54.55000000000384,-74.8092172335984,proximal,NX16_1_P20
54.57500000000385,-74.80945533788379,proximal,NX16_1_P20
54.60000000000385,-74.80969314554457,proximal,NX16_1_P20
54.62500000000386,-74.80993065694581,proximal,NX16_1_P20
54.65000000000386,-74.81016787245214,proximal,NX16_1_P20
54.67500000000387,-74.8104047924278,proximal,NX16_1_P20
54.70000000000388,-74.81064141723661,proximal,NX16_1_P20
54.72500000000388,-74.81087774724197,proximal,NX16_1_P20
54.75000000000389,-74.8111137828069,proximal,NX16_1_P20
54.77500000000389,-74.81134952429396,proximal,NX16_1_P20
54.8000000000039,-74.81158497206535,proximal,NX16_1_P20
54.825000000003904,-74.81182012648283,proximal,NX16_1_P20
54.85000000000391,-74.81205498790774,proximal,NX16_1_P20
54.87500000000392,-74.81228955670103,proximal,NX16_1_P20
54.90000000000392,-74.81252383322324,proximal,NX16_1_P20
54.92500000000393,-74.81275781783448,proximal,NX16_1_P20
54.95000000000393,-74.81299151089448,proximal,NX16_1_P20
54.97500000000394,-74.81322491276252,proximal,NX16_1_P20
55.00000000000394,-74.81345802379751,proximal,NX16_1_P20
55.02500000000395,-74.81369084435794,proximal,NX16_1_P20
55.05000000000396,-74.81392337480186,proximal,NX16_1_P20
55.07500000000396,-74.81415561548694,proximal,NX16_1_P20
55.100000000003966,-74.81438756677045,proximal,NX16_1_P20
55.12500000000397,-74.81461922900924,proximal,NX16_1_P20
55.15000000000398,-74.81485060255973,proximal,NX16_1_P20
55.17500000000398,-74.81508168777795,proximal,NX16_1_P20
55.20000000000399,-74.81531248501953,proximal,NX16_1_P20
55.225000000004,-74.8155429946397,proximal,NX16_1_P20
55.250000000004,-74.81577321699324,proximal,NX16_1_P20
55.275000000004006,-74.81600315243455,proximal,NX16_1_P20
55.30000000000401,-74.81623280131764,proximal,NX16_1_P20
55.32500000000402,-74.81646216399608,proximal,NX16_1_P20
55.35000000000402,-74.81669124082305,proximal,NX16_1_P20
55.37500000000403,-74.81692003215133,proximal,NX16_1_P20
55.400000000004034,-74.81714853833327,proximal,NX16_1_P20
55.42500000000404,-74.81737675972084,proximal,NX16_1_P20
55.450000000004046,-74.81760469666558,proximal,NX16_1_P20
55.47500000000405,-74.81783234951865,proximal,NX16_1_P20
55.50000000000406,-74.81805971863079,proximal,NX16_1_P20
55.52500000000406,-74.81828680435233,proximal,NX16_1_P20
55.55000000000407,-74.81851360703318,proximal,NX16_1_P20
55.57500000000408,-74.8187401270229,proximal,NX16_1_P20
55.60000000000408,-74.8189663646706,proximal,NX16_1_P20
55.625000000004086,-74.819192320325,proximal,NX16_1_P20
55.65000000000409,-74.8194179943344,proximal,NX16_1_P20
55.6750000000041,-74.81964338704672,proximal,NX16_1_P20
55.7000000000041,-74.81986849880946,proximal,NX16_1_P20
55.72500000000411,-74.82009332996972,proximal,NX16_1_P20
55.750000000004114,-74.82031788087421,proximal,NX16_1_P20
55.77500000000412,-74.82054215186922,proximal,NX16_1_P20
55.800000000004125,-74.82076614330065,proximal,NX16_1_P20
55.82500000000413,-74.82098985551397,proximal,NX16_1_P20
55.85000000000414,-74.82121328885428,proximal,NX16_1_P20
55.87500000000414,-74.82143644366629,proximal,NX16_1_P20
55.90000000000415,-74.82165932029424,proximal,NX16_1_P20
55.92500000000416,-74.82188191908206,proximal,NX16_1_P20
55.95000000000416,-74.8221042403732,proximal,NX16_1_P20
55.975000000004165,-74.82232628451078,proximal,NX16_1_P20
56.00000000000417,-74.82254805183744,proximal,NX16_1_P20
56.02500000000418,-74.8227695426955,proximal,NX16_1_P20
56.05000000000418,-74.82299075742681,proximal,NX16_1_P20
56.07500000000419,-74.82321169637287,proximal,NX16_1_P20
56.100000000004194,-74.82343235987476,proximal,NX16_1_P20
56.1250000000042,-74.82365274827316,proximal,NX16_1_P20
56.150000000004205,-74.82387286190836,proximal,NX16_1_P20
56.17500000000421,-74.82409270112025,proximal,NX16_1_P20
56.200000000004216,-74.8243122662483,proximal,NX16_1_P20
56.22500000000422,-74.82453155763162,proximal,NX16_1_P20
56.25000000000423,-74.8247505756089,proximal,NX16_1_P20
56.27500000000423,-74.82496932051842,proximal,NX16_1_P20
56.30000000000424,-74.8251877926981,proximal,NX16_1_P20
56.325000000004245,-74.82540599248543,proximal,NX16_1_P20
56.35000000000425,-74.8256239202175,proximal,NX16_1_P20
56.375000000004256,-74.82584157623104,proximal,NX16_1_P20
56.40000000000426,-74.82605896086235,proximal,NX16_1_P20
56.42500000000427,-74.82627607444735,proximal,NX16_1_P20
56.45000000000427,-74.82649291732157,proximal,NX16_1_P20
56.47500000000428,-74.82670948982012,proximal,NX16_1_P20
56.500000000004285,-74.82692579227773,proximal,NX16_1_P20
56.52500000000429,-74.82714182502876,proximal,NX16_1_P20
56.550000000004296,-74.82735758840712,proximal,NX16_1_P20
56.5750000000043,-74.8275730827464,proximal,NX16_1_P20
56.60000000000431,-74.82778830837971,proximal,NX16_1_P20
56.62500000000431,-74.82800326563984,proximal,NX16_1_P20
56.65000000000432,-74.82821795485914,proximal,NX16_1_P20
56.67500000000432,-74.8284323763696,proximal,NX16_1_P20
56.70000000000433,-74.82864653050281,proximal,NX16_1_P20
56.725000000004336,-74.82886041758994,proximal,NX16_1_P20
56.75000000000434,-74.82907403796179,proximal,NX16_1_P20
56.77500000000435,-74.82928739194878,proximal,NX16_1_P20
56.80000000000435,-74.82950047988093,proximal,NX16_1_P20
56.82500000000436,-74.82971330208785,proximal,NX16_1_P20
56.85000000000437,-74.8299258588988,proximal,NX16_1_P20
56.87500000000437,-74.8301381506426,proximal,NX16_1_P20
56.900000000004376,-74.83035017764772,proximal,NX16_1_P20
56.92500000000438,-74.83056194024222,proximal,NX16_1_P20
56.95000000000439,-74.83077343875377,proximal,NX16_1_P20
56.97500000000439,-74.83098467350966,proximal,NX16_1_P20
57.0000000000044,-74.8311956448368,proximal,NX16_1_P20
57.0250000000044,-74.83140635306168,proximal,NX16_1_P20
57.05000000000441,-74.83161679851045,proximal,NX16_1_P20
57.075000000004415,-74.83182698150883,proximal,NX16_1_P20
57.10000000000442,-74.83203690238216,proximal,NX16_1_P20
57.12500000000443,-74.8322465614554,proximal,NX16_1_P20
57.15000000000443,-74.83245595905314,proximal,NX16_1_P20
57.17500000000444,-74.83266509549955,proximal,NX16_1_P20
57.20000000000445,-74.83287397111843,proximal,NX16_1_P20
57.22500000000445,-74.83308258623322,proximal,NX16_1_P20
57.250000000004455,-74.83329094116692,proximal,NX16_1_P20
57.27500000000446,-74.8334990362422,proximal,NX16_1_P20
57.30000000000447,-74.8337068717813,proximal,NX16_1_P20
57.32500000000447,-74.8339144481061,proximal,NX16_1_P20
57.35000000000448,-74.8341217655381,proximal,NX16_1_P20
57.37500000000448,-74.8343288243984,proximal,NX16_1_P20
57.40000000000449,-74.83453562500772,proximal,NX16_1_P20
57.425000000004495,-74.83474216768641,proximal,NX16_1_P20
57.4500000000045,-74.83494845275443,proximal,NX16_1_P20
57.475000000004506,-74.83515448053134,proximal,NX16_1_P20
57.50000000000451,-74.83536025133637,proximal,NX16_1_P20
57.52500000000452,-74.83556576548828,proximal,NX16_1_P20
57.55000000000452,-74.83577102330554,proximal,NX16_1_P20
57.57500000000453,-74.83597602510619,proximal,NX16_1_P20
57.600000000004535,-74.83618077120789,proximal,NX16_1_P20
57.62500000000454,-74.83638526192794,proximal,NX16_1_P20
57.65000000000455,-74.83658949758325,proximal,NX16_1_P20
57.67500000000455,-74.83679347849034,proximal,NX16_1_P20
57.70000000000456,-74.83699720496536,proximal,NX16_1_P20
57.72500000000456,-74.83720067732408,proximal,NX16_1_P20
57.75000000000457,-74.83740389588189,proximal,NX16_1_P20
57.775000000004574,-74.83760686095381,proximal,NX16_1_P20
57.80000000000458,-74.83780957285447,proximal,NX16_1_P20
57.825000000004586,-74.83801203189813,proximal,NX16_1_P20
57.85000000000459,-74.83821423839868,proximal,NX16_1_P20
57.8750000000046,-74.83841619266961,proximal,NX16_1_P20
57.9000000000046,-74.83861789502404,proximal,NX16_1_P20
57.92500000000461,-74.83881934577474,proximal,NX16_1_P20
57.95000000000461,-74.83902054523408,proximal,NX16_1_P20
57.97500000000462,-74.83922149371405,proximal,NX16_1_P20
58.00000000000463,-74.83942219152628,proximal,NX16_1_P20
58.02500000000463,-74.83962263898201,proximal,NX16_1_P20
58.05000000000464,-74.83982283639213,proximal,NX16_1_P20
58.07500000000464,-74.84002278406713,proximal,NX16_1_P20
58.10000000000465,-74.84022248231713,proximal,NX16_1_P20
58.125000000004654,-74.8404219314519,proximal,NX16_1_P20
58.15000000000466,-74.84062113178082,proximal,NX16_1_P20
58.175000000004665,-74.84082008361287,proximal,NX16_1_P20
58.20000000000467,-74.84101878725671,proximal,NX16_1_P20
58.22500000000468,-74.84121724302061,proximal,NX16_1_P20
58.25000000000468,-74.84141545121243,proximal,NX16_1_P20
58.27500000000469,-74.84161341213971,proximal,NX16_1_P20
58.30000000000469,-74.84181112610959,proximal,NX16_1_P20
58.3250000000047,-74.84200859342886,proximal,NX16_1_P20
58.35000000000471,-74.84220581440393,proximal,NX16_1_P20
58.37500000000471,-74.84240278934081,proximal,NX16_1_P20
58.40000000000472,-74.8425995185452,proximal,NX16_1_P20
58.42500000000472,-74.84279600232237,proximal,NX16_1_P20
58.45000000000473,-74.84299224097728,proximal,NX16_1_P20
58.475000000004734,-74.84318823481448,proximal,NX16_1_P20
58.50000000000474,-74.84338398413814,proximal,NX16_1_P20
58.525000000004745,-74.84357948925214,proximal,NX16_1_P20
58.55000000000475,-74.84377475045987,proximal,NX16_1_P20
58.57500000000476,-74.84396976806448,proximal,NX16_1_P20
58.60000000000476,-74.84416454236867,proximal,NX16_1_P20
58.62500000000477,-74.8443590736748,proximal,NX16_1_P20
58.65000000000477,-74.84455336228486,proximal,NX16_1_P20
58.67500000000478,-74.84474740850047,proximal,NX16_1_P20
58.70000000000479,-74.8449412126229,proximal,NX16_1_P20
58.72500000000479,-74.84513477495305,proximal,NX16_1_P20
58.7500000000048,-74.84532809579146,proximal,NX16_1_P20
58.7750000000048,-74.84552117543828,proximal,NX16_1_P20
58.80000000000481,-74.84571401419332,proximal,NX16_1_P20
58.82500000000481,-74.84590661235602,proximal,NX16_1_P20
58.85000000000482,-74.84609897022547,proximal,NX16_1_P20
58.875000000004825,-74.84629108810037,proximal,NX16_1_P20
58.90000000000483,-74.84648296627907,proximal,NX16_1_P20
58.92500000000484,-74.84667460505958,proximal,NX16_1_P20
58.95000000000484,-74.84686600473951,proximal,NX16_1_P20
58.97500000000485,-74.84705716561614,proximal,NX16_1_P20
59.00000000000485,-74.84724808798636,proximal,NX16_1_P20
59.02500000000486,-74.84743877214675,proximal,NX16_1_P20
59.050000000004864,-74.84762921839345,proximal,NX16_1_P20
59.07500000000487,-74.84781942702233,proximal,NX16_1_P20
59.10000000000488,-74.84800939832883,proximal,NX16_1_P20
59.12500000000488,-74.84819913260806,proximal,NX16_1_P20
59.15000000000489,-74.84838863015479,proximal,NX16_1_P20
59.17500000000489,-74.84857789126339,proximal,NX16_1_P20
59.2000000000049,-74.84876691622789,proximal,NX16_1_P20
59.2250000000049,-74.84895570534198,proximal,NX16_1_P20
59.25000000000491,-74.84914425889899,proximal,NX16_1_P20
59.27500000000492,-74.84933257719184,proximal,NX16_1_P20
59.30000000000492,-74.84952066051318,proximal,NX16_1_P20
59.32500000000493,-74.84970850915523,proximal,NX16_1_P20
59.35000000000493,-74.84989612340989,proximal,NX16_1_P20
59.37500000000494,-74.85008350356871,proximal,NX16_1_P20
59.400000000004944,-74.85027064992286,proximal,NX16_1_P20
59.42500000000495,-74.85045756276317,proximal,NX16_1_P20
59.45000000000496,-74.8506442423801,proximal,NX16_1_P20
59.47500000000496,-74.8508306890638,proximal,NX16_1_P20
59.50000000000497,-74.85101690310402,proximal,NX16_1_P20
59.52500000000497,-74.85120288479017,proximal,NX16_1_P20
59.55000000000498,-74.85138863441132,proximal,NX16_1_P20
59.57500000000498,-74.85157415225616,proximal,NX16_1_P20
59.60000000000499,-74.85175943861307,proximal,NX16_1_P20
59.625000000005,-74.85194449377005,proximal,NX16_1_P20
59.650000000005,-74.85212931801473,proximal,NX16_1_P20
59.67500000000501,-74.85231391163444,proximal,NX16_1_P20
59.70000000000501,-74.85249827491612,proximal,NX16_1_P20
59.72500000000502,-74.85268240814636,proximal,NX16_1_P20
59.75000000000502,-74.85286631161144,proximal,NX16_1_P20
59.77500000000503,-74.85304998559722,proximal,NX16_1_P20
59.80000000000504,-74.85323343038931,proximal,NX16_1_P20
59.82500000000504,-74.85341664627286,proximal,NX16_1_P20
59.850000000005046,-74.85359963353275,proximal,NX16_1_P20
59.87500000000505,-74.8537823924535,proximal,NX16_1_P20
59.90000000000506,-74.85396492331924,proximal,NX16_1_P20
59.92500000000506,-74.8541472264138,proximal,NX16_1_P20
59.95000000000507,-74.85432930202066,proximal,NX16_1_P20
59.97500000000508,-74.85451115042292,proximal,NX16_1_P20
60.00000000000508,-74.85469277190336,proximal,NX16_1_P20
60.025000000005086,-74.8548741667444,proximal,NX16_1_P20
60.05000000000509,-74.85505533522813,proximal,NX16_1_P20
60.0750000000051,-74.8552362776363,proximal,NX16_1_P20
60.1000000000051,-74.85541699425028,proximal,NX16_1_P20
60.12500000000511,-74.85559748535113,proximal,NX16_1_P20
60.15000000000512,-74.85577775121955,proximal,NX16_1_P20
60.17500000000512,-74.85595779213591,proximal,NX16_1_P20
60.200000000005126,-74.85613760838022,proximal,NX16_1_P20
60.22500000000513,-74.85631720023216,proximal,NX16_1_P20
60.25000000000514,-74.85649656797106,proximal,NX16_1_P20
60.27500000000514,-74.85667571187591,proximal,NX16_1_P20
60.30000000000515,-74.85685463222536,proximal,NX16_1_P20
60.325000000005154,-74.85703332929772,proximal,NX16_1_P20
60.35000000000516,-74.85721180337096,proximal,NX16_1_P20
60.375000000005166,-74.8573900547227,proximal,NX16_1_P20
60.40000000000517,-74.85756808363024,proximal,NX16_1_P20
60.42500000000518,-74.8577458903705,proximal,NX16_1_P20
60.45000000000518,-74.8579234752201,proximal,NX16_1_P20
60.47500000000519,-74.85810083845533,proximal,NX16_1_P20
60.5000000000052,-74.85827798035209,proximal,NX16_1_P20
60.5250000000052,-74.85845490118598,proximal,NX16_1_P20
60.550000000005205,-74.85863160123225,proximal,NX16_1_P20
60.57500000000521,-74.85880808076581,proximal,NX16_1_P20
60.60000000000522,-74.85898434006127,proximal,NX16_1_P20
60.62500000000522,-74.85916037939283,proximal,NX16_1_P20
60.65000000000523,-74.85933619903442,proximal,NX16_1_P20
60.675000000005234,-74.85951179925961,proximal,NX16_1_P20
60.70000000000524,-74.85968718034161,proximal,NX16_1_P20
60.725000000005245,-74.85986234255334,proximal,NX16_1_P20
60.75000000000525,-74.86003728616737,proximal,NX16_1_P20
60.77500000000526,-74.8602120114559,proximal,NX16_1_P20
60.80000000000526,-74.86038651869085,proximal,NX16_1_P20
60.82500000000527,-74.86056080814375,proximal,NX16_1_P20
60.85000000000528,-74.86073488008586,proximal,NX16_1_P20
60.87500000000528,-74.86090873478805,proximal,NX16_1_P20
60.900000000005285,-74.8610823725209,proximal,NX16_1_P20
60.92500000000529,-74.86125579355462,proximal,NX16_1_P20
60.950000000005296,-74.86142899815911,proximal,NX16_1_P20
60.9750000000053,-74.86160198660394,proximal,NX16_1_P20
61.00000000000531,-74.86177475915835,proximal,NX16_1_P20
61.02500000000531,-74.86194731609123,proximal,NX16_1_P20
61.05000000000532,-74.86211965767116,proximal,NX16_1_P20
61.075000000005325,-74.86229178416637,proximal,NX16_1_P20
61.10000000000533,-74.86246369584478,proximal,NX16_1_P20
61.125000000005336,-74.86263539297398,proximal,NX16_1_P20
61.15000000000534,-74.86280687582122,proximal,NX16_1_P20
61.17500000000535,-74.86297814465341,proximal,NX16_1_P20
61.20000000000535,-74.86314919973717,proximal,NX16_1_P20
61.22500000000536,-74.86332004133875,proximal,NX16_1_P20
61.250000000005365,-74.8634906697241,proximal,NX16_1_P20
61.27500000000537,-74.86366108515882,proximal,NX16_1_P20
61.300000000005376,-74.86383128790821,proximal,NX16_1_P20
61.32500000000538,-74.86400127823724,proximal,NX16_1_P20
61.35000000000539,-74.86417105641053,proximal,NX16_1_P20
61.37500000000539,-74.86434062269238,proximal,NX16_1_P20
61.4000000000054,-74.8645099773468,proximal,NX16_1_P20
61.42500000000541,-74.86467912063743,proximal,NX16_1_P20
61.45000000000541,-74.8648480528276,proximal,NX16_1_P20
61.475000000005416,-74.86501677418033,proximal,NX16_1_P20
61.50000000000542,-74.8651852849583,proximal,NX16_1_P20
61.52500000000543,-74.86535358542388,proximal,NX16_1_P20
61.55000000000543,-74.86552167583909,proximal,NX16_1_P20
61.57500000000544,-74.86568955646567,proximal,NX16_1_P20
61.60000000000544,-74.86585722756499,proximal,NX16_1_P20
61.62500000000545,-74.86602468939813,proximal,NX16_1_P20
61.650000000005456,-74.86619194222585,proximal,NX16_1_P20
61.67500000000546,-74.86635898630857,proximal,NX16_1_P20
61.70000000000547,-74.86652582190641,proximal,NX16_1_P20
61.72500000000547,-74.86669244927913,proximal,NX16_1_P20
61.75000000000548,-74.86685886868622,proximal,NX16_1_P20
61.77500000000549,-74.86702508038681,proximal,NX16_1_P20
61.80000000000549,-74.86719108463974,proximal,NX16_1_P20
61.825000000005495,-74.86735688170351,proximal,NX16_1_P20
61.8500000000055,-74.86752247183632,proximal,NX16_1_P20
61.87500000000551,-74.86768785529604,proximal,NX16_1_P20
61.90000000000551,-74.86785303234022,proximal,NX16_1_P20
61.92500000000552,-74.86801800322608,proximal,NX16_1_P20
61.95000000000552,-74.86818276821056,proximal,NX16_1_P20
61.97500000000553,-74.86834732755025,proximal,NX16_1_P20
62.000000000005535,-74.86851168150143,proximal,NX16_1_P20
62.02500000000554,-74.86867583032009,proximal,NX16_1_P20
62.05000000000555,-74.86883977426184,proximal,NX16_1_P20
62.07500000000555,-74.86900351358206,proximal,NX16_1_P20
62.10000000000556,-74.86916704853576,proximal,NX16_1_P20
62.12500000000556,-74.86933037937763,proximal,NX16_1_P20
62.15000000000557,-74.86949350636209,proximal,NX16_1_P20
62.175000000005575,-74.86965642974319,proximal,NX16_1_P20
62.20000000000558,-74.86981914977471,proximal,NX16_1_P20
62.22500000000559,-74.8699816667101,proximal,NX16_1_P20
62.25000000000559,-74.87014398080251,proximal,NX16_1_P20
62.2750000000056,-74.87030609230474,proximal,NX16_1_P20
62.3000000000056,-74.87046800146932,proximal,NX16_1_P20
62.32500000000561,-74.87062970854846,proximal,NX16_1_P20
62.350000000005615,-74.87079121379404,proximal,NX16_1_P20
62.37500000000562,-74.87095251745762,proximal,NX16_1_P20
62.400000000005626,-74.8711136197905,proximal,NX16_1_P20
62.42500000000563,-74.87127452104365,proximal,NX16_1_P20
62.45000000000564,-74.87143522146766,proximal,NX16_1_P20
62.47500000000564,-74.87159572131291,proximal,NX16_1_P20
62.50000000000565,-74.87175602082944,proximal,NX16_1_P20
62.52500000000565,-74.87191612026695,proximal,NX16_1_P20
62.55000000000566,-74.87207601987484,proximal,NX16_1_P20
62.57500000000567,-74.87223571990222,proximal,NX16_1_P20
62.60000000000567,-74.87239522059791,proximal,NX16_1_P20
62.62500000000568,-74.87255452221036,proximal,NX16_1_P20
62.65000000000568,-74.87271362498778,proximal,NX16_1_P20
62.67500000000569,-74.87287252917804,proximal,NX16_1_P20
62.700000000005694,-74.87303123502869,proximal,NX16_1_P20
62.7250000000057,-74.873189742787,proximal,NX16_1_P20
62.750000000005706,-74.87334805269992,proximal,NX16_1_P20
62.77500000000571,-74.87350616501412,proximal,NX16_1_P20
62.80000000000572,-74.87366407997594,proximal,NX16_1_P20
62.82500000000572,-74.8738217978314,proximal,NX16_1_P20
62.85000000000573,-74.87397931882624,proximal,NX16_1_P20
62.87500000000573,-74.87413664320592,proximal,NX16_1_P20
62.90000000000574,-74.87429377121552,proximal,NX16_1_P20
62.92500000000575,-74.87445070309991,proximal,NX16_1_P20
62.95000000000575,-74.87460743910358,proximal,NX16_1_P20
62.97500000000576,-74.87476397947079,proximal,NX16_1_P20
63.00000000000576,-74.87492032444541,proximal,NX16_1_P20
63.02500000000577,-74.87507647427108,proximal,NX16_1_P20
63.050000000005774,-74.87523242919112,proximal,NX16_1_P20
63.07500000000578,-74.87538818944853,proximal,NX16_1_P20
63.100000000005785,-74.87554375528603,proximal,NX16_1_P20
63.12500000000579,-74.87569912694602,proximal,NX16_1_P20
63.1500000000058,-74.87585430467063,proximal,NX16_1_P20
63.1750000000058,-74.87600928870165,proximal,NX16_1_P20
63.20000000000581,-74.87616407928061,proximal,NX16_1_P20
63.22500000000581,-74.87631867664872,proximal,NX16_1_P20
63.25000000000582,-74.87647308104688,proximal,NX16_1_P20
63.27500000000583,-74.87662729271574,proximal,NX16_1_P20
63.30000000000583,-74.87678131189558,proximal,NX16_1_P20
63.32500000000584,-74.87693513882645,proximal,NX16_1_P20
63.35000000000584,-74.87708877374806,proximal,NX16_1_P20
63.37500000000585,-74.87724221689984,proximal,NX16_1_P20
63.40000000000585,-74.87739546852092,proximal,NX16_1_P20
63.42500000000586,-74.87754852885014,proximal,NX16_1_P20
63.450000000005865,-74.87770139812602,proximal,NX16_1_P20
63.47500000000587,-74.87785407658683,proximal,NX16_1_P20
63.50000000000588,-74.8780065644705,proximal,NX16_1_P20
63.52500000000588,-74.87815886201467,proximal,NX16_1_P20
63.55000000000589,-74.87831096945673,proximal,NX16_1_P20
63.57500000000589,-74.87846288703373,proximal,NX16_1_P20
63.6000000000059,-74.87861461498244,proximal,NX16_1_P20
63.62500000000591,-74.87876615353933,proximal,NX16_1_P20
63.65000000000591,-74.8789175029406,proximal,NX16_1_P20
63.67500000000592,-74.87906866342212,proximal,NX16_1_P20
63.70000000000592,-74.87921963521951,proximal,NX16_1_P20
63.72500000000593,-74.87937041856807,proximal,NX16_1_P20
63.75000000000593,-74.87952101370281,proximal,NX16_1_P20
63.77500000000594,-74.87967142085846,proximal,NX16_1_P20
63.80000000000594,-74.87982164026945,proximal,NX16_1_P20
63.82500000000595,-74.87997167216993,proximal,NX16_1_P20
63.85000000000596,-74.88012151679374,proximal,NX16_1_P20
63.87500000000596,-74.88027117437444,proximal,NX16_1_P20
63.90000000000597,-74.88042064514532,proximal,NX16_1_P20
63.92500000000597,-74.88056992933936,proximal,NX16_1_P20
63.95000000000598,-74.88071902718924,proximal,NX16_1_P20
63.975000000005984,-74.8808679389274,proximal,NX16_1_P20
64.00000000000598,-74.8810166647859,proximal,NX16_1_P20
64.02500000000599,-74.88116520499662,proximal,NX16_1_P20
64.050000000006,-74.88131355979108,proximal,NX16_1_P20
64.075000000006,-74.88146172940054,proximal,NX16_1_P20
64.100000000006,-74.88160971405598,proximal,NX16_1_P20
64.12500000000601,-74.88175751398806,proximal,NX16_1_P20
64.15000000000602,-74.8819051294272,proximal,NX16_1_P20
64.17500000000602,-74.88205256060348,proximal,NX16_1_P20
64.20000000000603,-74.88219980774676,proximal,NX16_1_P20
64.22500000000603,-74.88234687108655,proximal,NX16_1_P20
64.25000000000604,-74.88249375085212,proximal,NX16_1_P20
64.27500000000605,-74.88264044727244,proximal,NX16_1_P20
64.30000000000605,-74.88278696057617,proximal,NX16_1_P20
64.32500000000606,-74.88293329099176,proximal,NX16_1_P20
64.35000000000606,-74.88307943874729,proximal,NX16_1_P20
64.37500000000607,-74.8832254040706,proximal,NX16_1_P20
64.40000000000607,-74.88337118718927,proximal,NX16_1_P20
64.42500000000608,-74.88351678833054,proximal,NX16_1_P20
64.45000000000609,-74.88366220772141,proximal,NX16_1_P20
64.47500000000609,-74.88380744558859,proximal,NX16_1_P20
64.5000000000061,-74.88395250215851,proximal,NX16_1_P20
64.5250000000061,-74.8840973776573,proximal,NX16_1_P20
64.55000000000611,-74.88424207231084,proximal,NX16_1_P20
64.57500000000611,-74.88438658634469,proximal,NX16_1_P20
64.60000000000612,-74.88453091998419,proximal,NX16_1_P20
64.62500000000612,-74.88467507345432,proximal,NX16_1_P20
64.65000000000613,-74.88481904697986,proximal,NX16_1_P20
64.67500000000614,-74.88496284078525,proximal,NX16_1_P20
64.70000000000614,-74.88510645509469,proximal,NX16_1_P20
64.72500000000615,-74.88524989013207,proximal,NX16_1_P20
64.75000000000615,-74.88539314612106,proximal,NX16_1_P20
64.77500000000616,-74.88553622328497,proximal,NX16_1_P20
64.80000000000616,-74.8856791218469,proximal,NX16_1_P20
64.82500000000617,-74.88582184202964,proximal,NX16_1_P20
64.85000000000618,-74.88596438405573,proximal,NX16_1_P20
64.87500000000618,-74.88610674814737,proximal,NX16_1_P20
64.90000000000619,-74.88624893452656,proximal,NX16_1_P20
64.9250000000062,-74.886390943415,proximal,NX16_1_P20
64.9500000000062,-74.88653277503408,proximal,NX16_1_P20
64.9750000000062,-74.88667442960498,proximal,NX16_1_P20
65.00000000000621,-74.88681590734853,proximal,NX16_1_P20
65.02500000000622,-74.88695720848536,proximal,NX16_1_P20
65.05000000000622,-74.88709833323576,proximal,NX16_1_P20
65.07500000000623,-74.88723928181979,proximal,NX16_1_P20
65.10000000000623,-74.88738005445721,proximal,NX16_1_P20
65.12500000000624,-74.88752065136754,proximal,NX16_1_P20
65.15000000000624,-74.88766107276999,proximal,NX16_1_P20
65.17500000000625,-74.88780131888352,proximal,NX16_1_P20
65.20000000000626,-74.88794138992682,proximal,NX16_1_P20
65.22500000000626,-74.8880812861183,proximal,NX16_1_P20
65.25000000000627,-74.88822100767608,proximal,NX16_1_P20
65.27500000000627,-74.88836055481804,proximal,NX16_1_P20
65.30000000000628,-74.88849992776179,proximal,NX16_1_P20
65.32500000000628,-74.88863912672464,proximal,NX16_1_P20
65.35000000000629,-74.88877815192365,proximal,NX16_1_P20
65.3750000000063,-74.88891700357561,proximal,NX16_1_P20
65.4000000000063,-74.88905568189705,proximal,NX16_1_P20
65.4250000000063,-74.8891941871042,proximal,NX16_1_P20
65.45000000000631,-74.88933251941305,proximal,NX16_1_P20
65.47500000000632,-74.8894706790393,proximal,NX16_1_P20
65.50000000000632,-74.88960866619841,proximal,NX16_1_P20
65.52500000000633,-74.88974648110555,proximal,NX16_1_P20
65.55000000000634,-74.88988412397562,proximal,NX16_1_P20
65.57500000000634,-74.89002159502326,proximal,NX16_1_P20
65.60000000000635,-74.89015889446286,proximal,NX16_1_P20
65.62500000000635,-74.89029602250852,proximal,NX16_1_P20
65.65000000000636,-74.89043297937407,proximal,NX16_1_P20
65.67500000000636,-74.8905697652731,proximal,NX16_1_P20
65.70000000000637,-74.89070638041892,proximal,NX16_1_P20
65.72500000000637,-74.89084282502456,proximal,NX16_1_P20
65.75000000000638,-74.89097909930283,proximal,NX16_1_P20
65.77500000000639,-74.8911152034662,proximal,NX16_1_P20
65.80000000000639,-74.89125113772697,proximal,NX16_1_P20
65.8250000000064,-74.89138690229709,proximal,NX16_1_P20
65.8500000000064,-74.8915224973883,proximal,NX16_1_P20
65.87500000000641,-74.89165792321205,proximal,NX16_1_P20
65.90000000000641,-74.89179317997956,proximal,NX16_1_P20
65.92500000000642,-74.89192826790173,proximal,NX16_1_P20
65.95000000000643,-74.89206318718927,proximal,NX16_1_P20
65.97500000000643,-74.89219793805256,proximal,NX16_1_P20
66.00000000000644,-74.89233252070177,proximal,NX16_1_P20
66.02500000000644,-74.89246693534677,proximal,NX16_1_P20
66.05000000000645,-74.8926011821972,proximal,NX16_1_P20
66.07500000000645,-74.89273526146242,proximal,NX16_1_P20
66.10000000000646,-74.89286917335153,proximal,NX16_1_P20
66.12500000000647,-74.89300291807338,proximal,NX16_1_P20
66.15000000000647,-74.89313649583656,proximal,NX16_1_P20
66.17500000000648,-74.89326990684938,proximal,NX16_1_P20
66.20000000000648,-74.89340315131993,proximal,NX16_1_P20
66.22500000000649,-74.893536229456,proximal,NX16_1_P20
66.2500000000065,-74.89366914146514,proximal,NX16_1_P20
66.2750000000065,-74.89380188755464,proximal,NX16_1_P20
66.3000000000065,-74.89393446793156,proximal,NX16_1_P20
66.32500000000651,-74.89406688280263,proximal,NX16_1_P20
66.35000000000652,-74.8941991323744,proximal,NX16_1_P20
66.37500000000652,-74.89433121685312,proximal,NX16_1_P20
66.40000000000653,-74.8944631364448,proximal,NX16_1_P20
66.42500000000653,-74.89459489135518,proximal,NX16_1_P20
66.45000000000654,-74.89472648178977,proximal,NX16_1_P20
66.47500000000655,-74.89485790795379,proximal,NX16_1_P20
66.50000000000655,-74.89498917005223,proximal,NX16_1_P20
66.52500000000656,-74.89512026828982,proximal,NX16_1_P20
66.55000000000656,-74.89525120287101,proximal,NX16_1_P20
66.57500000000657,-74.89538197400003,proximal,NX16_1_P20
66.60000000000657,-74.89551258188085,proximal,NX16_1_P20
66.62500000000658,-74.89564302671717,proximal,NX16_1_P20
66.65000000000659,-74.89577330871245,proximal,NX16_1_P20
66.67500000000659,-74.89590342806989,proximal,NX16_1_P20
66.7000000000066,-74.89603338499244,proximal,NX16_1_P20
66.7250000000066,-74.89616317968279,proximal,NX16_1_P20
66.75000000000661,-74.89629281234339,proximal,NX16_1_P20
66.77500000000661,-74.89642228317645,proximal,NX16_1_P20
66.80000000000662,-74.89655159238387,proximal,NX16_1_P20
66.82500000000663,-74.89668074016738,proximal,NX16_1_P20
66.85000000000663,-74.8968097267284,proximal,NX16_1_P20
66.87500000000664,-74.89693855226813,proximal,NX16_1_P20
66.90000000000664,-74.8970672169875,proximal,NX16_1_P20
66.92500000000665,-74.89719572108717,proximal,NX16_1_P20
66.95000000000665,-74.89732406476762,proximal,NX16_1_P20
66.97500000000666,-74.89745224822902,proximal,NX16_1_P20
67.00000000000666,-74.8975802716713,proximal,NX16_1_P20
67.02500000000667,-74.89770813529417,proximal,NX16_1_P20
67.05000000000668,-74.89783583929704,proximal,NX16_1_P20
67.07500000000668,-74.89796338387914,proximal,NX16_1_P20
67.10000000000669,-74.89809076923939,proximal,NX16_1_P20
67.1250000000067,-74.8982179955765,proximal,NX16_1_P20
67.1500000000067,-74.89834506308891,proximal,NX16_1_P20
67.1750000000067,-74.89847197197483,proximal,NX16_1_P20
67.20000000000671,-74.8985987224322,proximal,NX16_1_P20
67.22500000000672,-74.89872531465875,proximal,NX16_1_P20
67.25000000000672,-74.89885174885194,proximal,NX16_1_P20
67.27500000000673,-74.89897802520898,proximal,NX16_1_P20
67.30000000000673,-74.89910414392683,proximal,NX16_1_P20
67.32500000000674,-74.89923010520225,proximal,NX16_1_P20
67.35000000000674,-74.8993559092317,proximal,NX16_1_P20
67.37500000000675,-74.89948155621141,proximal,NX16_1_P20
67.40000000000676,-74.8996070463374,proximal,NX16_1_P20
67.42500000000676,-74.89973237980539,proximal,NX16_1_P20
67.45000000000677,-74.89985755681089,proximal,NX16_1_P20
67.47500000000677,-74.89998257754917,proximal,NX16_1_P20
67.50000000000678,-74.90010744221524,proximal,NX16_1_P20
67.52500000000678,-74.90023215100389,proximal,NX16_1_P20
67.55000000000679,-74.90035670410964,proximal,NX16_1_P20
67.5750000000068,-74.90048110172678,proximal,NX16_1_P20
67.6000000000068,-74.90060534404937,proximal,NX16_1_P20
67.6250000000068,-74.90072943127119,proximal,NX16_1_P20
67.65000000000681,-74.90085336358584,proximal,NX16_1_P20
67.67500000000682,-74.90097714118662,proximal,NX16_1_P20
67.70000000000682,-74.90110076426662,proximal,NX16_1_P20
67.72500000000683,-74.90122423301868,proximal,NX16_1_P20
67.75000000000684,-74.90134754763541,proximal,NX16_1_P20
67.77500000000684,-74.90147070830918,proximal,NX16_1_P20
67.80000000000685,-74.9015937152321,proximal,NX16_1_P20
67.82500000000685,-74.90171656859604,proximal,NX16_1_P20
67.85000000000686,-74.90183926859267,proximal,NX16_1_P20
67.87500000000686,-74.90196181541339,proximal,NX16_1_P20
67.90000000000687,-74.90208420924937,proximal,NX16_1_P20
67.92500000000688,-74.90220645029153,proximal,NX16_1_P20
67.95000000000688,-74.90232853873057,proximal,NX16_1_P20
67.97500000000689,-74.90245047475693,proximal,NX16_1_P20
68.00000000000689,-74.90257225856085,proximal,NX16_1_P20
68.0250000000069,-74.9026938903323,proximal,NX16_1_P20
68.0500000000069,-74.90281537026101,proximal,NX16_1_P20
68.07500000000691,-74.90293669853651,proximal,NX16_1_P20
68.10000000000692,-74.90305787534805,proximal,NX16_1_P20
68.12500000000692,-74.90317890088468,proximal,NX16_1_P20
68.15000000000693,-74.9032997753352,proximal,NX16_1_P20
68.17500000000693,-74.90342049888815,proximal,NX16_1_P20
68.20000000000694,-74.9035410717319,proximal,NX16_1_P20
68.22500000000694,-74.9036614940545,proximal,NX16_1_P20
68.25000000000695,-74.90378176604385,proximal,NX16_1_P20
68.27500000000695,-74.90390188788754,proximal,NX16_1_P20
68.30000000000696,-74.904021859773,proximal,NX16_1_P20
68.32500000000697,-74.90414168188737,proximal,NX16_1_P20
68.35000000000697,-74.90426135441756,proximal,NX16_1_P20
68.37500000000698,-74.9043808775503,proximal,NX16_1_P20
68.40000000000698,-74.90450025147202,proximal,NX16_1_P20
68.42500000000699,-74.90461947636895,proximal,NX16_1_P20
68.450000000007,-74.90473855242709,proximal,NX16_1_P20
68.475000000007,-74.90485747983222,proximal,NX16_1_P20
68.500000000007,-74.90497625876985,proximal,NX16_1_P20
68.52500000000701,-74.9050948894253,proximal,NX16_1_P20
68.55000000000702,-74.90521337198363,proximal,NX16_1_P20
68.57500000000702,-74.90533170662968,proximal,NX16_1_P20
68.60000000000703,-74.90544989354807,proximal,NX16_1_P20
68.62500000000703,-74.90556793292316,proximal,NX16_1_P20
68.65000000000704,-74.90568582493911,proximal,NX16_1_P20
68.67500000000705,-74.90580356977985,proximal,NX16_1_P20
68.70000000000705,-74.90592116762906,proximal,NX16_1_P20
68.72500000000706,-74.90603861867021,proximal,NX16_1_P20
68.75000000000706,-74.90615592308652,proximal,NX16_1_P20
68.77500000000707,-74.906273081061,proximal,NX16_1_P20
68.80000000000707,-74.90639009277643,proximal,NX16_1_P20
68.82500000000708,-74.90650695841536,proximal,NX16_1_P20
68.85000000000709,-74.90662367816012,proximal,NX16_1_P20
68.87500000000709,-74.90674025219278,proximal,NX16_1_P20
68.9000000000071,-74.90685668069523,proximal,NX16_1_P20
68.9250000000071,-74.9069729638491,proximal,NX16_1_P20
68.95000000000711,-74.90708910183581,proximal,NX16_1_P20
68.97500000000711,-74.90720509483654,proximal,NX16_1_P20
69.00000000000712,-74.90732094303226,proximal,NX16_1_P20
69.02500000000713,-74.90743664660371,proximal,NX16_1_P20
69.05000000000713,-74.9075522057314,proximal,NX16_1_P20
69.07500000000714,-74.90766762059562,proximal,NX16_1_P20
69.10000000000714,-74.90778289137641,proximal,NX16_1_P20
69.12500000000715,-74.90789801825363,proximal,NX16_1_P20
69.15000000000715,-74.90801300140689,proximal,NX16_1_P20
69.17500000000716,-74.90812784101557,proximal,NX16_1_P20
69.20000000000717,-74.90824253725884,proximal,NX16_1_P20
69.22500000000717,-74.90835709031565,proximal,NX16_1_P20
69.25000000000718,-74.90847150036471,proximal,NX16_1_P20
69.27500000000718,-74.90858576758453,proximal,NX16_1_P20
69.30000000000719,-74.90869989215335,proximal,NX16_1_P20
69.3250000000072,-74.90881387424926,proximal,NX16_1_P20
69.3500000000072,-74.90892771405008,proximal,NX16_1_P20
69.3750000000072,-74.90904141173341,proximal,NX16_1_P20
69.40000000000721,-74.90915496747665,proximal,NX16_1_P20
69.42500000000722,-74.90926838145695,proximal,NX16_1_P20
69.45000000000722,-74.90938165385126,proximal,NX16_1_P20
69.47500000000723,-74.90949478483631,proximal,NX16_1_P20
69.50000000000723,-74.9096077745886,proximal,NX16_1_P20
69.52500000000724,-74.9097206232844,proximal,NX16_1_P20
69.55000000000724,-74.9098333310998,proximal,NX16_1_P20
69.57500000000725,-74.90994589821062,proximal,NX16_1_P20
69.60000000000726,-74.91005832479252,proximal,NX16_1_P20
69.62500000000726,-74.91017061102086,proximal,NX16_1_P20
69.65000000000727,-74.91028275707087,proximal,NX16_1_P20
69.67500000000727,-74.9103947631175,proximal,NX16_1_P20
69.70000000000728,-74.91050662933549,proximal,NX16_1_P20
69.72500000000728,-74.91061835589939,proximal,NX16_1_P20
69.75000000000729,-74.91072994298351,proximal,NX16_1_P20
69.7750000000073,-74.91084139076195,proximal,NX16_1_P20
69.8000000000073,-74.91095269940858,proximal,NX16_1_P20
69.82500000000731,-74.91106386909709,proximal,NX16_1_P20
69.85000000000731,-74.9111749000009,proximal,NX16_1_P20
69.87500000000732,-74.91128579229327,proximal,NX16_1_P20
69.90000000000732,-74.91139654614719,proximal,NX16_1_P20
69.92500000000733,-74.91150716173547,proximal,NX16_1_P20
69.95000000000734,-74.9116176392307,proximal,NX16_1_P20
69.97500000000734,-74.91172797880523,proximal,NX16_1_P20
70.00000000000735,-74.91183818063124,proximal,NX16_1_P20
70.02500000000735,-74.91194824488065,proximal,NX16_1_P20
70.05000000000736,-74.91205817172519,proximal,NX16_1_P20
70.07500000000736,-74.91216796133638,proximal,NX16_1_P20
70.10000000000737,-74.91227761388551,proximal,NX16_1_P20
70.12500000000738,-74.91238712954366,proximal,NX16_1_P20
70.15000000000738,-74.91249650848171,proximal,NX16_1_P20
70.17500000000739,-74.91260575087031,proximal,NX16_1_P20
70.20000000000739,-74.9127148568799,proximal,NX16_1_P20
70.2250000000074,-74.91282382668072,proximal,NX16_1_P20
70.2500000000074,-74.91293266044279,proximal,NX16_1_P20
70.27500000000741,-74.91304135833592,proximal,NX16_1_P20
70.30000000000742,-74.9131499205297,proximal,NX16_1_P20
70.32500000000742,-74.91325834719352,proximal,NX16_1_P20
70.35000000000743,-74.91336663849654,proximal,NX16_1_P20
70.37500000000743,-74.91347479460772,proximal,NX16_1_P20
70.40000000000744,-74.91358281569585,proximal,NX16_1_P20
70.42500000000744,-74.91369070192941,proximal,NX16_1_P20
70.45000000000745,-74.91379845347679,proximal,NX16_1_P20
70.47500000000746,-74.91390607050607,proximal,NX16_1_P20
70.50000000000746,-74.91401355318519,proximal,NX16_1_P20
70.52500000000747,-74.91412090168181,proximal,NX16_1_P20
70.55000000000747,-74.91422811616347,proximal,NX16_1_P20
70.57500000000748,-74.91433519679744,proximal,NX16_1_P20
70.60000000000748,-74.91444214375078,proximal,NX16_1_P20
70.62500000000749,-74.91454895719036,proximal,NX16_1_P20
70.6500000000075,-74.91465563728285,proximal,NX16_1_P20
70.6750000000075,-74.91476218419469,proximal,NX16_1_P20
70.7000000000075,-74.91486859809213,proximal,NX16_1_P20
70.72500000000751,-74.91497487914121,proximal,NX16_1_P20
70.75000000000752,-74.91508102750774,proximal,NX16_1_P20
70.77500000000752,-74.91518704335736,proximal,NX16_1_P20
70.80000000000753,-74.91529292685549,proximal,NX16_1_P20
70.82500000000753,-74.91539867816732,proximal,NX16_1_P20
70.85000000000754,-74.91550429745786,proximal,NX16_1_P20
70.87500000000755,-74.91560978489191,proximal,NX16_1_P20
70.90000000000755,-74.91571514063406,proximal,NX16_1_P20
70.92500000000756,-74.9158203648487,proximal,NX16_1_P20
70.95000000000756,-74.91592545770001,proximal,NX16_1_P20
70.97500000000757,-74.91603041935196,proximal,NX16_1_P20
71.00000000000757,-74.91613524996832,proximal,NX16_1_P20
71.02500000000758,-74.91623994971268,proximal,NX16_1_P20
71.05000000000759,-74.91634451874837,proximal,NX16_1_P20
71.07500000000759,-74.91644895723859,proximal,NX16_1_P20
71.1000000000076,-74.91655326534627,proximal,NX16_1_P20
71.1250000000076,-74.91665744323416,proximal,NX16_1_P20
71.15000000000761,-74.91676149106482,proximal,NX16_1_P20
71.17500000000761,-74.9168654090006,proximal,NX16_1_P20
71.20000000000762,-74.91696919720363,proximal,NX16_1_P20
71.22500000000763,-74.91707285583585,proximal,NX16_1_P20
71.25000000000763,-74.91717638505904,proximal,NX16_1_P20
71.27500000000764,-74.9172797850347,proximal,NX16_1_P20
71.30000000000764,-74.91738305592418,proximal,NX16_1_P20
71.32500000000765,-74.91748619788862,proximal,NX16_1_P20
71.35000000000765,-74.91758921108895,proximal,NX16_1_P20
71.37500000000766,-74.91769209568591,proximal,NX16_1_P20
71.40000000000767,-74.91779485184001,proximal,NX16_1_P20
71.42500000000767,-74.91789747971163,proximal,NX16_1_P20
71.45000000000768,-74.91799997946086,proximal,NX16_1_P20
71.47500000000768,-74.91810235124765,proximal,NX16_1_P20
71.50000000000769,-74.91820459523174,proximal,NX16_1_P20
71.5250000000077,-74.91830671157265,proximal,NX16_1_P20
71.5500000000077,-74.91840870042974,proximal,NX16_1_P20
71.5750000000077,-74.91851056196212,proximal,NX16_1_P20
71.60000000000771,-74.91861229632875,proximal,NX16_1_P20
71.62500000000772,-74.91871390368836,proximal,NX16_1_P20
71.65000000000772,-74.91881538419949,proximal,NX16_1_P20
71.67500000000773,-74.9189167380205,proximal,NX16_1_P20
71.70000000000773,-74.91901796530952,proximal,NX16_1_P20
71.72500000000774,-74.91911906622451,proximal,NX16_1_P20
71.75000000000774,-74.91922004092322,proximal,NX16_1_P20
71.77500000000775,-74.9193208895632,proximal,NX16_1_P20
71.80000000000776,-74.91942161230182,proximal,NX16_1_P20
71.82500000000776,-74.91952220929623,proximal,NX16_1_P20
71.85000000000777,-74.91962268070341,proximal,NX16_1_P20
71.87500000000777,-74.91972302668013,proximal,NX16_1_P20
71.90000000000778,-74.91982324738296,proximal,NX16_1_P20
71.92500000000778,-74.91992334296829,proximal,NX16_1_P20
71.95000000000779,-74.92002331359228,proximal,NX16_1_P20
71.9750000000078,-74.92012315941095,proximal,NX16_1_P20
72.0000000000078,-74.92022288058008,proximal,NX16_1_P20
72.02500000000781,-74.92032247725528,proximal,NX16_1_P20
72.05000000000781,-74.92042194959195,proximal,NX16_1_P20
72.07500000000782,-74.92052129774531,proximal,NX16_1_P20
72.10000000000782,-74.92062052187038,proximal,NX16_1_P20
72.12500000000783,-74.92071962212198,proximal,NX16_1_P20
72.15000000000784,-74.92081859865473,proximal,NX16_1_P20
72.17500000000784,-74.92091745162311,proximal,NX16_1_P20
72.20000000000785,-74.92101618118133,proximal,NX16_1_P20
72.22500000000785,-74.92111478748346,proximal,NX16_1_P20
72.25000000000786,-74.92121327068337,proximal,NX16_1_P20
72.27500000000786,-74.92131163093471,proximal,NX16_1_P20
72.30000000000787,-74.92140986839098,proximal,NX16_1_P20
72.32500000000788,-74.92150798320546,proximal,NX16_1_P20
72.35000000000788,-74.92160597553124,proximal,NX16_1_P20
72.37500000000789,-74.92170384552124,proximal,NX16_1_P20
72.40000000000789,-74.92180159332815,proximal,NX16_1_P20
72.4250000000079,-74.92189921910453,proximal,NX16_1_P20
72.4500000000079,-74.92199672300269,proximal,NX16_1_P20
72.47500000000791,-74.92209410517478,proximal,NX16_1_P20
72.50000000000792,-74.92219136577275,proximal,NX16_1_P20
72.52500000000792,-74.92228850494836,proximal,NX16_1_P20
72.55000000000793,-74.92238552285319,proximal,NX16_1_P20
72.57500000000793,-74.92248241963864,proximal,NX16_1_P20
72.60000000000794,-74.92257919545588,proximal,NX16_1_P20
72.62500000000794,-74.92267585045595,proximal,NX16_1_P20
72.65000000000795,-74.92277238478965,proximal,NX16_1_P20
72.67500000000796,-74.92286879860761,proximal,NX16_1_P20
72.70000000000796,-74.92296509206028,proximal,NX16_1_P20
72.72500000000797,-74.92306126529792,proximal,NX16_1_P20
72.75000000000797,-74.92315731847059,proximal,NX16_1_P20
72.77500000000798,-74.92325325172817,proximal,NX16_1_P20
72.80000000000798,-74.92334906522036,proximal,NX16_1_P20
72.82500000000799,-74.92344475909668,proximal,NX16_1_P20
72.850000000008,-74.92354033350644,proximal,NX16_1_P20
72.875000000008,-74.92363578859876,proximal,NX16_1_P20
72.900000000008,-74.9237311245226,proximal,NX16_1_P20
72.92500000000801,-74.92382634142673,proximal,NX16_1_P20
72.95000000000802,-74.92392143945973,proximal,NX16_1_P20
72.97500000000802,-74.92401641876998,proximal,NX16_1_P20
73.00000000000803,-74.92411127950568,proximal,NX16_1_P20
73.02500000000803,-74.92420602181487,proximal,NX16_1_P20
73.05000000000804,-74.92430064584538,proximal,NX16_1_P20
73.07500000000805,-74.92439515174485,proximal,NX16_1_P20
73.10000000000805,-74.92448953966077,proximal,NX16_1_P20
73.12500000000806,-74.92458380974041,proximal,NX16_1_P20
73.15000000000806,-74.92467796213089,proximal,NX16_1_P20
73.17500000000807,-74.92477199697909,proximal,NX16_1_P20
73.20000000000807,-74.92486591443178,proximal,NX16_1_P20
73.22500000000808,-74.92495971463548,proximal,NX16_1_P20
73.25000000000809,-74.92505339773658,proximal,NX16_1_P20
73.27500000000809,-74.92514696388126,proximal,NX16_1_P20
73.3000000000081,-74.92524041321552,proximal,NX16_1_P20
73.3250000000081,-74.92533374588518,proximal,NX16_1_P20
73.35000000000811,-74.92542696203589,proximal,NX16_1_P20
73.37500000000811,-74.92552006181307,proximal,NX16_1_P20
73.40000000000812,-74.92561304536204,proximal,NX16_1_P20
73.42500000000813,-74.92570591282788,proximal,NX16_1_P20
73.45000000000813,-74.9257986643555,proximal,NX16_1_P20
73.47500000000814,-74.92589130008962,proximal,NX16_1_P20
73.50000000000814,-74.92598382017479,proximal,NX16_1_P20
73.52500000000815,-74.9260762247554,proximal,NX16_1_P20
73.55000000000815,-74.92616851397565,proximal,NX16_1_P20
73.57500000000816,-74.92626068797952,proximal,NX16_1_P20
73.60000000000817,-74.92635274691087,proximal,NX16_1_P20
73.62500000000817,-74.92644469091331,proximal,NX16_1_P20
73.65000000000818,-74.92653652013037,proximal,NX16_1_P20
73.67500000000818,-74.92662823470529,proximal,NX16_1_P20
73.70000000000819,-74.92671983478122,proximal,NX16_1_P20
73.7250000000082,-74.92681132050109,proximal,NX16_1_P20
73.7500000000082,-74.92690269200763,proximal,NX16_1_P20
73.7750000000082,-74.92699394944346,proximal,NX16_1_P20
73.80000000000821,-74.92708509295095,proximal,NX16_1_P20
73.82500000000822,-74.92717612267235,proximal,NX16_1_P20
73.85000000000822,-74.92726703874968,proximal,NX16_1_P20
73.87500000000823,-74.92735784132482,proximal,NX16_1_P20
73.90000000000823,-74.92744853053948,proximal,NX16_1_P20
73.92500000000824,-74.92753910653515,proximal,NX16_1_P20
73.95000000000825,-74.92762956945317,proximal,NX16_1_P20
73.97500000000825,-74.92771991943472,proximal,NX16_1_P20
74.00000000000826,-74.92781015662078,proximal,NX16_1_P20
74.02500000000826,-74.92790028115215,proximal,NX16_1_P20
74.05000000000827,-74.92799029316947,proximal,NX16_1_P20
74.07500000000827,-74.9280801928132,proximal,NX16_1_P20
74.10000000000828,-74.92816998022363,proximal,NX16_1_P20
74.12500000000828,-74.92825965554086,proximal,NX16_1_P20
74.15000000000829,-74.92834921890481,proximal,NX16_1_P20
74.1750000000083,-74.92843867045526,proximal,NX16_1_P20
74.2000000000083,-74.9285280103318,proximal,NX16_1_P20
74.22500000000831,-74.92861723867382,proximal,NX16_1_P20
74.25000000000831,-74.92870635562058,proximal,NX16_1_P20
74.27500000000832,-74.92879536131112,proximal,NX16_1_P20
74.30000000000832,-74.92888425588434,proximal,NX16_1_P20
74.32500000000833,-74.92897303947895,proximal,NX16_1_P20
74.35000000000834,-74.92906171223349,proximal,NX16_1_P20
74.37500000000834,-74.92915027428636,proximal,NX16_1_P20
74.40000000000835,-74.92923872577572,proximal,NX16_1_P20
74.42500000000835,-74.9293270668396,proximal,NX16_1_P20
74.45000000000836,-74.92941529761588,proximal,NX16_1_P20
74.47500000000836,-74.92950341824219,proximal,NX16_1_P20
74.50000000000837,-74.9295914288561,proximal,NX16_1_P20
74.52500000000838,-74.9296793295949,proximal,NX16_1_P20
74.55000000000838,-74.92976712059578,proximal,NX16_1_P20
74.57500000000839,-74.92985480199572,proximal,NX16_1_P20
74.6000000000084,-74.92994237393155,proximal,NX16_1_P20
74.6250000000084,-74.93002983653993,proximal,NX16_1_P20
74.6500000000084,-74.93011718995733,proximal,NX16_1_P20
74.67500000000841,-74.93020443432006,proximal,NX16_1_P20
74.70000000000842,-74.93029156976428,proximal,NX16_1_P20
74.72500000000842,-74.93037859642594,proximal,NX16_1_P20
74.75000000000843,-74.93046551444085,proximal,NX16_1_P20
74.77500000000843,-74.93055232394465,proximal,NX16_1_P20
74.80000000000844,-74.93063902507281,proximal,NX16_1_P20
74.82500000000844,-74.93072561796059,proximal,NX16_1_P20
74.85000000000845,-74.93081210274315,proximal,NX16_1_P20
74.87500000000846,-74.93089847955542,proximal,NX16_1_P20
74.90000000000846,-74.93098474853221,proximal,NX16_1_P20
74.92500000000847,-74.93107090980813,proximal,NX16_1_P20
74.95000000000847,-74.93115696351764,proximal,NX16_1_P20
74.97500000000848,-74.931242909795,proximal,NX16_1_P20
75.00000000000848,-74.93132874877436,proximal,NX16_1_P20
75.02500000000849,-74.93141448058965,proximal,NX16_1_P20
75.0500000000085,-74.93150010537465,proximal,NX16_1_P20
75.0750000000085,-74.93158562326299,proximal,NX16_1_P20
75.1000000000085,-74.9316710343881,proximal,NX16_1_P20
75.12500000000851,-74.93175633888328,proximal,NX16_1_P20
75.15000000000852,-74.93184153688162,proximal,NX16_1_P20
75.17500000000852,-74.93192662851611,proximal,NX16_1_P20
75.20000000000853,-74.93201161391949,proximal,NX16_1_P20
75.22500000000854,-74.93209649322439,proximal,NX16_1_P20
75.25000000000854,-74.93218126656329,proximal,NX16_1_P20
75.27500000000855,-74.93226593406844,proximal,NX16_1_P20
75.30000000000855,-74.93235049587199,proximal,NX16_1_P20
75.32500000000856,-74.93243495210587,proximal,NX16_1_P20
75.35000000000856,-74.93251930290188,proximal,NX16_1_P20
75.37500000000857,-74.93260354839167,proximal,NX16_1_P20
75.40000000000857,-74.93268768870668,proximal,NX16_1_P20
75.42500000000858,-74.9327717239782,proximal,NX16_1_P20
75.45000000000859,-74.9328556543374,proximal,NX16_1_P20
75.47500000000859,-74.93293947991523,proximal,NX16_1_P20
75.5000000000086,-74.9330232008425,proximal,NX16_1_P20
75.5250000000086,-74.93310681724985,proximal,NX16_1_P20
75.55000000000861,-74.93319032926777,proximal,NX16_1_P20
75.57500000000861,-74.93327373702658,proximal,NX16_1_P20
75.60000000000862,-74.93335704065643,proximal,NX16_1_P20
75.62500000000863,-74.93344024028733,proximal,NX16_1_P20
75.65000000000863,-74.93352333604908,proximal,NX16_1_P20
75.67500000000864,-74.93360632807138,proximal,NX16_1_P20
75.70000000000864,-74.93368921648371,proximal,NX16_1_P20
75.72500000000865,-74.93377200141545,proximal,NX16_1_P20
75.75000000000865,-74.93385468299574,proximal,NX16_1_P20
75.77500000000866,-74.93393726135365,proximal,NX16_1_P20
75.80000000000867,-74.93401973661803,proximal,NX16_1_P20
75.82500000000867,-74.93410210891756,proximal,NX16_1_P20
75.85000000000868,-74.93418437838079,proximal,NX16_1_P20
75.87500000000868,-74.93426654513611,proximal,NX16_1_P20
75.90000000000869,-74.93434860931174,proximal,NX16_1_P20
75.9250000000087,-74.93443057103573,proximal,NX16_1_P20
75.9500000000087,-74.934512430436,proximal,NX16_1_P20
75.9750000000087,-74.93459418764026,proximal,NX16_1_P20
76.00000000000871,-74.93467584277612,proximal,NX16_1_P20
76.02500000000872,-74.93475739597098,proximal,NX16_1_P20
76.05000000000872,-74.93483884735211,proximal,NX16_1_P20
76.07500000000873,-74.93492019704664,proximal,NX16_1_P20
76.10000000000873,-74.93500144518147,proximal,NX16_1_P20
76.12500000000874,-74.93508259188341,proximal,NX16_1_P20
76.15000000000875,-74.9351636372791,proximal,NX16_1_P20
76.17500000000875,-74.93524458149498,proximal,NX16_1_P20
76.20000000000876,-74.9353254246574,proximal,NX16_1_P20
76.22500000000876,-74.93540616689249,proximal,NX16_1_P20
76.25000000000877,-74.93548680832626,proximal,NX16_1_P20
76.27500000000877,-74.93556734908455,proximal,NX16_1_P20
76.30000000000878,-74.93564778929303,proximal,NX16_1_P20
76.32500000000879,-74.93572812907723,proximal,NX16_1_P20
76.35000000000879,-74.93580836856253,proximal,NX16_1_P20
76.3750000000088,-74.93588850787414,proximal,NX16_1_P20
76.4000000000088,-74.93596854713712,proximal,NX16_1_P20
76.42500000000881,-74.93604848647637,proximal,NX16_1_P20
76.45000000000881,-74.93612832601661,proximal,NX16_1_P20
76.47500000000882,-74.93620806588247,proximal,NX16_1_P20
76.50000000000882,-74.93628770619836,proximal,NX16_1_P20
76.52500000000883,-74.93636724708857,proximal,NX16_1_P20
76.55000000000884,-74.93644668867721,proximal,NX16_1_P20
76.57500000000884,-74.93652603108825,proximal,NX16_1_P20
76.60000000000885,-74.93660527444551,proximal,NX16_1_P20
76.62500000000885,-74.93668441887266,proximal,NX16_1_P20
76.65000000000886,-74.93676346449318,proximal,NX16_1_P20
76.67500000000886,-74.93684241143045,proximal,NX16_1_P20
76.70000000000887,-74.93692125980763,proximal,NX16_1_P20
76.72500000000888,-74.93700000974779,proximal,NX16_1_P20
76.75000000000888,-74.93707866137382,proximal,NX16_1_P20
76.77500000000889,-74.93715721480845,proximal,NX16_1_P20
76.8000000000089,-74.93723567017426,proximal,NX16_1_P20
76.8250000000089,-74.93731402759367,proximal,NX16_1_P20
76.8500000000089,-74.93739228718898,proximal,NX16_1_P20
76.87500000000891,-74.9374704490823,proximal,NX16_1_P20
76.90000000000892,-74.93754851339561,proximal,NX16_1_P20
76.92500000000892,-74.93762648025071,proximal,NX16_1_P20
76.95000000000893,-74.93770434976929,proximal,NX16_1_P20
76.97500000000893,-74.93778212207286,proximal,NX16_1_P20
77.00000000000894,-74.93785979728278,proximal,NX16_1_P20
77.02500000000894,-74.93793737552026,proximal,NX16_1_P20
77.05000000000895,-74.93801485690638,proximal,NX16_1_P20
77.07500000000896,-74.93809224156202,proximal,NX16_1_P20
77.10000000000896,-74.93816952960795,proximal,NX16_1_P20
77.12500000000897,-74.93824672116479,proximal,NX16_1_P20
77.15000000000897,-74.93832381635299,proximal,NX16_1_P20
77.17500000000898,-74.93840081529287,proximal,NX16_1_P20
77.20000000000898,-74.93847771810455,proximal,NX16_1_P20
77.22500000000899,-74.93855452490808,proximal,NX16_1_P20
77.250000000009,-74.93863123582331,proximal,NX16_1_P20
77.275000000009,-74.93870785096992,proximal,NX16_1_P20
77.300000000009,-74.9387843704675,proximal,NX16_1_P20
77.32500000000901,-74.93886079443544,proximal,NX16_1_P20
77.35000000000902,-74.93893712299301,proximal,NX16_1_P20
77.37500000000902,-74.93901335625931,proximal,NX16_1_P20
77.40000000000903,-74.93908949435331,proximal,NX16_1_P20
77.42500000000904,-74.93916553739383,proximal,NX16_1_P20
77.45000000000904,-74.93924148549954,proximal,NX16_1_P20
77.47500000000905,-74.93931733878894,proximal,NX16_1_P20
77.50000000000905,-74.93939309738042,proximal,NX16_1_P20
77.52500000000906,-74.93946876139218,proximal,NX16_1_P20
77.55000000000906,-74.9395443309423,proximal,NX16_1_P20
77.57500000000907,-74.93961980614873,proximal,NX16_1_P20
77.60000000000908,-74.93969518712922,proximal,NX16_1_P20
77.62500000000908,-74.9397704740014,proximal,NX16_1_P20
77.65000000000909,-74.93984566688279,proximal,NX16_1_P20
77.67500000000909,-74.93992076589072,proximal,NX16_1_P20
77.7000000000091,-74.93999577114235,proximal,NX16_1_P20
77.7250000000091,-74.94007068275477,proximal,NX16_1_P20
77.75000000000911,-74.94014550084485,proximal,NX16_1_P20
77.77500000000911,-74.94022022552936,proximal,NX16_1_P20
77.80000000000912,-74.9402948569249,proximal,NX16_1_P20
77.82500000000913,-74.94036939514794,proximal,NX16_1_P20
77.85000000000913,-74.94044384031479,proximal,NX16_1_P20
77.87500000000914,-74.94051819254163,proximal,NX16_1_P20
77.90000000000914,-74.9405924519445,proximal,NX16_1_P20
77.92500000000915,-74.94066661863926,proximal,NX16_1_P20
77.95000000000915,-74.94074069274164,proximal,NX16_1_P20
77.97500000000916,-74.94081467436727,proximal,NX16_1_P20
78.00000000000917,-74.94088856363157,proximal,NX16_1_P20
78.02500000000917,-74.94096236064986,proximal,NX16_1_P20
78.05000000000918,-74.9410360655373,proximal,NX16_1_P20
78.07500000000918,-74.9411096784089,proximal,NX16_1_P20
78.10000000000919,-74.94118319937955,proximal,NX16_1_P20
78.1250000000092,-74.94125662856396,proximal,NX16_1_P20
78.1500000000092,-74.94132996607674,proximal,NX16_1_P20
78.1750000000092,-74.9414032120323,proximal,NX16_1_P20
78.20000000000921,-74.94147636654498,proximal,NX16_1_P20
78.22500000000922,-74.94154942972891,proximal,NX16_1_P20
78.25000000000922,-74.94162240169813,proximal,NX16_1_P20
78.27500000000923,-74.94169528256649,proximal,NX16_1_P20
78.30000000000923,-74.94176807244774,proximal,NX16_1_P20
78.32500000000924,-74.94184077145546,proximal,NX16_1_P20
78.35000000000925,-74.94191337970311,proximal,NX16_1_P20
78.37500000000925,-74.941985897304,proximal,NX16_1_P20
78.40000000000926,-74.94205832437126,proximal,NX16_1_P20
78.42500000000926,-74.94213066101794,proximal,NX16_1_P20
78.45000000000927,-74.94220290735693,proximal,NX16_1_P20
78.47500000000927,-74.94227506350096,proximal,NX16_1_P20
78.50000000000928,-74.94234712956263,proximal,NX16_1_P20
78.52500000000929,-74.94241910565442,proximal,NX16_1_P20
78.55000000000929,-74.94249099188862,proximal,NX16_1_P20
78.5750000000093,-74.94256278837743,proximal,NX16_1_P20
78.6000000000093,-74.94263449523288,proximal,NX16_1_P20
78.62500000000931,-74.94270611256688,proximal,NX16_1_P20
78.65000000000931,-74.94277764049117,proximal,NX16_1_P20
78.67500000000932,-74.9428490791174,proximal,NX16_1_P20
78.70000000000933,-74.94292042855703,proximal,NX16_1_P20
78.72500000000933,-74.94299168892141,proximal,NX16_1_P20
78.75000000000934,-74.94306286032175,proximal,NX16_1_P20
78.77500000000934,-74.9431339428691,proximal,NX16_1_P20
78.80000000000935,-74.94320493667439,proximal,NX16_1_P20
78.82500000000935,-74.94327584184842,proximal,NX16_1_P20
78.85000000000936,-74.94334665850182,proximal,NX16_1_P20
78.87500000000936,-74.94341738674511,proximal,NX16_1_P20
78.90000000000937,-74.94348802668867,proximal,NX16_1_P20
78.92500000000938,-74.94355857844273,proximal,NX16_1_P20
78.95000000000938,-74.94362904211738,proximal,NX16_1_P20
78.97500000000939,-74.9436994178226,proximal,NX16_1_P20
79.0000000000094,-74.94376970566819,proximal,NX16_1_P20
79.0250000000094,-74.94383990576384,proximal,NX16_1_P20
79.0500000000094,-74.94391001821911,proximal,NX16_1_P20
79.07500000000941,-74.94398004314341,proximal,NX16_1_P20
79.10000000000942,-74.94404998064601,proximal,NX16_1_P20
79.12500000000942,-74.94411983083606,proximal,NX16_1_P20
79.15000000000943,-74.94418959382254,proximal,NX16_1_P20
79.17500000000943,-74.94425926971434,proximal,NX16_1_P20
79.20000000000944,-74.94432885862018,proximal,NX16_1_P20
79.22500000000944,-74.94439836064866,proximal,NX16_1_P20
79.25000000000945,-74.94446777590824,proximal,NX16_1_P20
79.27500000000946,-74.94453710450723,proximal,NX16_1_P20
79.30000000000946,-74.94460634655384,proximal,NX16_1_P20
79.32500000000947,-74.94467550215612,proximal,NX16_1_P20
79.35000000000947,-74.94474457142196,proximal,NX16_1_P20
79.37500000000948,-74.94481355445919,proximal,NX16_1_P20
79.40000000000948,-74.94488245137543,proximal,NX16_1_P20
79.42500000000949,-74.94495126227821,proximal,NX16_1_P20
79.4500000000095,-74.9450199872749,proximal,NX16_1_P20
79.4750000000095,-74.94508862647275,proximal,NX16_1_P20
79.5000000000095,-74.94515717997889,proximal,NX16_1_P20
79.52500000000951,-74.94522564790027,proximal,NX16_1_P20
79.55000000000952,-74.94529403034376,proximal,NX16_1_P20
79.57500000000952,-74.94536232741606,proximal,NX16_1_P20
79.60000000000953,-74.94543053922375,proximal,NX16_1_P20
79.62500000000954,-74.94549866587329,proximal,NX16_1_P20
79.65000000000954,-74.94556670747097,proximal,NX16_1_P20
79.67500000000955,-74.94563466412299,proximal,NX16_1_P20
79.70000000000955,-74.9457025359354,proximal,NX16_1_P20
79.72500000000956,-74.94577032301409,proximal,NX16_1_P20
79.75000000000956,-74.94583802546487,proximal,NX16_1_P20
79.77500000000957,-74.94590564339339,proximal,NX16_1_P20
79.80000000000958,-74.94597317690516,proximal,NX16_1_P20
79.82500000000958,-74.94604062610557,proximal,NX16_1_P20
79.85000000000959,-74.94610799109988,proximal,NX16_1_P20
79.87500000000959,-74.94617527199321,proximal,NX16_1_P20
79.9000000000096,-74.94624246889056,proximal,NX16_1_P20
79.9250000000096,-74.94630958189678,proximal,NX16_1_P20
79.95000000000961,-74.94637661111662,proximal,NX16_1_P20
79.97500000000962,-74.94644355665467,proximal,NX16_1_P20
80.00000000000962,-74.9465104186154,proximal,NX16_1_P20
80.02500000000963,-74.94657719710317,proximal,NX16_1_P20
80.05000000000963,-74.94664389222216,proximal,NX16_1_P20
80.07500000000964,-74.94671050407646,proximal,NX16_1_P20
80.10000000000964,-74.94677703277003,proximal,NX16_1_P20
80.12500000000965,-74.94684347840668,proximal,NX16_1_P20
80.15000000000965,-74.94690984109009,proximal,NX16_1_P20
80.17500000000966,-74.94697612092385,proximal,NX16_1_P20
80.20000000000967,-74.94704231801137,proximal,NX16_1_P20
80.22500000000967,-74.94710843245596,proximal,NX16_1_P20
80.25000000000968,-74.94717446436078,proximal,NX16_1_P20
80.27500000000968,-74.94724041382891,proximal,NX16_1_P20
80.30000000000969,-74.94730628096323,proximal,NX16_1_P20
80.3250000000097,-74.94737206586655,proximal,NX16_1_P20
80.3500000000097,-74.9474377686415,proximal,NX16_1_P20
80.3750000000097,-74.94750338939065,proximal,NX16_1_P20
80.40000000000971,-74.94756892821638,proximal,NX16_1_P20
80.42500000000972,-74.94763438522097,proximal,NX16_1_P20
80.45000000000972,-74.94769976050657,proximal,NX16_1_P20
80.47500000000973,-74.94776505417519,proximal,NX16_1_P20
80.50000000000973,-74.94783026632874,proximal,NX16_1_P20
80.52500000000974,-74.94789539706898,proximal,NX16_1_P20
80.55000000000975,-74.94796044649753,proximal,NX16_1_P20
80.57500000000975,-74.94802541471594,proximal,NX16_1_P20
80.60000000000976,-74.94809030182556,proximal,NX16_1_P20
80.62500000000976,-74.94815510792766,proximal,NX16_1_P20
80.65000000000977,-74.94821983312337,proximal,NX16_1_P20
80.67500000000977,-74.94828447751371,proximal,NX16_1_P20
80.70000000000978,-74.94834904119955,proximal,NX16_1_P20
80.72500000000979,-74.94841352428163,proximal,NX16_1_P20
80.75000000000979,-74.94847792686059,proximal,NX16_1_P20
80.7750000000098,-74.94854224903695,proximal,NX16_1_P20
80.8000000000098,-74.94860649091105,proximal,NX16_1_P20
80.82500000000981,-74.94867065258317,proximal,NX16_1_P20
80.85000000000981,-74.94873473415343,proximal,NX16_1_P20
80.87500000000982,-74.94879873572182,proximal,NX16_1_P20
80.90000000000983,-74.94886265738825,proximal,NX16_1_P20
80.92500000000983,-74.94892649925242,proximal,NX16_1_P20
80.95000000000984,-74.948990261414,proximal,NX16_1_P20
80.97500000000984,-74.94905394397247,proximal,NX16_1_P20
81.00000000000985,-74.94911754702723,proximal,NX16_1_P20
81.02500000000985,-74.94918107067751,proximal,NX16_1_P20
81.05000000000986,-74.94924451502247,proximal,NX16_1_P20
81.07500000000987,-74.94930788016109,proximal,NX16_1_P20
81.10000000000987,-74.94937116619226,proximal,NX16_1_P20
81.12500000000988,-74.94943437321474,proximal,NX16_1_P20
81.15000000000988,-74.94949750132719,proximal,NX16_1_P20
81.17500000000989,-74.94956055062809,proximal,NX16_1_P20
81.2000000000099,-74.94962352121584,proximal,NX16_1_P20
81.2250000000099,-74.94968641318873,proximal,NX16_1_P20
81.2500000000099,-74.94974922664487,proximal,NX16_1_P20
81.27500000000991,-74.94981196168231,proximal,NX16_1_P20
81.30000000000992,-74.94987461839894,proximal,NX16_1_P20
81.32500000000992,-74.94993719689253,proximal,NX16_1_P20
81.35000000000993,-74.94999969726076,proximal,NX16_1_P20
81.37500000000993,-74.95006211960114,proximal,NX16_1_P20
81.40000000000994,-74.9501244640111,proximal,NX16_1_P20
81.42500000000994,-74.95018673058792,proximal,NX16_1_P20
81.45000000000995,-74.95024891942876,proximal,NX16_1_P20
81.47500000000996,-74.95031103063069,proximal,NX16_1_P20
81.50000000000996,-74.95037306429063,proximal,NX16_1_P20
81.52500000000997,-74.95043502050537,proximal,NX16_1_P20
81.55000000000997,-74.95049689937161,proximal,NX16_1_P20
81.57500000000998,-74.95055870098592,proximal,NX16_1_P20
81.60000000000998,-74.95062042544473,proximal,NX16_1_P20
81.62500000000999,-74.95068207284436,proximal,NX16_1_P20
81.65000000001,-74.95074364328103,proximal,NX16_1_P20
81.67500000001,-74.95080513685082,proximal,NX16_1_P20
81.70000000001001,-74.95086655364967,proximal,NX16_1_P20
81.72500000001001,-74.95092789377345,proximal,NX16_1_P20
81.75000000001002,-74.95098915731788,proximal,NX16_1_P20
81.77500000001002,-74.95105034437856,proximal,NX16_1_P20
81.80000000001003,-74.95111145505096,proximal,NX16_1_P20
81.82500000001004,-74.95117248943048,proximal,NX16_1_P20
81.85000000001004,-74.95123344761232,proximal,NX16_1_P20
81.87500000001005,-74.95129432969165,proximal,NX16_1_P20
81.90000000001005,-74.95135513576345,proximal,NX16_1_P20
81.92500000001006,-74.95141586592263,proximal,NX16_1_P20
81.95000000001006,-74.95147652026394,proximal,NX16_1_P20
81.97500000001007,-74.95153709888206,proximal,NX16_1_P20
82.00000000001008,-74.9515976018715,proximal,NX16_1_P20
82.02500000001008,-74.9516580293267,proximal,NX16_1_P20
82.05000000001009,-74.95171838134195,proximal,NX16_1_P20
82.07500000001009,-74.95177865801142,proximal,NX16_1_P20
82.1000000000101,-74.95183885942919,proximal,NX16_1_P20
82.1250000000101,-74.9518989856892,proximal,NX16_1_P20
82.15000000001011,-74.95195903688528,proximal,NX16_1_P20
82.17500000001012,-74.95201901311114,proximal,NX16_1_P20
82.20000000001012,-74.95207891446039,proximal,NX16_1_P20
82.22500000001013,-74.95213874102649,proximal,NX16_1_P20
82.25000000001013,-74.9521984929028,proximal,NX16_1_P20
82.27500000001014,-74.95225817018257,proximal,NX16_1_P20
82.30000000001014,-74.95231777295895,proximal,NX16_1_P20
82.32500000001015,-74.95237730132492,proximal,NX16_1_P20
82.35000000001016,-74.95243675537338,proximal,NX16_1_P20
82.37500000001016,-74.95249613519715,proximal,NX16_1_P20
82.40000000001017,-74.95255544088884,proximal,NX16_1_P20
82.42500000001017,-74.95261467254105,proximal,NX16_1_P20
82.45000000001018,-74.95267383024617,proximal,NX16_1_P20
82.47500000001018,-74.95273291409653,proximal,NX16_1_P20
82.50000000001019,-74.95279192418435,proximal,NX16_1_P20
82.5250000000102,-74.9528508606017,proximal,NX16_1_P20
82.5500000000102,-74.95290972344057,proximal,NX16_1_P20
82.5750000000102,-74.9529685127928,proximal,NX16_1_P20
82.60000000001021,-74.95302722875013,proximal,NX16_1_P20
82.62500000001022,-74.95308587140421,proximal,NX16_1_P20
82.65000000001022,-74.95314444084654,proximal,NX16_1_P20
82.67500000001023,-74.95320293716851,proximal,NX16_1_P20
82.70000000001023,-74.95326136046144,proximal,NX16_1_P20
82.72500000001024,-74.95331971081646,proximal,NX16_1_P20
82.75000000001025,-74.95337798832466,proximal,NX16_1_P20
82.77500000001025,-74.95343619307697,proximal,NX16_1_P20
82.80000000001026,-74.95349432516423,proximal,NX16_1_P20
82.82500000001026,-74.95355238467714,proximal,NX16_1_P20
82.85000000001027,-74.95361037170632,proximal,NX16_1_P20
82.87500000001027,-74.95366828634225,proximal,NX16_1_P20
82.90000000001028,-74.95372612867533,proximal,NX16_1_P20
82.92500000001029,-74.95378389879579,proximal,NX16_1_P20
82.95000000001029,-74.95384159679382,proximal,NX16_1_P20
82.9750000000103,-74.95389922275943,proximal,NX16_1_P20
83.0000000000103,-74.95395677678258,proximal,NX16_1_P20
83.02500000001031,-74.95401425895305,proximal,NX16_1_P20
83.05000000001031,-74.95407166936056,proximal,NX16_1_P20
83.07500000001032,-74.9541290080947,proximal,NX16_1_P20
83.10000000001033,-74.95418627524495,proximal,NX16_1_P20
83.12500000001033,-74.95424347090068,proximal,NX16_1_P20
83.15000000001034,-74.95430059515114,proximal,NX16_1_P20
83.17500000001034,-74.95435764808548,proximal,NX16_1_P20
83.20000000001035,-74.95441462979274,proximal,NX16_1_P20
83.22500000001035,-74.95447154036182,proximal,NX16_1_P20
83.25000000001036,-74.95452837988155,proximal,NX16_1_P20
83.27500000001037,-74.95458514844064,proximal,NX16_1_P20
83.30000000001037,-74.95464184612766,proximal,NX16_1_P20
83.32500000001038,-74.95469847303109,proximal,NX16_1_P20
83.35000000001038,-74.9547550292393,proximal,NX16_1_P20
83.37500000001039,-74.95481151484056,proximal,NX16_1_P20
83.4000000000104,-74.954867929923,proximal,NX16_1_P20
83.4250000000104,-74.95492427457467,proximal,NX16_1_P20
83.4500000000104,-74.9549805488835,proximal,NX16_1_P20
83.47500000001041,-74.9550367529373,proximal,NX16_1_P20
83.50000000001042,-74.95509288682379,proximal,NX16_1_P20
83.52500000001042,-74.95514895063056,proximal,NX16_1_P20
83.55000000001043,-74.95520494444511,proximal,NX16_1_P20
83.57500000001043,-74.95526086835481,proximal,NX16_1_P20
83.60000000001044,-74.95531672244692,proximal,NX16_1_P20
83.62500000001044,-74.95537250680864,proximal,NX16_1_P20
83.65000000001045,-74.95542822152699,proximal,NX16_1_P20
83.67500000001046,-74.95548386668894,proximal,NX16_1_P20
83.70000000001046,-74.9555394423813,proximal,NX16_1_P20
83.72500000001047,-74.9555949486908,proximal,NX16_1_P20
83.75000000001047,-74.95565038570409,proximal,NX16_1_P20
83.77500000001048,-74.95570575350766,proximal,NX16_1_P20
83.80000000001048,-74.95576105218792,proximal,NX16_1_P20
83.82500000001049,-74.95581628183116,proximal,NX16_1_P20
83.8500000000105,-74.95587144252357,proximal,NX16_1_P20
83.8750000000105,-74.95592653435124,proximal,NX16_1_P20
83.90000000001051,-74.95598155740012,proximal,NX16_1_P20
83.92500000001051,-74.95603651175611,proximal,NX16_1_P20
83.95000000001052,-74.95609139750493,proximal,NX16_1_P20
83.97500000001052,-74.95614621473227,proximal,NX16_1_P20
84.00000000001053,-74.95620096352366,proximal,NX16_1_P20
84.02500000001054,-74.95625564396451,proximal,NX16_1_P20
84.05000000001054,-74.95631025614018,proximal,NX16_1_P20
84.07500000001055,-74.9563648001359,proximal,NX16_1_P20
84.10000000001055,-74.95641927603678,proximal,NX16_1_P20
84.12500000001056,-74.95647368392783,proximal,NX16_1_P20
84.15000000001056,-74.95652802389395,proximal,NX16_1_P20
84.17500000001057,-74.95658229601995,proximal,NX16_1_P20
84.20000000001058,-74.95663650039052,proximal,NX16_1_P20
84.22500000001058,-74.95669063709023,proximal,NX16_1_P20
84.25000000001059,-74.95674470620361,proximal,NX16_1_P20
84.27500000001059,-74.95679870781498,proximal,NX16_1_P20
84.3000000000106,-74.95685264200866,proximal,NX16_1_P20
84.3250000000106,-74.95690650886878,proximal,NX16_1_P20
84.35000000001061,-74.95696030847944,proximal,NX16_1_P20
84.37500000001062,-74.95701404092456,proximal,NX16_1_P20
84.40000000001062,-74.95706770628802,proximal,NX16_1_P20
84.42500000001063,-74.95712130465353,proximal,NX16_1_P20
84.45000000001063,-74.95717483610477,proximal,NX16_1_P20
84.47500000001064,-74.95722830072526,proximal,NX16_1_P20
84.50000000001064,-74.95728169859845,proximal,NX16_1_P20
84.52500000001065,-74.95733502980765,proximal,NX16_1_P20
84.55000000001066,-74.95738829443609,proximal,NX16_1_P20
84.57500000001066,-74.9574414925669,proximal,NX16_1_P20
84.60000000001067,-74.9574946242831,proximal,NX16_1_P20
84.62500000001067,-74.95754768966759,proximal,NX16_1_P20
84.65000000001068,-74.95760068880318,proximal,NX16_1_P20
84.67500000001068,-74.95765362177261,proximal,NX16_1_P20
84.70000000001069,-74.95770648865845,proximal,NX16_1_P20
84.7250000000107,-74.9577592895432,proximal,NX16_1_P20
84.7500000000107,-74.95781202450928,proximal,NX16_1_P20
84.7750000000107,-74.95786469363898,proximal,NX16_1_P20
84.80000000001071,-74.95791729701448,proximal,NX16_1_P20
84.82500000001072,-74.95796983471787,proximal,NX16_1_P20
84.85000000001072,-74.95802230683115,proximal,NX16_1_P20
84.87500000001073,-74.95807471343622,proximal,NX16_1_P20
84.90000000001073,-74.95812705461482,proximal,NX16_1_P20
84.92500000001074,-74.95817933044866,proximal,NX16_1_P20
84.95000000001075,-74.95823154101932,proximal,NX16_1_P20
84.97500000001075,-74.95828368640827,proximal,NX16_1_P20
85.00000000001076,-74.95833576669686,proximal,NX16_1_P20
85.02500000001076,-74.95838778196641,proximal,NX16_1_P20
85.05000000001077,-74.95843973229806,proximal,NX16_1_P20
85.07500000001077,-74.9584916177729,proximal,NX16_1_P20
85.10000000001078,-74.95854343847189,proximal,NX16_1_P20
85.12500000001079,-74.95859519447589,proximal,NX16_1_P20
85.15000000001079,-74.95864688586569,proximal,NX16_1_P20
85.1750000000108,-74.95869851272194,proximal,NX16_1_P20
85.2000000000108,-74.95875007512521,proximal,NX16_1_P20
85.22500000001081,-74.95880157315595,proximal,NX16_1_P20
85.25000000001081,-74.95885300689456,proximal,NX16_1_P20
85.27500000001082,-74.95890437642127,proximal,NX16_1_P20
85.30000000001083,-74.95895568181626,proximal,NX16_1_P20
85.32500000001083,-74.9590069231596,proximal,NX16_1_P20
85.35000000001084,-74.95905810053125,proximal,NX16_1_P20
85.37500000001084,-74.95910921401108,proximal,NX16_1_P20
85.40000000001085,-74.95916026367883,proximal,NX16_1_P20
85.42500000001085,-74.95921124961419,proximal,NX16_1_P20
85.45000000001086,-74.95926217189671,proximal,NX16_1_P20
85.47500000001087,-74.95931303060588,proximal,NX16_1_P20
85.50000000001087,-74.95936382582104,proximal,NX16_1_P20
85.52500000001088,-74.95941455762149,proximal,NX16_1_P20
85.55000000001088,-74.95946522608637,proximal,NX16_1_P20
85.57500000001089,-74.95951583129475,proximal,NX16_1_P20
85.6000000000109,-74.95956637332561,proximal,NX16_1_P20
85.6250000000109,-74.95961685225784,proximal,NX16_1_P20
85.6500000000109,-74.9596672681702,proximal,NX16_1_P20
85.67500000001091,-74.95971762114135,proximal,NX16_1_P20
85.70000000001092,-74.9597679112499,proximal,NX16_1_P20
85.72500000001092,-74.9598181385743,proximal,NX16_1_P20
85.75000000001093,-74.95986830319296,proximal,NX16_1_P20
85.77500000001093,-74.95991840518415,proximal,NX16_1_P20
85.80000000001094,-74.95996844462606,proximal,NX16_1_P20
85.82500000001095,-74.96001842159676,proximal,NX16_1_P20
85.85000000001095,-74.96006833617426,proximal,NX16_1_P20
85.87500000001096,-74.96011818843647,proximal,NX16_1_P20
85.90000000001096,-74.96016797846114,proximal,NX16_1_P20
85.92500000001097,-74.96021770632602,proximal,NX16_1_P20
85.95000000001097,-74.96026737210869,proximal,NX16_1_P20
85.97500000001098,-74.96031697588664,proximal,NX16_1_P20
86.00000000001098,-74.9603665177373,proximal,NX16_1_P20
86.02500000001099,-74.96041599773798,proximal,NX16_1_P20
86.050000000011,-74.9604654159659,proximal,NX16_1_P20
86.075000000011,-74.96051477249816,proximal,NX16_1_P20
86.10000000001101,-74.96056406741181,proximal,NX16_1_P20
86.12500000001101,-74.96061330078375,proximal,NX16_1_P20
86.15000000001102,-74.96066247269083,proximal,NX16_1_P20
86.17500000001102,-74.96071158320977,proximal,NX16_1_P20
86.20000000001103,-74.96076063241722,proximal,NX16_1_P20
86.22500000001104,-74.96080962038972,proximal,NX16_1_P20
86.25000000001104,-74.96085854720373,proximal,NX16_1_P20
86.27500000001105,-74.96090741293558,proximal,NX16_1_P20
86.30000000001105,-74.96095621766155,proximal,NX16_1_P20
86.32500000001106,-74.96100496145779,proximal,NX16_1_P20
86.35000000001106,-74.96105364440035,proximal,NX16_1_P20
86.37500000001107,-74.96110226656523,proximal,NX16_1_P20
86.40000000001108,-74.96115082802831,proximal,NX16_1_P20
86.42500000001108,-74.96119932886535,proximal,NX16_1_P20
86.45000000001109,-74.96124776915204,proximal,NX16_1_P20
86.4750000000111,-74.96129614896398,proximal,NX16_1_P20
86.5000000000111,-74.96134446837668,proximal,NX16_1_P20
86.5250000000111,-74.96139272746554,proximal,NX16_1_P20
86.55000000001111,-74.96144092630585,proximal,NX16_1_P20
86.57500000001112,-74.96148906497285,proximal,NX16_1_P20
86.60000000001112,-74.96153714354165,proximal,NX16_1_P20
86.62500000001113,-74.96158516208727,proximal,NX16_1_P20
86.65000000001113,-74.96163312068468,proximal,NX16_1_P20
86.67500000001114,-74.96168101940869,proximal,NX16_1_P20
86.70000000001114,-74.96172885833406,proximal,NX16_1_P20
86.72500000001115,-74.96177663753544,proximal,NX16_1_P20
86.75000000001116,-74.9618243570874,proximal,NX16_1_P20
86.77500000001116,-74.9618720170644,proximal,NX16_1_P20
86.80000000001117,-74.9619196175408,proximal,NX16_1_P20
86.82500000001117,-74.96196715859092,proximal,NX16_1_P20
86.85000000001118,-74.96201464028893,proximal,NX16_1_P20
86.87500000001118,-74.96206206270892,proximal,NX16_1_P20
86.90000000001119,-74.96210942592491,proximal,NX16_1_P20
86.9250000000112,-74.9621567300108,proximal,NX16_1_P20
86.9500000000112,-74.96220397504044,proximal,NX16_1_P20
86.9750000000112,-74.96225116108751,proximal,NX16_1_P20
87.00000000001121,-74.96229828822567,proximal,NX16_1_P20
87.02500000001122,-74.96234535652847,proximal,NX16_1_P20
87.05000000001122,-74.96239236606937,proximal,NX16_1_P20
87.07500000001123,-74.9624393169217,proximal,NX16_1_P20
87.10000000001124,-74.96248620915875,proximal,NX16_1_P20
87.12500000001124,-74.96253304285369,proximal,NX16_1_P20
87.15000000001125,-74.96257981807962,proximal,NX16_1_P20
87.17500000001125,-74.96262653490952,proximal,NX16_1_P20
87.20000000001126,-74.9626731934163,proximal,NX16_1_P20
87.22500000001126,-74.96271979367276,proximal,NX16_1_P20
87.25000000001127,-74.96276633575165,proximal,NX16_1_P20
87.27500000001127,-74.96281281972557,proximal,NX16_1_P20
87.30000000001128,-74.96285924566709,proximal,NX16_1_P20
87.32500000001129,-74.96290561364863,proximal,NX16_1_P20
87.35000000001129,-74.96295192374258,proximal,NX16_1_P20
87.3750000000113,-74.96299817602117,proximal,NX16_1_P20
87.4000000000113,-74.96304437055663,proximal,NX16_1_P20
87.42500000001131,-74.963090507421,proximal,NX16_1_P20
87.45000000001131,-74.9631365866863,proximal,NX16_1_P20
87.47500000001132,-74.96318260842445,proximal,NX16_1_P20
87.50000000001133,-74.96322857270725,proximal,NX16_1_P20
87.52500000001133,-74.96327447960644,proximal,NX16_1_P20
87.55000000001134,-74.96332032919366,proximal,NX16_1_P20
87.57500000001134,-74.96336612154046,proximal,NX16_1_P20
87.60000000001135,-74.9634118567183,proximal,NX16_1_P20
87.62500000001135,-74.96345753479854,proximal,NX16_1_P20
87.65000000001136,-74.96350315585246,proximal,NX16_1_P20
87.67500000001137,-74.96354871995129,proximal,NX16_1_P20
87.70000000001137,-74.9635942271661,proximal,NX16_1_P20
87.72500000001138,-74.96363967756793,proximal,NX16_1_P20
87.75000000001138,-74.96368507122769,proximal,NX16_1_P20
87.77500000001139,-74.96373040821621,proximal,NX16_1_P20
87.8000000000114,-74.96377568860427,proximal,NX16_1_P20
87.8250000000114,-74.96382091246251,proximal,NX16_1_P20
87.8500000000114,-74.96386607986152,proximal,NX16_1_P20
87.87500000001141,-74.96391119087177,proximal,NX16_1_P20
87.90000000001142,-74.96395624556366,proximal,NX16_1_P20
87.92500000001142,-74.96400124400752,proximal,NX16_1_P20
87.95000000001143,-74.96404618627355,proximal,NX16_1_P20
87.97500000001143,-74.96409107243188,proximal,NX16_1_P20
88.00000000001144,-74.96413590255258,proximal,NX16_1_P20
88.02500000001145,-74.9641806767056,proximal,NX16_1_P20
88.05000000001145,-74.9642253949608,proximal,NX16_1_P20
88.07500000001146,-74.96427005738798,proximal,NX16_1_P20
88.10000000001146,-74.96431466405683,proximal,NX16_1_P20
88.12500000001147,-74.96435921503696,proximal,NX16_1_P20
88.15000000001147,-74.96440371039792,proximal,NX16_1_P20
88.17500000001148,-74.96444815020911,proximal,NX16_1_P20
88.20000000001149,-74.96449253453989,proximal,NX16_1_P20
88.22500000001149,-74.96453686345954,proximal,NX16_1_P20
88.2500000000115,-74.96458113703721,proximal,NX16_1_P20
88.2750000000115,-74.96462535534202,proximal,NX16_1_P20
88.30000000001151,-74.96466951844296,proximal,NX16_1_P20
88.32500000001151,-74.96471362640895,proximal,NX16_1_P20
88.35000000001152,-74.96475767930883,proximal,NX16_1_P20
88.37500000001153,-74.96480167721134,proximal,NX16_1_P20
88.40000000001153,-74.96484562018513,proximal,NX16_1_P20
88.42500000001154,-74.9648895082988,proximal,NX16_1_P20
88.45000000001154,-74.9649333416208,proximal,NX16_1_P20
88.47500000001155,-74.96497712021959,proximal,NX16_1_P20
88.50000000001155,-74.96502084416345,proximal,NX16_1_P20
88.52500000001156,-74.9650645135206,proximal,NX16_1_P20
88.55000000001156,-74.96510812835923,proximal,NX16_1_P20
88.57500000001157,-74.96515168874738,proximal,NX16_1_P20
88.60000000001158,-74.96519519475304,proximal,NX16_1_P20
88.62500000001158,-74.96523864644408,proximal,NX16_1_P20
88.65000000001159,-74.96528204388832,proximal,NX16_1_P20
88.6750000000116,-74.96532538715348,proximal,NX16_1_P20
88.7000000000116,-74.96536867630722,proximal,NX16_1_P20
88.7250000000116,-74.96541191141708,proximal,NX16_1_P20
88.75000000001161,-74.96545509255053,proximal,NX16_1_P20
88.77500000001162,-74.96549821977494,proximal,NX16_1_P20
88.80000000001162,-74.96554129315764,proximal,NX16_1_P20
88.82500000001163,-74.96558431276584,proximal,NX16_1_P20
88.85000000001163,-74.96562727866667,proximal,NX16_1_P20
88.87500000001164,-74.96567019092718,proximal,NX16_1_P20
88.90000000001164,-74.96571304961434,proximal,NX16_1_P20
88.92500000001165,-74.96575585479503,proximal,NX16_1_P20
88.95000000001166,-74.96579860653605,proximal,NX16_1_P20
88.97500000001166,-74.96584130490412,proximal,NX16_1_P20
89.00000000001167,-74.96588394996587,proximal,NX16_1_P20
89.02500000001167,-74.96592654178784,proximal,NX16_1_P20
89.05000000001168,-74.96596908043651,proximal,NX16_1_P20
89.07500000001168,-74.96601156597826,proximal,NX16_1_P20
89.10000000001169,-74.9660539984794,proximal,NX16_1_P20
89.1250000000117,-74.96609637800611,proximal,NX16_1_P20
89.1500000000117,-74.96613870462458,proximal,NX16_1_P20
89.1750000000117,-74.96618097840083,proximal,NX16_1_P20
89.20000000001171,-74.96622319940083,proximal,NX16_1_P20
89.22500000001172,-74.96626536769048,proximal,NX16_1_P20
89.25000000001172,-74.96630748333558,proximal,NX16_1_P20
89.27500000001173,-74.96634954640184,proximal,NX16_1_P20
89.30000000001174,-74.96639155695493,proximal,NX16_1_P20
89.32500000001174,-74.96643351506039,proximal,NX16_1_P20
89.35000000001175,-74.96647542078371,proximal,NX16_1_P20
89.37500000001175,-74.96651727419027,proximal,NX16_1_P20
89.40000000001176,-74.96655907534539,proximal,NX16_1_P20
89.42500000001176,-74.9666008243143,proximal,NX16_1_P20
89.45000000001177,-74.96664252116216,proximal,NX16_1_P20
89.47500000001178,-74.96668416595404,proximal,NX16_1_P20
89.50000000001178,-74.96672575875492,proximal,NX16_1_P20
89.52500000001179,-74.96676729962971,proximal,NX16_1_P20
89.55000000001179,-74.96680878864325,proximal,NX16_1_P20
89.5750000000118,-74.96685022586027,proximal,NX16_1_P20
89.6000000000118,-74.96689161134543,proximal,NX16_1_P20
89.62500000001181,-74.96693294516334,proximal,NX16_1_P20
89.65000000001181,-74.96697422737847,proximal,NX16_1_P20
89.67500000001182,-74.96701545805526,proximal,NX16_1_P20
89.70000000001183,-74.96705663725805,proximal,NX16_1_P20
89.72500000001183,-74.96709776505112,proximal,NX16_1_P20
89.75000000001184,-74.96713884149862,proximal,NX16_1_P20
89.77500000001184,-74.96717986666468,proximal,NX16_1_P20
89.80000000001185,-74.96722084061331,proximal,NX16_1_P20
89.82500000001185,-74.96726176340843,proximal,NX16_1_P20
89.85000000001186,-74.96730263511394,proximal,NX16_1_P20
89.87500000001187,-74.96734345579361,proximal,NX16_1_P20
89.90000000001187,-74.96738422551113,proximal,NX16_1_P20
89.92500000001188,-74.96742494433013,proximal,NX16_1_P20
89.95000000001188,-74.96746561231416,proximal,NX16_1_P20
89.97500000001189,-74.96750622952668,proximal,NX16_1_P20
90.0000000000119,-74.96754679603106,proximal,NX16_1_P20
90.0250000000119,-74.96758731189064,proximal,NX16_1_P20
90.0500000000119,-74.96762777716862,proximal,NX16_1_P20
90.07500000001193,-74.96766819192814,proximal,NX16_1_P20
90.10000000001192,-74.9677085562323,proximal,NX16_1_P20
90.12500000001192,-74.96774887014408,proximal,NX16_1_P20
90.15000000001191,-74.96778913372637,proximal,NX16_1_P20
90.17500000001192,-74.96782934704203,proximal,NX16_1_P20
90.20000000001194,-74.9678695101538,proximal,NX16_1_P20
90.22500000001196,-74.96790962312437,proximal,NX16_1_P20
90.25000000001197,-74.96794968601633,proximal,NX16_1_P20
90.27500000001196,-74.96798969889218,proximal,NX16_1_P20
90.30000000001196,-74.9680296618144,proximal,NX16_1_P20
90.32500000001195,-74.96806957484533,proximal,NX16_1_P20
90.35000000001196,-74.96810943804726,proximal,NX16_1_P20
90.37500000001198,-74.96814925148242,proximal,NX16_1_P20
90.400000000012,-74.9681890152129,proximal,NX16_1_P20
90.425000000012,-74.96822872930078,proximal,NX16_1_P20
90.450000000012,-74.96826839380802,proximal,NX16_1_P20
90.475000000012,-74.96830800879654,proximal,NX16_1_P20
90.500000000012,-74.96834757432815,proximal,NX16_1_P20
90.525000000012,-74.96838709046459,proximal,NX16_1_P20
90.55000000001202,-74.96842655726753,proximal,NX16_1_P20
90.57500000001204,-74.96846597479856,proximal,NX16_1_P20
90.60000000001205,-74.96850534311919,proximal,NX16_1_P20
90.62500000001204,-74.96854466229087,proximal,NX16_1_P20
90.65000000001204,-74.96858393237494,proximal,NX16_1_P20
90.67500000001203,-74.96862315343269,proximal,NX16_1_P20
90.70000000001204,-74.96866232552533,proximal,NX16_1_P20
90.72500000001206,-74.96870144871399,proximal,NX16_1_P20
90.75000000001208,-74.96874052305972,proximal,NX16_1_P20
90.77500000001208,-74.9687795486235,proximal,NX16_1_P20
90.80000000001208,-74.96881852546623,proximal,NX16_1_P20
90.82500000001208,-74.96885745364874,proximal,NX16_1_P20
90.85000000001207,-74.96889633323177,proximal,NX16_1_P20
90.8750000000121,-74.968935164276,proximal,NX16_1_P20
90.9000000000121,-74.96897394684203,proximal,NX16_1_P20
90.9250000000121,-74.96901268099036,proximal,NX16_1_P20
90.95000000001212,-74.96905136678147,proximal,NX16_1_P20
90.97500000001212,-74.96909000427571,proximal,NX16_1_P20
91.00000000001212,-74.96912859353338,proximal,NX16_1_P20
91.02500000001211,-74.96916713461472,proximal,NX16_1_P20
91.05000000001212,-74.96920562757984,proximal,NX16_1_P20
91.07500000001214,-74.96924407248883,proximal,NX16_1_P20
91.10000000001214,-74.96928246940168,proximal,NX16_1_P20
91.12500000001216,-74.96932081837832,proximal,NX16_1_P20
91.15000000001216,-74.96935911947858,proximal,NX16_1_P20
91.17500000001216,-74.96939737276224,proximal,NX16_1_P20
91.20000000001215,-74.969435578289,proximal,NX16_1_P20
91.22500000001216,-74.96947373611847,proximal,NX16_1_P20
91.25000000001218,-74.96951184631021,proximal,NX16_1_P20
91.27500000001218,-74.96954990892368,proximal,NX16_1_P20
91.3000000000122,-74.96958792401828,proximal,NX16_1_P20
91.3250000000122,-74.96962589165335,proximal,NX16_1_P20
91.3500000000122,-74.96966381188813,proximal,NX16_1_P20
91.3750000000122,-74.96970168478178,proximal,NX16_1_P20
91.4000000000122,-74.96973951039344,proximal,NX16_1_P20
91.42500000001222,-74.96977728878211,proximal,NX16_1_P20
91.45000000001222,-74.96981502000675,proximal,NX16_1_P20
91.47500000001224,-74.96985270412624,proximal,NX16_1_P20
91.50000000001224,-74.96989034119939,proximal,NX16_1_P20
91.52500000001224,-74.96992793128494,proximal,NX16_1_P20
91.55000000001225,-74.96996547444155,proximal,NX16_1_P20
91.57500000001224,-74.9700029707278,proximal,NX16_1_P20
91.60000000001226,-74.97004042020221,proximal,NX16_1_P20
91.62500000001226,-74.97007782292323,proximal,NX16_1_P20
91.65000000001228,-74.97011517894921,proximal,NX16_1_P20
91.67500000001228,-74.97015248833847,proximal,NX16_1_P20
91.70000000001228,-74.9701897511492,proximal,NX16_1_P20
91.72500000001229,-74.97022696743959,proximal,NX16_1_P20
91.75000000001228,-74.97026413726768,proximal,NX16_1_P20
91.7750000000123,-74.9703012606915,proximal,NX16_1_P20
91.8000000000123,-74.97033833776898,proximal,NX16_1_P20
91.82500000001232,-74.97037536855797,proximal,NX16_1_P20
91.85000000001232,-74.97041235311626,proximal,NX16_1_P20
91.87500000001232,-74.97044929150158,proximal,NX16_1_P20
91.90000000001233,-74.97048618377157,proximal,NX16_1_P20
91.92500000001232,-74.97052302998378,proximal,NX16_1_P20
91.95000000001234,-74.97055983019574,proximal,NX16_1_P20
91.97500000001234,-74.97059658446486,proximal,NX16_1_P20
92.00000000001236,-74.9706332928485,proximal,NX16_1_P20
92.02500000001235,-74.97066995540396,proximal,NX16_1_P20
92.05000000001236,-74.97070657218843,proximal,NX16_1_P20
92.07500000001237,-74.97074314325909,proximal,NX16_1_P20
92.10000000001236,-74.97077966867296,proximal,NX16_1_P20
92.12500000001238,-74.97081614848706,proximal,NX16_1_P20
92.15000000001238,-74.97085258275834,proximal,NX16_1_P20
92.1750000000124,-74.97088897154363,proximal,NX16_1_P20
92.2000000000124,-74.97092531489973,proximal,NX16_1_P20
92.2250000000124,-74.97096161288336,proximal,NX16_1_P20
92.2500000000124,-74.97099786555115,proximal,NX16_1_P20
92.2750000000124,-74.97103407295968,proximal,NX16_1_P20
92.30000000001242,-74.97107023516546,proximal,NX16_1_P20
92.32500000001242,-74.97110635222492,proximal,NX16_1_P20
92.35000000001244,-74.97114242419441,proximal,NX16_1_P20
92.37500000001243,-74.97117845113024,proximal,NX16_1_P20
92.40000000001244,-74.97121443308862,proximal,NX16_1_P20
92.42500000001245,-74.97125037012572,proximal,NX16_1_P20
92.45000000001244,-74.9712862622976,proximal,NX16_1_P20
92.47500000001246,-74.97132210966026,proximal,NX16_1_P20
92.50000000001246,-74.97135791226968,proximal,NX16_1_P20
92.52500000001248,-74.97139367018171,proximal,NX16_1_P20
92.55000000001247,-74.97142938345215,proximal,NX16_1_P20
92.57500000001248,-74.97146505213674,proximal,NX16_1_P20
92.60000000001249,-74.97150067629113,proximal,NX16_1_P20
92.62500000001248,-74.97153625597093,proximal,NX16_1_P20
92.6500000000125,-74.97157179123165,proximal,NX16_1_P20
92.6750000000125,-74.97160728212876,proximal,NX16_1_P20
92.70000000001252,-74.97164272871763,proximal,NX16_1_P20
92.72500000001251,-74.97167813105358,proximal,NX16_1_P20
92.75000000001252,-74.97171348919186,proximal,NX16_1_P20
92.77500000001253,-74.97174880318765,proximal,NX16_1_P20
92.80000000001252,-74.97178407309606,proximal,NX16_1_P20
92.82500000001254,-74.97181929897212,proximal,NX16_1_P20
92.85000000001254,-74.97185448087082,proximal,NX16_1_P20
92.87500000001256,-74.97188961884703,proximal,NX16_1_P20
92.90000000001255,-74.97192471295563,proximal,NX16_1_P20
92.92500000001256,-74.97195976325135,proximal,NX16_1_P20
92.95000000001257,-74.97199476978889,proximal,NX16_1_P20
92.97500000001256,-74.9720297326229,proximal,NX16_1_P20
93.00000000001258,-74.97206465180793,proximal,NX16_1_P20
93.02500000001258,-74.97209952739847,proximal,NX16_1_P20
93.0500000000126,-74.97213435944896,proximal,NX16_1_P20
93.0750000000126,-74.97216914801373,proximal,NX16_1_P20
93.1000000000126,-74.9722038931471,proximal,NX16_1_P20
93.1250000000126,-74.97223859490327,proximal,NX16_1_P20
93.1500000000126,-74.9722732533364,proximal,NX16_1_P20
93.17500000001262,-74.97230786850058,proximal,NX16_1_P20
93.20000000001262,-74.97234244044982,proximal,NX16_1_P20
93.22500000001264,-74.97237696923807,proximal,NX16_1_P20
93.25000000001263,-74.97241145491923,proximal,NX16_1_P20
93.27500000001264,-74.9724458975471,proximal,NX16_1_P20
93.30000000001264,-74.97248029717545,proximal,NX16_1_P20
93.32500000001264,-74.97251465385794,proximal,NX16_1_P20
93.35000000001266,-74.9725489676482,proximal,NX16_1_P20
93.37500000001266,-74.97258323859975,proximal,NX16_1_P20
93.40000000001268,-74.97261746676611,proximal,NX16_1_P20
93.42500000001267,-74.97265165220068,proximal,NX16_1_P20
93.45000000001268,-74.9726857949568,proximal,NX16_1_P20
93.47500000001268,-74.97271989508776,proximal,NX16_1_P20
93.50000000001268,-74.97275395264678,proximal,NX16_1_P20
93.5250000000127,-74.972787967687,proximal,NX16_1_P20
93.5500000000127,-74.9728219402615,proximal,NX16_1_P20
93.57500000001272,-74.97285587042329,proximal,NX16_1_P20
93.60000000001271,-74.97288975822534,proximal,NX16_1_P20
93.62500000001272,-74.97292360372052,proximal,NX16_1_P20
93.65000000001272,-74.97295740696164,proximal,NX16_1_P20
93.67500000001272,-74.97299116800147,proximal,NX16_1_P20
93.70000000001274,-74.97302488689269,proximal,NX16_1_P20
93.72500000001274,-74.97305856368791,proximal,NX16_1_P20
93.75000000001276,-74.9730921984397,proximal,NX16_1_P20
93.77500000001277,-74.97312579120054,proximal,NX16_1_P20
93.80000000001276,-74.97315934202285,proximal,NX16_1_P20
93.82500000001276,-74.973192850959,proximal,NX16_1_P20
93.85000000001276,-74.97322631806126,proximal,NX16_1_P20
93.87500000001278,-74.97325974338187,proximal,NX16_1_P20
93.90000000001278,-74.973293126973,proximal,NX16_1_P20
93.9250000000128,-74.97332646888674,proximal,NX16_1_P20
93.9500000000128,-74.97335976917512,proximal,NX16_1_P20
93.9750000000128,-74.9733930278901,proximal,NX16_1_P20
94.0000000000128,-74.9734262450836,proximal,NX16_1_P20
94.0250000000128,-74.97345942080744,proximal,NX16_1_P20
94.05000000001282,-74.9734925551134,proximal,NX16_1_P20
94.07500000001282,-74.97352564805318,proximal,NX16_1_P20
94.10000000001284,-74.97355869967845,proximal,NX16_1_P20
94.12500000001285,-74.97359171004075,proximal,NX16_1_P20
94.15000000001284,-74.97362467919162,proximal,NX16_1_P20
94.17500000001284,-74.97365760718249,proximal,NX16_1_P20
94.20000000001284,-74.97369049406477,proximal,NX16_1_P20
94.22500000001286,-74.97372333988977,proximal,NX16_1_P20
94.25000000001286,-74.97375614470874,proximal,NX16_1_P20
94.27500000001288,-74.97378890857289,proximal,NX16_1_P20
94.30000000001289,-74.97382163153334,proximal,NX16_1_P20
94.32500000001288,-74.97385431364116,proximal,NX16_1_P20
94.35000000001288,-74.97388695494733,proximal,NX16_1_P20
94.37500000001288,-74.97391955550282,proximal,NX16_1_P20
94.4000000000129,-74.97395211535849,proximal,NX16_1_P20
94.4250000000129,-74.97398463456516,proximal,NX16_1_P20
94.4500000000129,-74.97401711317356,proximal,NX16_1_P20
94.47500000001293,-74.97404955123439,proximal,NX16_1_P20
94.50000000001292,-74.97408194879826,proximal,NX16_1_P20
94.52500000001292,-74.97411430591573,proximal,NX16_1_P20
94.55000000001291,-74.97414662263732,proximal,NX16_1_P20
94.57500000001292,-74.97417889901342,proximal,NX16_1_P20
94.60000000001294,-74.97421113509444,proximal,NX16_1_P20
94.62500000001296,-74.97424333093065,proximal,NX16_1_P20
94.65000000001297,-74.97427548657231,proximal,NX16_1_P20
94.67500000001296,-74.9743076020696,proximal,NX16_1_P20
94.70000000001296,-74.97433967747264,proximal,NX16_1_P20
94.72500000001295,-74.97437171283148,proximal,NX16_1_P20
94.75000000001296,-74.97440370819612,proximal,NX16_1_P20
94.77500000001298,-74.97443566361649,proximal,NX16_1_P20
94.800000000013,-74.97446757914244,proximal,NX16_1_P20
94.825000000013,-74.9744994548238,proximal,NX16_1_P20
94.850000000013,-74.9745312907103,proximal,NX16_1_P20
94.875000000013,-74.97456308685162,proximal,NX16_1_P20
94.900000000013,-74.9745948432974,proximal,NX16_1_P20
94.925000000013,-74.97462656009716,proximal,NX16_1_P20
94.95000000001302,-74.97465823730043,proximal,NX16_1_P20
94.97500000001304,-74.97468987495662,proximal,NX16_1_P20
95.00000000001305,-74.97472147311512,proximal,NX16_1_P20
95.02500000001304,-74.97475303182523,proximal,NX16_1_P20
95.05000000001304,-74.97478455113621,proximal,NX16_1_P20
95.07500000001303,-74.97481603109723,proximal,NX16_1_P20
95.10000000001304,-74.97484747175743,proximal,NX16_1_P20
95.12500000001306,-74.97487887316586,proximal,NX16_1_P20
95.15000000001308,-74.97491023537155,proximal,NX16_1_P20
95.17500000001309,-74.97494155842342,proximal,NX16_1_P20
95.20000000001308,-74.97497284237035,proximal,NX16_1_P20
95.22500000001308,-74.97500408726118,proximal,NX16_1_P20
95.25000000001307,-74.97503529314464,proximal,NX16_1_P20
95.2750000000131,-74.97506646006946,proximal,NX16_1_P20
95.3000000000131,-74.97509758808425,proximal,NX16_1_P20
95.3250000000131,-74.97512867723762,proximal,NX16_1_P20
95.35000000001313,-74.97515972757805,proximal,NX16_1_P20
95.37500000001312,-74.97519073915402,proximal,NX16_1_P20
95.40000000001312,-74.9752217120139,proximal,NX16_1_P20
95.42500000001311,-74.97525264620604,proximal,NX16_1_P20
95.45000000001312,-74.97528354177874,proximal,NX16_1_P20
95.47500000001314,-74.97531439878017,proximal,NX16_1_P20
95.50000000001316,-74.9753452172585,proximal,NX16_1_P20
95.52500000001316,-74.97537599726184,proximal,NX16_1_P20
95.55000000001316,-74.9754067388382,proximal,NX16_1_P20
95.57500000001316,-74.97543744203557,proximal,NX16_1_P20
95.60000000001315,-74.97546810690184,proximal,NX16_1_P20
95.62500000001316,-74.9754987334849,proximal,NX16_1_P20
95.65000000001318,-74.97552932183252,proximal,NX16_1_P20
95.67500000001318,-74.97555987199244,proximal,NX16_1_P20
95.7000000000132,-74.97559038401235,proximal,NX16_1_P20
95.7250000000132,-74.97562085793984,proximal,NX16_1_P20
95.7500000000132,-74.97565129382248,proximal,NX16_1_P20
95.7750000000132,-74.97568169170776,proximal,NX16_1_P20
95.8000000000132,-74.97571205164313,proximal,NX16_1_P20
95.82500000001322,-74.97574237367594,proximal,NX16_1_P20
95.85000000001322,-74.97577265785355,proximal,NX16_1_P20
95.87500000001324,-74.97580290422319,proximal,NX16_1_P20
95.90000000001324,-74.97583311283206,proximal,NX16_1_P20
95.92500000001324,-74.97586328372734,proximal,NX16_1_P20
95.95000000001323,-74.97589341695605,proximal,NX16_1_P20
95.97500000001324,-74.97592351256527,proximal,NX16_1_P20
96.00000000001326,-74.97595357060194,proximal,NX16_1_P20
96.02500000001326,-74.97598359111298,proximal,NX16_1_P20
96.05000000001328,-74.97601357414521,proximal,NX16_1_P20
96.07500000001328,-74.97604351974546,proximal,NX16_1_P20
96.10000000001328,-74.97607342796043,proximal,NX16_1_P20
96.12500000001327,-74.97610329883682,proximal,NX16_1_P20
96.15000000001328,-74.97613313242121,proximal,NX16_1_P20
96.1750000000133,-74.97616292876019,proximal,NX16_1_P20
96.2000000000133,-74.97619268790024,proximal,NX16_1_P20
96.22500000001332,-74.97622240988781,proximal,NX16_1_P20
96.25000000001332,-74.97625209476928,proximal,NX16_1_P20
96.27500000001332,-74.97628174259097,proximal,NX16_1_P20
96.30000000001333,-74.97631135339915,proximal,NX16_1_P20
96.32500000001332,-74.97634092724003,proximal,NX16_1_P20
96.35000000001334,-74.97637046415976,proximal,NX16_1_P20
96.37500000001334,-74.97639996420443,proximal,NX16_1_P20
96.40000000001336,-74.9764294274201,proximal,NX16_1_P20
96.42500000001336,-74.97645885385272,proximal,NX16_1_P20
96.45000000001336,-74.97648824354822,proximal,NX16_1_P20
96.47500000001337,-74.97651759655245,proximal,NX16_1_P20
96.50000000001336,-74.97654691291125,proximal,NX16_1_P20
96.52500000001338,-74.97657619267035,proximal,NX16_1_P20
96.55000000001338,-74.97660543587544,proximal,NX16_1_P20
96.5750000000134,-74.97663464257217,proximal,NX16_1_P20
96.6000000000134,-74.9766638128061,proximal,NX16_1_P20
96.6250000000134,-74.97669294662275,proximal,NX16_1_P20
96.6500000000134,-74.9767220440676,proximal,NX16_1_P20
96.6750000000134,-74.97675110518605,proximal,NX16_1_P20
96.70000000001342,-74.97678013002347,proximal,NX16_1_P20
96.72500000001342,-74.97680911862513,proximal,NX16_1_P20
96.75000000001344,-74.97683807103627,proximal,NX16_1_P20
96.77500000001343,-74.97686698730209,proximal,NX16_1_P20
96.80000000001344,-74.97689586746769,proximal,NX16_1_P20
96.82500000001345,-74.97692471157816,proximal,NX16_1_P20
96.85000000001344,-74.9769535196785,proximal,NX16_1_P20
96.87500000001346,-74.97698229181367,proximal,NX16_1_P20
96.90000000001346,-74.97701102802858,proximal,NX16_1_P20
96.92500000001348,-74.97703972836807,proximal,NX16_1_P20
96.95000000001347,-74.97706839287692,proximal,NX16_1_P20
96.97500000001348,-74.97709702159986,proximal,NX16_1_P20
97.00000000001349,-74.97712561458158,proximal,NX16_1_P20
97.02500000001348,-74.97715417186669,proximal,NX16_1_P20
97.0500000000135,-74.97718269349976,proximal,NX16_1_P20
97.0750000000135,-74.9772111795253,proximal,NX16_1_P20
97.10000000001352,-74.97723962998776,proximal,NX16_1_P20
97.12500000001351,-74.97726804493155,proximal,NX16_1_P20
97.15000000001352,-74.97729642440099,proximal,NX16_1_P20
97.17500000001353,-74.97732476844038,proximal,NX16_1_P20
97.20000000001352,-74.97735307709397,proximal,NX16_1_P20
97.22500000001354,-74.9773813504059,proximal,NX16_1_P20
97.25000000001354,-74.97740958842033,proximal,NX16_1_P20
97.27500000001356,-74.9774377911813,proximal,NX16_1_P20
97.30000000001355,-74.97746595873284,proximal,NX16_1_P20
97.32500000001356,-74.97749409111888,proximal,NX16_1_P20
97.35000000001357,-74.97752218838336,proximal,NX16_1_P20
97.37500000001356,-74.9775502505701,proximal,NX16_1_P20
97.40000000001358,-74.9775782777229,proximal,NX16_1_P20
97.42500000001358,-74.9776062698855,proximal,NX16_1_P20
97.4500000000136,-74.97763422710157,proximal,NX16_1_P20
97.4750000000136,-74.97766214941475,proximal,NX16_1_P20
97.5000000000136,-74.97769003686862,proximal,NX16_1_P20
97.5250000000136,-74.97771788950669,proximal,NX16_1_P20
97.5500000000136,-74.97774570737243,proximal,NX16_1_P20
97.57500000001362,-74.97777349050925,proximal,NX16_1_P20
97.60000000001362,-74.9778012389605,proximal,NX16_1_P20
97.62500000001364,-74.9778289527695,proximal,NX16_1_P20
97.65000000001363,-74.97785663197948,proximal,NX16_1_P20
97.67500000001364,-74.97788427663365,proximal,NX16_1_P20
97.70000000001365,-74.97791188677513,proximal,NX16_1_P20
97.72500000001364,-74.97793946244703,proximal,NX16_1_P20
97.75000000001366,-74.97796700369237,proximal,NX16_1_P20
97.77500000001366,-74.97799451055413,proximal,NX16_1_P20
97.80000000001368,-74.97802198307524,proximal,NX16_1_P20
97.82500000001367,-74.97804942129858,proximal,NX16_1_P20
97.85000000001368,-74.97807682526695,proximal,NX16_1_P20
97.87500000001369,-74.97810419502314,proximal,NX16_1_P20
97.90000000001368,-74.97813153060983,proximal,NX16_1_P20
97.9250000000137,-74.9781588320697,proximal,NX16_1_P20
97.9500000000137,-74.97818609944535,proximal,NX16_1_P20
97.97500000001372,-74.97821333277933,proximal,NX16_1_P20
98.00000000001371,-74.97824053211416,proximal,NX16_1_P20
98.02500000001372,-74.97826769749226,proximal,NX16_1_P20
98.05000000001372,-74.97829482895602,proximal,NX16_1_P20
98.07500000001372,-74.97832192654779,proximal,NX16_1_P20
98.10000000001374,-74.97834899030987,proximal,NX16_1_P20
98.12500000001374,-74.97837602028447,proximal,NX16_1_P20
98.15000000001376,-74.9784030165138,proximal,NX16_1_P20
98.17500000001375,-74.97842997903996,proximal,NX16_1_P20
98.20000000001376,-74.97845690790504,proximal,NX16_1_P20
98.22500000001376,-74.97848380315106,proximal,NX16_1_P20
98.25000000001376,-74.97851066482,proximal,NX16_1_P20
98.27500000001378,-74.97853749295378,proximal,NX16_1_P20
98.30000000001378,-74.97856428759425,proximal,NX16_1_P20
98.3250000000138,-74.97859104878323,proximal,NX16_1_P20
98.3500000000138,-74.97861777656249,proximal,NX16_1_P20
98.3750000000138,-74.97864447097373,proximal,NX16_1_P20
98.4000000000138,-74.97867113205864,proximal,NX16_1_P20
98.4250000000138,-74.97869775985878,proximal,NX16_1_P20
98.45000000001382,-74.97872435441572,proximal,NX16_1_P20
98.47500000001382,-74.97875091577097,proximal,NX16_1_P20
98.50000000001384,-74.97877744396598,proximal,NX16_1_P20
98.52500000001385,-74.97880393904215,proximal,NX16_1_P20
98.55000000001384,-74.97883040104081,proximal,NX16_1_P20
98.57500000001384,-74.97885683000328,proximal,NX16_1_P20
98.60000000001384,-74.97888322597078,proximal,NX16_1_P20
98.62500000001386,-74.97890958898452,proximal,NX16_1_P20
98.65000000001386,-74.97893591908563,proximal,NX16_1_P20
98.67500000001388,-74.9789622163152,proximal,NX16_1_P20
98.70000000001389,-74.97898848071428,proximal,NX16_1_P20
98.72500000001388,-74.97901471232385,proximal,NX16_1_P20
98.75000000001388,-74.97904091118482,proximal,NX16_1_P20
98.77500000001388,-74.97906707733813,proximal,NX16_1_P20
98.8000000000139,-74.97909321082456,proximal,NX16_1_P20
98.8250000000139,-74.97911931168493,proximal,NX16_1_P20
98.8500000000139,-74.97914537995995,proximal,NX16_1_P20
98.87500000001393,-74.9791714156903,proximal,NX16_1_P20
98.90000000001392,-74.97919741891663,proximal,NX16_1_P20
98.92500000001392,-74.9792233896795,proximal,NX16_1_P20
98.95000000001392,-74.97924932801945,proximal,NX16_1_P20
98.97500000001394,-74.97927523397695,proximal,NX16_1_P20
99.00000000001394,-74.97930110759243,proximal,NX16_1_P20
99.02500000001396,-74.97932694890628,proximal,NX16_1_P20
99.05000000001397,-74.9793527579588,proximal,NX16_1_P20
99.07500000001396,-74.97937853479027,proximal,NX16_1_P20
99.10000000001396,-74.97940427944094,proximal,NX16_1_P20
99.12500000001396,-74.97942999195098,proximal,NX16_1_P20
99.15000000001396,-74.9794556723605,proximal,NX16_1_P20
99.17500000001398,-74.9794813207096,proximal,NX16_1_P20
99.200000000014,-74.97950693703827,proximal,NX16_1_P20
99.225000000014,-74.9795325213865,proximal,NX16_1_P20
99.250000000014,-74.97955807379424,proximal,NX16_1_P20
99.275000000014,-74.97958359430133,proximal,NX16_1_P20
99.300000000014,-74.97960908294762,proximal,NX16_1_P20
99.325000000014,-74.97963453977287,proximal,NX16_1_P20
99.35000000001402,-74.97965996481683,proximal,NX16_1_P20
99.37500000001404,-74.97968535811916,proximal,NX16_1_P20
99.40000000001405,-74.97971071971949,proximal,NX16_1_P20
99.42500000001404,-74.97973604965739,proximal,NX16_1_P20
99.45000000001404,-74.9797613479724,proximal,NX16_1_P20
99.47500000001403,-74.979786614704,proximal,NX16_1_P20
99.50000000001404,-74.9798118498916,proximal,NX16_1_P20
99.52500000001406,-74.97983705357461,proximal,NX16_1_P20
99.55000000001408,-74.97986222579235,proximal,NX16_1_P20
99.57500000001409,-74.9798873665841,proximal,NX16_1_P20
99.60000000001408,-74.97991247598908,proximal,NX16_1_P20
99.62500000001408,-74.9799375540465,proximal,NX16_1_P20
99.65000000001407,-74.97996260079549,proximal,NX16_1_P20
99.6750000000141,-74.97998761627512,proximal,NX16_1_P20
99.7000000000141,-74.98001260052445,proximal,NX16_1_P20
99.7250000000141,-74.98003755358245,proximal,NX16_1_P20
99.75000000001413,-74.98006247548807,proximal,NX16_1_P20
99.77500000001412,-74.98008736628019,proximal,NX16_1_P20
99.80000000001412,-74.98011222599767,proximal,NX16_1_P20
99.82500000001411,-74.9801370546793,proximal,NX16_1_P20
99.85000000001412,-74.98016185236382,proximal,NX16_1_P20
99.87500000001414,-74.98018661908995,proximal,NX16_1_P20
99.90000000001416,-74.9802113548963,proximal,NX16_1_P20
99.92500000001417,-74.98023605982151,proximal,NX16_1_P20
99.95000000001416,-74.9802607339041,proximal,NX16_1_P20
99.97500000001416,-74.9802853771826,proximal,NX16_1_P20
100.00000000001415,-74.98030998969546,proximal,NX16_1_P20
100.02500000001416,-74.9803345714811,proximal,NX16_1_P20
100.05000000001418,-74.98035912257785,proximal,NX16_1_P20
100.0750000000142,-74.98038364302406,proximal,NX16_1_P20
100.1000000000142,-74.98040813285796,proximal,NX16_1_P20
100.1250000000142,-74.9804325921178,proximal,NX16_1_P20
100.1500000000142,-74.98045702084173,proximal,NX16_1_P20
100.1750000000142,-74.98048141906787,proximal,NX16_1_P20
100.2000000000142,-74.9805057868343,proximal,NX16_1_P20
100.22500000001422,-74.98053012417905,proximal,NX16_1_P20
100.25000000001424,-74.98055443114012,proximal,NX16_1_P20
100.27500000001424,-74.9805787077554,proximal,NX16_1_P20
100.30000000001424,-74.9806029540628,proximal,NX16_1_P20
100.32500000001424,-74.98062717010016,proximal,NX16_1_P20
100.35000000001423,-74.98065135590527,proximal,NX16_1_P20
100.37500000001424,-74.98067551151586,proximal,NX16_1_P20
100.40000000001426,-74.98069963696962,proximal,NX16_1_P20
100.42500000001426,-74.98072373230423,proximal,NX16_1_P20
100.45000000001428,-74.98074779755726,proximal,NX16_1_P20
100.47500000001428,-74.98077183276628,proximal,NX16_1_P20
100.50000000001428,-74.9807958379688,proximal,NX16_1_P20
100.52500000001427,-74.98081981320229,proximal,NX16_1_P20
100.5500000000143,-74.98084375850414,proximal,NX16_1_P20
100.5750000000143,-74.98086767391173,proximal,NX16_1_P20
100.6000000000143,-74.98089155946239,proximal,NX16_1_P20
100.62500000001432,-74.98091541519338,proximal,NX16_1_P20
100.65000000001432,-74.98093924114194,proximal,NX16_1_P20
100.67500000001432,-74.98096303734523,proximal,NX16_1_P20
100.70000000001431,-74.98098680384042,proximal,NX16_1_P20
100.72500000001432,-74.98101054066457,proximal,NX16_1_P20
100.75000000001434,-74.98103424785474,proximal,NX16_1_P20
100.77500000001434,-74.98105792544791,proximal,NX16_1_P20
100.80000000001436,-74.98108157348105,proximal,NX16_1_P20
100.82500000001436,-74.98110519199105,proximal,NX16_1_P20
100.85000000001436,-74.98112878101476,proximal,NX16_1_P20
100.87500000001435,-74.981152340589,proximal,NX16_1_P20
100.90000000001436,-74.98117587075055,proximal,NX16_1_P20
100.92500000001438,-74.98119937153612,proximal,NX16_1_P20
100.95000000001438,-74.98122284298238,proximal,NX16_1_P20
100.9750000000144,-74.98124628512595,proximal,NX16_1_P20
101.0000000000144,-74.98126969800343,proximal,NX16_1_P20
101.0250000000144,-74.98129308165136,proximal,NX16_1_P20
101.0500000000144,-74.98131643610621,proximal,NX16_1_P20
101.0750000000144,-74.98133976140444,proximal,NX16_1_P20
101.10000000001442,-74.98136305758244,proximal,NX16_1_P20
101.12500000001442,-74.98138632467659,proximal,NX16_1_P20
101.15000000001444,-74.98140956272317,proximal,NX16_1_P20
101.17500000001444,-74.98143277175846,proximal,NX16_1_P20
101.20000000001444,-74.98145595181867,proximal,NX16_1_P20
101.22500000001445,-74.98147910293999,proximal,NX16_1_P20
101.25000000001444,-74.98150222515852,proximal,NX16_1_P20
101.27500000001446,-74.98152531851036,proximal,NX16_1_P20
101.30000000001446,-74.98154838303157,proximal,NX16_1_P20
101.32500000001448,-74.98157141875811,proximal,NX16_1_P20
101.35000000001448,-74.98159442572593,proximal,NX16_1_P20
101.37500000001448,-74.98161740397096,proximal,NX16_1_P20
101.40000000001449,-74.98164035352903,proximal,NX16_1_P20
101.42500000001448,-74.98166327443597,proximal,NX16_1_P20
101.4500000000145,-74.98168616672756,proximal,NX16_1_P20
101.4750000000145,-74.98170903043949,proximal,NX16_1_P20
101.50000000001452,-74.98173186560747,proximal,NX16_1_P20
101.52500000001451,-74.98175467226713,proximal,NX16_1_P20
101.55000000001452,-74.98177745045405,proximal,NX16_1_P20
101.57500000001453,-74.98180020020378,proximal,NX16_1_P20
101.60000000001452,-74.98182292155182,proximal,NX16_1_P20
101.62500000001454,-74.98184561453364,proximal,NX16_1_P20
101.65000000001454,-74.98186827918465,proximal,NX16_1_P20
101.67500000001456,-74.98189091554022,proximal,NX16_1_P20
101.70000000001455,-74.98191352363567,proximal,NX16_1_P20
101.72500000001456,-74.98193610350627,proximal,NX16_1_P20
101.75000000001457,-74.98195865518727,proximal,NX16_1_P20
101.77500000001456,-74.98198117871387,proximal,NX16_1_P20
101.80000000001458,-74.9820036741212,proximal,NX16_1_P20
101.82500000001458,-74.9820261414444,proximal,NX16_1_P20
101.8500000000146,-74.98204858071848,proximal,NX16_1_P20
101.8750000000146,-74.9820709919785,proximal,NX16_1_P20
101.9000000000146,-74.98209337525941,proximal,NX16_1_P20
101.9250000000146,-74.98211573059615,proximal,NX16_1_P20
101.9500000000146,-74.98213805802361,proximal,NX16_1_P20
101.97500000001462,-74.98216035757663,proximal,NX16_1_P20
102.00000000001462,-74.98218262929001,proximal,NX16_1_P20
102.02500000001464,-74.9822048731985,proximal,NX16_1_P20
102.05000000001463,-74.98222708933682,proximal,NX16_1_P20
102.07500000001464,-74.98224927773964,proximal,NX16_1_P20
102.10000000001465,-74.98227143844157,proximal,NX16_1_P20
102.12500000001464,-74.98229357147721,proximal,NX16_1_P20
102.15000000001466,-74.9823156768811,proximal,NX16_1_P20
102.17500000001466,-74.98233775468773,proximal,NX16_1_P20
102.20000000001468,-74.98235980493156,proximal,NX16_1_P20
102.22500000001467,-74.98238182764699,proximal,NX16_1_P20
102.25000000001468,-74.98240382286839,proximal,NX16_1_P20
102.27500000001469,-74.9824257906301,proximal,NX16_1_P20
102.30000000001468,-74.98244773096638,proximal,NX16_1_P20
102.3250000000147,-74.98246964391149,proximal,NX16_1_P20
102.3500000000147,-74.9824915294996,proximal,NX16_1_P20
102.37500000001472,-74.98251338776488,proximal,NX16_1_P20
102.40000000001471,-74.98253521874145,proximal,NX16_1_P20
102.42500000001472,-74.98255702246335,proximal,NX16_1_P20
102.45000000001473,-74.98257879896464,proximal,NX16_1_P20
102.47500000001472,-74.9826005482793,proximal,NX16_1_P20
102.50000000001474,-74.98262227044123,proximal,NX16_1_P20
102.52500000001474,-74.98264396548436,proximal,NX16_1_P20
102.55000000001476,-74.98266563344255,proximal,NX16_1_P20
102.57500000001475,-74.9826872743496,proximal,NX16_1_P20
102.60000000001476,-74.9827088882393,proximal,NX16_1_P20
102.62500000001477,-74.98273047514536,proximal,NX16_1_P20
102.65000000001476,-74.98275203510147,proximal,NX16_1_P20
102.67500000001478,-74.98277356814128,proximal,NX16_1_P20
102.70000000001478,-74.98279507429841,proximal,NX16_1_P20
102.7250000000148,-74.98281655360638,proximal,NX16_1_P20
102.7500000000148,-74.98283800609876,proximal,NX16_1_P20
102.7750000000148,-74.98285943180899,proximal,NX16_1_P20
102.8000000000148,-74.98288083077051,proximal,NX16_1_P20
102.8250000000148,-74.98290220301674,proximal,NX16_1_P20
102.85000000001482,-74.982923548581,proximal,NX16_1_P20
102.87500000001482,-74.98294486749663,proximal,NX16_1_P20
102.90000000001484,-74.98296615979687,proximal,NX16_1_P20
102.92500000001483,-74.98298742551498,proximal,NX16_1_P20
102.95000000001484,-74.9830086646841,proximal,NX16_1_P20
102.97500000001484,-74.98302987733743,proximal,NX16_1_P20
103.00000000001484,-74.98305106350804,proximal,NX16_1_P20
103.02500000001486,-74.983072223229,proximal,NX16_1_P20
103.05000000001486,-74.98309335653332,proximal,NX16_1_P20
103.07500000001488,-74.983114463454,proximal,NX16_1_P20
103.10000000001487,-74.98313554402397,proximal,NX16_1_P20
103.12500000001488,-74.98315659827611,proximal,NX16_1_P20
103.15000000001488,-74.9831776262433,proximal,NX16_1_P20
103.17500000001488,-74.98319862795834,proximal,NX16_1_P20
103.2000000000149,-74.98321960345402,proximal,NX16_1_P20
103.2250000000149,-74.98324055276305,proximal,NX16_1_P20
103.25000000001492,-74.98326147591816,proximal,NX16_1_P20
103.27500000001493,-74.98328237295196,proximal,NX16_1_P20
103.30000000001492,-74.98330324389708,proximal,NX16_1_P20
103.32500000001492,-74.98332408878609,proximal,NX16_1_P20
103.35000000001492,-74.98334490765151,proximal,NX16_1_P20
103.37500000001494,-74.98336570052585,proximal,NX16_1_P20
103.40000000001494,-74.98338646744155,proximal,NX16_1_P20
103.42500000001496,-74.983407208431,proximal,NX16_1_P20
103.45000000001497,-74.98342792352659,proximal,NX16_1_P20
103.47500000001496,-74.98344861276063,proximal,NX16_1_P20
103.50000000001496,-74.98346927616542,proximal,NX16_1_P20
103.52500000001496,-74.9834899137732,proximal,NX16_1_P20
103.55000000001498,-74.98351052561617,proximal,NX16_1_P20
103.57500000001498,-74.9835311117265,proximal,NX16_1_P20
103.600000000015,-74.98355167213633,proximal,NX16_1_P20
103.625000000015,-74.98357220687772,proximal,NX16_1_P20
103.650000000015,-74.98359271598274,proximal,NX16_1_P20
103.675000000015,-74.98361319948337,proximal,NX16_1_P20
103.700000000015,-74.9836336574116,proximal,NX16_1_P20
103.72500000001502,-74.98365408979934,proximal,NX16_1_P20
103.75000000001502,-74.98367449667849,proximal,NX16_1_P20
103.77500000001504,-74.98369487808088,proximal,NX16_1_P20
103.80000000001505,-74.98371523403833,proximal,NX16_1_P20
103.82500000001504,-74.9837355645826,proximal,NX16_1_P20
103.85000000001504,-74.98375586974541,proximal,NX16_1_P20
103.87500000001504,-74.98377614955845,proximal,NX16_1_P20
103.90000000001504,-74.98379640405338,proximal,NX16_1_P20
103.92500000001506,-74.9838166332618,proximal,NX16_1_P20
103.95000000001508,-74.98383683721528,proximal,NX16_1_P20
103.97500000001509,-74.98385701594535,proximal,NX16_1_P20
104.00000000001508,-74.98387716948348,proximal,NX16_1_P20
104.02500000001508,-74.98389729786115,proximal,NX16_1_P20
104.05000000001507,-74.98391740110975,proximal,NX16_1_P20
104.0750000000151,-74.98393747926067,proximal,NX16_1_P20
104.1000000000151,-74.98395753234524,proximal,NX16_1_P20
104.1250000000151,-74.98397756039475,proximal,NX16_1_P20
104.15000000001513,-74.98399756344044,proximal,NX16_1_P20
104.17500000001512,-74.98401754151354,proximal,NX16_1_P20
104.20000000001512,-74.98403749464522,proximal,NX16_1_P20
104.22500000001511,-74.98405742286664,proximal,NX16_1_P20
104.25000000001512,-74.98407732620888,proximal,NX16_1_P20
104.27500000001514,-74.98409720470299,proximal,NX16_1_P20
104.30000000001516,-74.98411705838001,proximal,NX16_1_P20
104.32500000001517,-74.98413688727092,proximal,NX16_1_P20
104.35000000001516,-74.98415669140665,proximal,NX16_1_P20
104.37500000001516,-74.98417647081813,proximal,NX16_1_P20
104.40000000001515,-74.9841962255362,proximal,NX16_1_P20
104.42500000001516,-74.98421595559171,proximal,NX16_1_P20
104.45000000001518,-74.98423566101543,proximal,NX16_1_P20
104.4750000000152,-74.98425534183814,proximal,NX16_1_P20
104.5000000000152,-74.98427499809051,proximal,NX16_1_P20
104.5250000000152,-74.98429462980326,proximal,NX16_1_P20
104.5500000000152,-74.984314237007,proximal,NX16_1_P20
104.5750000000152,-74.98433381973233,proximal,NX16_1_P20
104.6000000000152,-74.98435337800981,proximal,NX16_1_P20
104.62500000001522,-74.98437291186997,proximal,NX16_1_P20
104.65000000001524,-74.98439242134329,proximal,NX16_1_P20
104.67500000001525,-74.98441190646021,proximal,NX16_1_P20
104.70000000001524,-74.98443136725113,proximal,NX16_1_P20
104.72500000001524,-74.98445080374645,proximal,NX16_1_P20
104.75000000001523,-74.98447021597647,proximal,NX16_1_P20
104.77500000001524,-74.98448960397151,proximal,NX16_1_P20
104.80000000001526,-74.9845089677618,proximal,NX16_1_P20
104.82500000001528,-74.98452830737757,proximal,NX16_1_P20
104.85000000001529,-74.984547622849,proximal,NX16_1_P20
104.87500000001528,-74.98456691420624,proximal,NX16_1_P20
104.90000000001528,-74.98458618147939,proximal,NX16_1_P20
104.92500000001527,-74.98460542469851,proximal,NX16_1_P20
104.9500000000153,-74.98462464389364,proximal,NX16_1_P20
104.9750000000153,-74.98464383909477,proximal,NX16_1_P20
105.0000000000153,-74.98466301033186,proximal,NX16_1_P20
105.02500000001532,-74.98468215763481,proximal,NX16_1_P20
105.05000000001532,-74.98470128103351,proximal,NX16_1_P20
105.07500000001532,-74.9847203805578,proximal,NX16_1_P20
105.10000000001531,-74.9847394562375,proximal,NX16_1_P20
105.12500000001532,-74.98475850810237,proximal,NX16_1_P20
105.15000000001534,-74.98477753618214,proximal,NX16_1_P20
105.17500000001534,-74.98479654050651,proximal,NX16_1_P20
105.20000000001536,-74.98481552110512,proximal,NX16_1_P20
105.22500000001536,-74.9848344780076,proximal,NX16_1_P20
105.25000000001536,-74.98485341124355,proximal,NX16_1_P20
105.27500000001535,-74.98487232084248,proximal,NX16_1_P20
105.30000000001536,-74.98489120683394,proximal,NX16_1_P20
105.32500000001538,-74.98491006924738,proximal,NX16_1_P20
105.35000000001538,-74.98492890811224,proximal,NX16_1_P20
105.3750000000154,-74.9849477234579,proximal,NX16_1_P20
105.4000000000154,-74.98496651531376,proximal,NX16_1_P20
105.4250000000154,-74.98498528370912,proximal,NX16_1_P20
105.4500000000154,-74.98500402867327,proximal,NX16_1_P20
105.4750000000154,-74.98502275023547,proximal,NX16_1_P20
105.50000000001542,-74.98504144842494,proximal,NX16_1_P20
105.52500000001542,-74.98506012327084,proximal,NX16_1_P20
105.55000000001544,-74.98507877480233,proximal,NX16_1_P20
105.57500000001544,-74.98509740304853,proximal,NX16_1_P20
105.60000000001544,-74.98511600803847,proximal,NX16_1_P20
105.62500000001543,-74.98513458980122,proximal,NX16_1_P20
105.65000000001544,-74.98515314836575,proximal,NX16_1_P20
105.67500000001546,-74.98517168376105,proximal,NX16_1_P20
105.70000000001546,-74.98519019601603,proximal,NX16_1_P20
105.72500000001548,-74.98520868515958,proximal,NX16_1_P20
105.75000000001548,-74.98522715122054,proximal,NX16_1_P20
105.77500000001548,-74.98524559422776,proximal,NX16_1_P20
105.80000000001549,-74.98526401420999,proximal,NX16_1_P20
105.82500000001548,-74.985282411196,proximal,NX16_1_P20
105.8500000000155,-74.98530078521448,proximal,NX16_1_P20
105.8750000000155,-74.98531913629411,proximal,NX16_1_P20
105.90000000001552,-74.98533746446353,proximal,NX16_1_P20
105.92500000001552,-74.98535576975134,proximal,NX16_1_P20
105.95000000001552,-74.9853740521861,proximal,NX16_1_P20
105.97500000001553,-74.98539231179636,proximal,NX16_1_P20
106.00000000001552,-74.98541054861059,proximal,NX16_1_P20
106.02500000001554,-74.98542876265726,proximal,NX16_1_P20
106.05000000001554,-74.98544695396481,proximal,NX16_1_P20
106.07500000001556,-74.9854651225616,proximal,NX16_1_P20
106.10000000001556,-74.985483268476,proximal,NX16_1_P20
106.12500000001556,-74.98550139173634,proximal,NX16_1_P20
106.15000000001557,-74.98551949237087,proximal,NX16_1_P20
106.17500000001556,-74.98553757040786,proximal,NX16_1_P20
106.20000000001558,-74.9855556258755,proximal,NX16_1_P20
106.22500000001558,-74.985573658802,proximal,NX16_1_P20
106.2500000000156,-74.98559166921548,proximal,NX16_1_P20
106.2750000000156,-74.98560965714405,proximal,NX16_1_P20
106.3000000000156,-74.98562762261578,proximal,NX16_1_P20
106.3250000000156,-74.9856455656587,proximal,NX16_1_P20
106.3500000000156,-74.98566348630082,proximal,NX16_1_P20
106.37500000001562,-74.9856813845701,proximal,NX16_1_P20
106.40000000001562,-74.98569926049448,proximal,NX16_1_P20
106.42500000001564,-74.98571711410186,proximal,NX16_1_P20
106.45000000001563,-74.98573494542008,proximal,NX16_1_P20
106.47500000001564,-74.98575275447698,proximal,NX16_1_P20
106.50000000001565,-74.98577054130035,proximal,NX16_1_P20
106.52500000001564,-74.98578830591795,proximal,NX16_1_P20
106.55000000001566,-74.9858060483575,proximal,NX16_1_P20
106.57500000001566,-74.9858237686467,proximal,NX16_1_P20
106.60000000001568,-74.98584146681317,proximal,NX16_1_P20
106.62500000001567,-74.98585914288456,proximal,NX16_1_P20
106.65000000001568,-74.98587679688845,proximal,NX16_1_P20
106.67500000001569,-74.98589442885239,proximal,NX16_1_P20
106.70000000001568,-74.98591203880387,proximal,NX16_1_P20
106.7250000000157,-74.98592962677041,proximal,NX16_1_P20
106.7500000000157,-74.98594719277943,proximal,NX16_1_P20
106.77500000001572,-74.98596473685836,proximal,NX16_1_P20
106.80000000001571,-74.98598225903457,proximal,NX16_1_P20
106.82500000001572,-74.9859997593354,proximal,NX16_1_P20
106.85000000001573,-74.98601723778816,proximal,NX16_1_P20
106.87500000001572,-74.98603469442013,proximal,NX16_1_P20
106.90000000001574,-74.98605212925855,proximal,NX16_1_P20
106.92500000001574,-74.98606954233064,proximal,NX16_1_P20
106.95000000001576,-74.98608693366356,proximal,NX16_1_P20
106.97500000001575,-74.98610430328445,proximal,NX16_1_P20
107.00000000001576,-74.98612165122043,proximal,NX16_1_P20
107.02500000001577,-74.98613897749856,proximal,NX16_1_P20
107.05000000001576,-74.98615628214587,proximal,NX16_1_P20
107.07500000001578,-74.98617356518938,proximal,NX16_1_P20
107.10000000001578,-74.98619082665606,proximal,NX16_1_P20
107.1250000000158,-74.98620806657284,proximal,NX16_1_P20
107.1500000000158,-74.98622528496664,proximal,NX16_1_P20
107.1750000000158,-74.9862424818643,proximal,NX16_1_P20
107.2000000000158,-74.98625965729268,proximal,NX16_1_P20
107.2250000000158,-74.98627681127859,proximal,NX16_1_P20
107.25000000001582,-74.98629394384876,proximal,NX16_1_P20
107.27500000001582,-74.98631105502999,proximal,NX16_1_P20
107.30000000001584,-74.98632814484893,proximal,NX16_1_P20
107.32500000001583,-74.98634521333226,proximal,NX16_1_P20
107.35000000001584,-74.98636226050662,proximal,NX16_1_P20
107.37500000001585,-74.98637928639862,proximal,NX16_1_P20
107.40000000001584,-74.98639629103482,proximal,NX16_1_P20
107.42500000001586,-74.98641327444177,proximal,NX16_1_P20
107.45000000001586,-74.98643023664596,proximal,NX16_1_P20
107.47500000001588,-74.98644717767387,proximal,NX16_1_P20
107.50000000001587,-74.98646409755193,proximal,NX16_1_P20
107.52500000001588,-74.98648099630654,proximal,NX16_1_P20
107.55000000001588,-74.98649787396408,proximal,NX16_1_P20
107.57500000001588,-74.9865147305509,proximal,NX16_1_P20
107.6000000000159,-74.98653156609328,proximal,NX16_1_P20
107.6250000000159,-74.9865483806175,proximal,NX16_1_P20
107.65000000001592,-74.98656517414982,proximal,NX16_1_P20
107.67500000001591,-74.98658194671643,proximal,NX16_1_P20
107.70000000001592,-74.9865986983435,proximal,NX16_1_P20
107.72500000001592,-74.98661542905717,proximal,NX16_1_P20
107.75000000001592,-74.98663213888356,proximal,NX16_1_P20
107.77500000001594,-74.98664882784875,proximal,NX16_1_P20
107.80000000001594,-74.98666549597878,proximal,NX16_1_P20
107.82500000001596,-74.98668214329966,proximal,NX16_1_P20
107.85000000001595,-74.98669876983736,proximal,NX16_1_P20
107.87500000001596,-74.98671537561783,proximal,NX16_1_P20
107.90000000001596,-74.986731960667,proximal,NX16_1_P20
107.92500000001596,-74.98674852501074,proximal,NX16_1_P20
107.95000000001598,-74.9867650686749,proximal,NX16_1_P20
107.97500000001598,-74.98678159168529,proximal,NX16_1_P20
108.000000000016,-74.9867980940677,proximal,NX16_1_P20
108.025000000016,-74.98681457584789,proximal,NX16_1_P20
108.050000000016,-74.98683103705157,proximal,NX16_1_P20
108.075000000016,-74.98684747770444,proximal,NX16_1_P20
108.100000000016,-74.98686389783215,proximal,NX16_1_P20
108.12500000001602,-74.98688029746032,proximal,NX16_1_P20
108.15000000001602,-74.98689667661455,proximal,NX16_1_P20
108.17500000001604,-74.9869130353204,proximal,NX16_1_P20
108.20000000001605,-74.9869293736034,proximal,NX16_1_P20
108.22500000001604,-74.98694569148904,proximal,NX16_1_P20
108.25000000001604,-74.98696198900278,proximal,NX16_1_P20
108.27500000001604,-74.98697826617007,proximal,NX16_1_P20
108.30000000001606,-74.98699452301629,proximal,NX16_1_P20
108.32500000001606,-74.98701075956683,proximal,NX16_1_P20
108.35000000001608,-74.98702697584702,proximal,NX16_1_P20
108.37500000001609,-74.98704317188216,proximal,NX16_1_P20
108.40000000001608,-74.98705934769754,proximal,NX16_1_P20
108.42500000001608,-74.9870755033184,proximal,NX16_1_P20
108.45000000001608,-74.98709163876993,proximal,NX16_1_P20
108.4750000000161,-74.98710775407733,proximal,NX16_1_P20
108.5000000000161,-74.98712384926574,proximal,NX16_1_P20
108.5250000000161,-74.98713992436029,proximal,NX16_1_P20
108.55000000001613,-74.98715597938606,proximal,NX16_1_P20
108.57500000001612,-74.9871720143681,proximal,NX16_1_P20
108.60000000001612,-74.98718802933143,proximal,NX16_1_P20
108.62500000001612,-74.98720402430106,proximal,NX16_1_P20
108.65000000001614,-74.98721999930193,proximal,NX16_1_P20
108.67500000001614,-74.98723595435898,proximal,NX16_1_P20
108.70000000001616,-74.98725188949712,proximal,NX16_1_P20
108.72500000001617,-74.98726780474118,proximal,NX16_1_P20
108.75000000001616,-74.98728370011604,proximal,NX16_1_P20
108.77500000001616,-74.98729957564647,proximal,NX16_1_P20
108.80000000001615,-74.98731543135727,proximal,NX16_1_P20
108.82500000001616,-74.98733126727319,proximal,NX16_1_P20
108.85000000001618,-74.98734708341891,proximal,NX16_1_P20
108.8750000000162,-74.98736287981913,proximal,NX16_1_P20
108.9000000000162,-74.9873786564985,proximal,NX16_1_P20
108.9250000000162,-74.98739441348165,proximal,NX16_1_P20
108.9500000000162,-74.98741015079315,proximal,NX16_1_P20
108.9750000000162,-74.98742586845759,proximal,NX16_1_P20
109.0000000000162,-74.98744156649947,proximal,NX16_1_P20
109.02500000001622,-74.98745724494329,proximal,NX16_1_P20
109.05000000001624,-74.98747290381351,proximal,NX16_1_P20
109.07500000001625,-74.98748854313459,proximal,NX16_1_P20
109.10000000001624,-74.98750416293093,proximal,NX16_1_P20
109.12500000001624,-74.9875197632269,proximal,NX16_1_P20
109.15000000001623,-74.98753534404683,proximal,NX16_1_P20
109.17500000001624,-74.98755090541506,proximal,NX16_1_P20
109.20000000001626,-74.98756644735586,proximal,NX16_1_P20
109.22500000001628,-74.9875819698935,proximal,NX16_1_P20
109.25000000001629,-74.98759747305218,proximal,NX16_1_P20
109.27500000001628,-74.98761295685611,proximal,NX16_1_P20
109.30000000001628,-74.98762842132945,proximal,NX16_1_P20
109.32500000001627,-74.98764386649633,proximal,NX16_1_P20
109.3500000000163,-74.98765929238085,proximal,NX16_1_P20
109.3750000000163,-74.98767469900709,proximal,NX16_1_P20
109.4000000000163,-74.9876900863991,proximal,NX16_1_P20
109.42500000001633,-74.98770545458086,proximal,NX16_1_P20
109.45000000001632,-74.9877208035764,proximal,NX16_1_P20
109.47500000001632,-74.98773613340964,proximal,NX16_1_P20
109.50000000001631,-74.9877514441045,proximal,NX16_1_P20
109.52500000001632,-74.9877667356849,proximal,NX16_1_P20
109.55000000001634,-74.98778200817468,proximal,NX16_1_P20
109.57500000001636,-74.98779726159768,proximal,NX16_1_P20
109.60000000001637,-74.9878124959777,proximal,NX16_1_P20
109.62500000001636,-74.98782771133853,proximal,NX16_1_P20
109.65000000001636,-74.9878429077039,proximal,NX16_1_P20
109.67500000001635,-74.98785808509753,proximal,NX16_1_P20
109.70000000001636,-74.98787324354309,proximal,NX16_1_P20
109.72500000001638,-74.98788838306426,proximal,NX16_1_P20
109.7500000000164,-74.98790350368465,proximal,NX16_1_P20
109.7750000000164,-74.98791860542786,proximal,NX16_1_P20
109.8000000000164,-74.98793368831747,proximal,NX16_1_P20
109.8250000000164,-74.987948752377,proximal,NX16_1_P20
109.8500000000164,-74.98796379762996,proximal,NX16_1_P20
109.8750000000164,-74.98797882409983,proximal,NX16_1_P20
109.90000000001642,-74.98799383181007,proximal,NX16_1_P20
109.92500000001642,-74.98800882078409,proximal,NX16_1_P20
109.95000000001644,-74.98802379104528,proximal,NX16_1_P20
109.97500000001644,-74.98803874261701,proximal,NX16_1_P20
110.00000000001644,-74.98805367552261,proximal,NX16_1_P20
110.02500000001643,-74.98806858978537,proximal,NX16_1_P20
110.05000000001644,-74.98808348542859,proximal,NX16_1_P20
110.07500000001646,-74.9880983624755,proximal,NX16_1_P20
110.10000000001646,-74.9881132209493,proximal,NX16_1_P20
110.12500000001648,-74.98812806087321,proximal,NX16_1_P20
110.15000000001648,-74.98814288227038,proximal,NX16_1_P20
110.17500000001648,-74.98815768516393,proximal,NX16_1_P20
110.20000000001647,-74.98817246957695,proximal,NX16_1_P20
110.2250000000165,-74.98818723553254,proximal,NX16_1_P20
110.2500000000165,-74.98820198305371,proximal,NX16_1_P20
110.2750000000165,-74.9882167121635,proximal,NX16_1_P20
110.30000000001652,-74.9882314228849,proximal,NX16_1_P20
110.32500000001652,-74.98824611524084,proximal,NX16_1_P20
110.35000000001652,-74.98826078925427,proximal,NX16_1_P20
110.37500000001651,-74.98827544494809,proximal,NX16_1_P20
110.40000000001652,-74.98829008234516,proximal,NX16_1_P20
110.42500000001654,-74.98830470146832,proximal,NX16_1_P20
110.45000000001654,-74.9883193023404,proximal,NX16_1_P20
110.47500000001656,-74.98833388498417,proximal,NX16_1_P20
110.50000000001656,-74.98834844942239,proximal,NX16_1_P20
110.52500000001656,-74.98836299567779,proximal,NX16_1_P20
110.55000000001657,-74.98837752377307,proximal,NX16_1_P20
110.57500000001656,-74.9883920337309,proximal,NX16_1_P20
110.60000000001658,-74.98840652557394,proximal,NX16_1_P20
110.62500000001658,-74.98842099932477,proximal,NX16_1_P20
110.6500000000166,-74.98843545500601,proximal,NX16_1_P20
110.6750000000166,-74.98844989264022,proximal,NX16_1_P20
110.7000000000166,-74.9884643122499,proximal,NX16_1_P20
110.7250000000166,-74.98847871385757,proximal,NX16_1_P20
110.7500000000166,-74.98849309748572,proximal,NX16_1_P20
110.77500000001662,-74.98850746315676,proximal,NX16_1_P20
110.80000000001662,-74.98852181089315,proximal,NX16_1_P20
110.82500000001664,-74.98853614071724,proximal,NX16_1_P20
110.85000000001664,-74.98855045265142,proximal,NX16_1_P20
110.87500000001664,-74.98856474671803,proximal,NX16_1_P20
110.90000000001665,-74.98857902293935,proximal,NX16_1_P20
110.92500000001664,-74.98859328133767,proximal,NX16_1_P20
110.95000000001666,-74.98860752193525,proximal,NX16_1_P20
110.97500000001666,-74.98862174475431,proximal,NX16_1_P20
111.00000000001668,-74.98863594981704,proximal,NX16_1_P20
111.02500000001668,-74.98865013714561,proximal,NX16_1_P20
111.05000000001668,-74.98866430676216,proximal,NX16_1_P20
111.07500000001669,-74.9886784586888,proximal,NX16_1_P20
111.10000000001668,-74.98869259294761,proximal,NX16_1_P20
111.1250000000167,-74.98870670956066,proximal,NX16_1_P20
111.1500000000167,-74.98872080854997,proximal,NX16_1_P20
111.17500000001672,-74.98873488993755,proximal,NX16_1_P20
111.20000000001671,-74.98874895374536,proximal,NX16_1_P20
111.22500000001672,-74.98876299999537,proximal,NX16_1_P20
111.25000000001673,-74.98877702870948,proximal,NX16_1_P20
111.27500000001672,-74.9887910399096,proximal,NX16_1_P20
111.30000000001674,-74.98880503361757,proximal,NX16_1_P20
111.32500000001674,-74.98881900985525,proximal,NX16_1_P20
111.35000000001676,-74.98883296864445,proximal,NX16_1_P20
111.37500000001675,-74.98884691000694,proximal,NX16_1_P20
111.40000000001676,-74.98886083396448,proximal,NX16_1_P20
111.42500000001677,-74.9888747405388,proximal,NX16_1_P20
111.45000000001676,-74.98888862975161,proximal,NX16_1_P20
111.47500000001678,-74.98890250162458,proximal,NX16_1_P20
111.50000000001678,-74.98891635617936,proximal,NX16_1_P20
111.5250000000168,-74.98893019343757,proximal,NX16_1_P20
111.5500000000168,-74.98894401342079,proximal,NX16_1_P20
111.5750000000168,-74.9889578161506,proximal,NX16_1_P20
111.6000000000168,-74.98897160164854,proximal,NX16_1_P20
111.6250000000168,-74.98898536993612,proximal,NX16_1_P20
111.65000000001682,-74.98899912103482,proximal,NX16_1_P20
111.67500000001682,-74.98901285496612,proximal,NX16_1_P20
111.70000000001684,-74.98902657175142,proximal,NX16_1_P20
111.72500000001683,-74.98904027141216,proximal,NX16_1_P20
111.75000000001684,-74.9890539539697,proximal,NX16_1_P20
111.77500000001685,-74.9890676194454,proximal,NX16_1_P20
111.80000000001684,-74.98908126786057,proximal,NX16_1_P20
111.82500000001686,-74.98909489923652,proximal,NX16_1_P20
111.85000000001686,-74.98910851359453,proximal,NX16_1_P20
111.87500000001688,-74.98912211095583,proximal,NX16_1_P20
111.90000000001687,-74.98913569134166,proximal,NX16_1_P20
111.92500000001688,-74.9891492547732,proximal,NX16_1_P20
111.95000000001689,-74.9891628012716,proximal,NX16_1_P20
111.97500000001688,-74.98917633085803,proximal,NX16_1_P20
112.0000000000169,-74.98918984355359,proximal,NX16_1_P20
112.0250000000169,-74.98920333937937,proximal,NX16_1_P20
112.05000000001692,-74.98921681835643,proximal,NX16_1_P20
112.07500000001691,-74.9892302805058,proximal,NX16_1_P20
112.10000000001692,-74.98924372584848,proximal,NX16_1_P20
112.12500000001693,-74.98925715440546,proximal,NX16_1_P20
112.15000000001692,-74.98927056619772,proximal,NX16_1_P20
112.17500000001694,-74.98928396124616,proximal,NX16_1_P20
112.20000000001694,-74.98929733957169,proximal,NX16_1_P20
112.22500000001696,-74.98931070119521,proximal,NX16_1_P20
112.25000000001695,-74.98932404613753,proximal,NX16_1_P20
112.27500000001696,-74.9893373744195,proximal,NX16_1_P20
112.30000000001696,-74.98935068606193,proximal,NX16_1_P20
112.32500000001696,-74.98936398108557,proximal,NX16_1_P20
112.35000000001698,-74.98937725951119,proximal,NX16_1_P20
112.37500000001698,-74.98939052135948,proximal,NX16_1_P20
112.400000000017,-74.98940376665117,proximal,NX16_1_P20
112.425000000017,-74.98941699540691,proximal,NX16_1_P20
112.450000000017,-74.98943020764736,proximal,NX16_1_P20
112.475000000017,-74.98944340339311,proximal,NX16_1_P20
112.500000000017,-74.98945658266479,proximal,NX16_1_P20
112.52500000001702,-74.98946974548294,proximal,NX16_1_P20
112.55000000001702,-74.9894828918681,proximal,NX16_1_P20
112.57500000001704,-74.9894960218408,proximal,NX16_1_P20
112.60000000001703,-74.98950913542151,proximal,NX16_1_P20
112.62500000001704,-74.98952223263073,proximal,NX16_1_P20
112.65000000001704,-74.98953531348887,proximal,NX16_1_P20
112.67500000001704,-74.98954837801635,proximal,NX16_1_P20
112.70000000001706,-74.98956142623355,proximal,NX16_1_P20
112.72500000001706,-74.98957445816085,proximal,NX16_1_P20
112.75000000001708,-74.98958747381857,proximal,NX16_1_P20
112.77500000001707,-74.98960047322704,proximal,NX16_1_P20
112.80000000001708,-74.98961345640653,proximal,NX16_1_P20
112.82500000001708,-74.98962642337732,proximal,NX16_1_P20
112.85000000001708,-74.98963937415961,proximal,NX16_1_P20
112.8750000000171,-74.98965230877364,proximal,NX16_1_P20
112.9000000000171,-74.9896652272396,proximal,NX16_1_P20
112.9250000000171,-74.98967812957763,proximal,NX16_1_P20
112.95000000001713,-74.98969101580786,proximal,NX16_1_P20
112.97500000001712,-74.98970388595043,proximal,NX16_1_P20
113.00000000001712,-74.9897167400254,proximal,NX16_1_P20
113.02500000001712,-74.98972957805283,proximal,NX16_1_P20
113.05000000001714,-74.98974240005276,proximal,NX16_1_P20
113.07500000001714,-74.9897552060452,proximal,NX16_1_P20
113.10000000001716,-74.98976799605013,proximal,NX16_1_P20
113.12500000001717,-74.98978077008752,proximal,NX16_1_P20
113.15000000001716,-74.9897935281773,proximal,NX16_1_P20
113.17500000001716,-74.98980627033937,proximal,NX16_1_P20
113.20000000001716,-74.98981899659363,proximal,NX16_1_P20
113.22500000001718,-74.98983170695993,proximal,NX16_1_P20
113.25000000001718,-74.98984440145811,proximal,NX16_1_P20
113.2750000000172,-74.98985708010798,proximal,NX16_1_P20
113.3000000000172,-74.98986974292932,proximal,NX16_1_P20
113.3250000000172,-74.98988238994188,proximal,NX16_1_P20
113.3500000000172,-74.98989502116542,proximal,NX16_1_P20
113.3750000000172,-74.98990763661965,proximal,NX16_1_P20
113.40000000001722,-74.98992023632424,proximal,NX16_1_P20
113.42500000001722,-74.98993282029886,proximal,NX16_1_P20
113.45000000001724,-74.98994538856316,proximal,NX16_1_P20
113.47500000001725,-74.98995794113674,proximal,NX16_1_P20
113.50000000001724,-74.98997047803918,proximal,NX16_1_P20
113.52500000001724,-74.98998299929006,proximal,NX16_1_P20
113.55000000001723,-74.98999550490893,proximal,NX16_1_P20
113.57500000001724,-74.99000799491529,proximal,NX16_1_P20
113.60000000001726,-74.99002046932863,proximal,NX16_1_P20
113.62500000001728,-74.99003292816842,proximal,NX16_1_P20
113.65000000001729,-74.9900453714541,proximal,NX16_1_P20
113.67500000001728,-74.99005779920509,proximal,NX16_1_P20
113.70000000001728,-74.9900702114408,proximal,NX16_1_P20
113.72500000001727,-74.99008260818057,proximal,NX16_1_P20
113.7500000000173,-74.99009498944376,proximal,NX16_1_P20
113.7750000000173,-74.9901073552497,proximal,NX16_1_P20
113.8000000000173,-74.99011970561769,proximal,NX16_1_P20
113.82500000001733,-74.99013204056698,proximal,NX16_1_P20
113.85000000001732,-74.99014436011683,proximal,NX16_1_P20
113.87500000001732,-74.99015666428647,proximal,NX16_1_P20
113.90000000001731,-74.99016895309511,proximal,NX16_1_P20
113.92500000001732,-74.9901812265619,proximal,NX16_1_P20
113.95000000001734,-74.99019348470601,proximal,NX16_1_P20
113.97500000001736,-74.99020572754658,proximal,NX16_1_P20
114.00000000001737,-74.99021795510271,proximal,NX16_1_P20
114.02500000001736,-74.99023016739346,proximal,NX16_1_P20
114.05000000001736,-74.99024236443792,proximal,NX16_1_P20
114.07500000001735,-74.9902545462551,proximal,NX16_1_P20
114.10000000001736,-74.99026671286401,proximal,NX16_1_P20
114.12500000001738,-74.99027886428367,proximal,NX16_1_P20
114.1500000000174,-74.990291000533,proximal,NX16_1_P20
114.1750000000174,-74.99030312163096,proximal,NX16_1_P20
114.2000000000174,-74.99031522759647,proximal,NX16_1_P20
114.2250000000174,-74.99032731844841,proximal,NX16_1_P20
114.2500000000174,-74.99033939420565,proximal,NX16_1_P20
114.2750000000174,-74.99035145488705,proximal,NX16_1_P20
114.30000000001742,-74.9903635005114,proximal,NX16_1_P20
114.32500000001744,-74.99037553109753,proximal,NX16_1_P20
114.35000000001745,-74.9903875466642,proximal,NX16_1_P20
114.37500000001744,-74.99039954723015,proximal,NX16_1_P20
114.40000000001744,-74.99041153281414,proximal,NX16_1_P20
114.42500000001743,-74.99042350343484,proximal,NX16_1_P20
114.45000000001744,-74.99043545911096,proximal,NX16_1_P20
114.47500000001746,-74.99044739986114,proximal,NX16_1_P20
114.50000000001748,-74.99045932570401,proximal,NX16_1_P20
114.52500000001749,-74.99047123665818,proximal,NX16_1_P20
114.55000000001748,-74.99048313274226,proximal,NX16_1_P20
114.57500000001748,-74.99049501397478,proximal,NX16_1_P20
114.60000000001747,-74.99050688037431,proximal,NX16_1_P20
114.6250000000175,-74.99051873195937,proximal,NX16_1_P20
114.6500000000175,-74.99053056874843,proximal,NX16_1_P20
114.6750000000175,-74.99054239075998,proximal,NX16_1_P20
114.70000000001752,-74.99055419801246,proximal,NX16_1_P20
114.72500000001752,-74.9905659905243,proximal,NX16_1_P20
114.75000000001752,-74.99057776831391,proximal,NX16_1_P20
114.77500000001751,-74.99058953139966,proximal,NX16_1_P20
114.80000000001752,-74.99060127979992,proximal,NX16_1_P20
114.82500000001754,-74.99061301353301,proximal,NX16_1_P20
114.85000000001754,-74.99062473261723,proximal,NX16_1_P20
114.87500000001756,-74.9906364370709,proximal,NX16_1_P20
114.90000000001756,-74.99064812691226,proximal,NX16_1_P20
114.92500000001756,-74.99065980215956,proximal,NX16_1_P20
114.95000000001755,-74.99067146283102,proximal,NX16_1_P20
114.97500000001756,-74.99068310894484,proximal,NX16_1_P20
115.00000000001758,-74.99069474051919,proximal,NX16_1_P20
115.02500000001758,-74.99070635757222,proximal,NX16_1_P20
115.0500000000176,-74.99071796012207,proximal,NX16_1_P20
115.0750000000176,-74.99072954818683,proximal,NX16_1_P20
115.1000000000176,-74.99074112178461,proximal,NX16_1_P20
115.1250000000176,-74.99075268093344,proximal,NX16_1_P20
115.1500000000176,-74.99076422565138,proximal,NX16_1_P20
115.17500000001762,-74.99077575595643,proximal,NX16_1_P20
115.20000000001762,-74.9907872718666,proximal,NX16_1_P20
115.22500000001764,-74.99079877339985,proximal,NX16_1_P20
115.25000000001764,-74.99081026057414,proximal,NX16_1_P20
115.27500000001764,-74.99082173340737,proximal,NX16_1_P20
115.30000000001765,-74.99083319191747,proximal,NX16_1_P20
115.32500000001764,-74.99084463612232,proximal,NX16_1_P20
115.35000000001766,-74.99085606603977,proximal,NX16_1_P20
115.37500000001766,-74.99086748168766,proximal,NX16_1_P20
115.40000000001768,-74.9908788830838,proximal,NX16_1_P20
115.42500000001768,-74.99089027024598,proximal,NX16_1_P20
115.45000000001768,-74.990901643192,proximal,NX16_1_P20
115.47500000001769,-74.99091300193957,proximal,NX16_1_P20
115.50000000001768,-74.99092434650645,proximal,NX16_1_P20
115.5250000000177,-74.99093567691031,proximal,NX16_1_P20
115.5500000000177,-74.99094699316885,proximal,NX16_1_P20
115.57500000001772,-74.99095829529972,proximal,NX16_1_P20
115.60000000001772,-74.99096958332056,proximal,NX16_1_P20
115.62500000001772,-74.990980857249,proximal,NX16_1_P20
115.65000000001773,-74.99099211710262,proximal,NX16_1_P20
115.67500000001772,-74.991003362899,proximal,NX16_1_P20
115.70000000001774,-74.99101459465567,proximal,NX16_1_P20
115.72500000001774,-74.99102581239018,proximal,NX16_1_P20
115.75000000001776,-74.99103701612003,proximal,NX16_1_P20
115.77500000001776,-74.99104820586271,proximal,NX16_1_P20
115.80000000001776,-74.99105938163567,proximal,NX16_1_P20
115.82500000001777,-74.99107054345635,proximal,NX16_1_P20
115.85000000001776,-74.99108169134216,proximal,NX16_1_P20
115.87500000001778,-74.99109282531052,proximal,NX16_1_P20
115.90000000001778,-74.9911039453788,proximal,NX16_1_P20
115.9250000000178,-74.99111505156435,proximal,NX16_1_P20
115.9500000000178,-74.99112614388449,proximal,NX16_1_P20
115.9750000000178,-74.99113722235654,proximal,NX16_1_P20
116.0000000000178,-74.9911482869978,proximal,NX16_1_P20
116.0250000000178,-74.99115933782552,proximal,NX16_1_P20
116.05000000001782,-74.99117037485695,proximal,NX16_1_P20
116.07500000001782,-74.99118139810932,proximal,NX16_1_P20
116.10000000001784,-74.99119240759981,proximal,NX16_1_P20
116.12500000001783,-74.99120340334564,proximal,NX16_1_P20
116.15000000001784,-74.99121438536393,proximal,NX16_1_P20
116.17500000001785,-74.99122535367184,proximal,NX16_1_P20
116.20000000001784,-74.99123630828647,proximal,NX16_1_P20
116.22500000001786,-74.99124724922494,proximal,NX16_1_P20
116.25000000001786,-74.99125817650432,proximal,NX16_1_P20
116.27500000001788,-74.99126909014164,proximal,NX16_1_P20
116.30000000001787,-74.99127999015396,proximal,NX16_1_P20
116.32500000001788,-74.99129087655825,proximal,NX16_1_P20
116.35000000001789,-74.99130174937154,proximal,NX16_1_P20
116.37500000001788,-74.99131260861078,proximal,NX16_1_P20
116.4000000000179,-74.99132345429291,proximal,NX16_1_P20
116.4250000000179,-74.99133428643486,proximal,NX16_1_P20
116.45000000001792,-74.99134510505355,proximal,NX16_1_P20
116.47500000001791,-74.99135591016585,proximal,NX16_1_P20
116.50000000001792,-74.9913667017886,proximal,NX16_1_P20
116.52500000001793,-74.99137747993869,proximal,NX16_1_P20
116.55000000001792,-74.9913882446329,proximal,NX16_1_P20
116.57500000001794,-74.99139899588803,proximal,NX16_1_P20
116.60000000001794,-74.99140973372089,proximal,NX16_1_P20
116.62500000001796,-74.9914204581482,proximal,NX16_1_P20
116.65000000001795,-74.99143116918671,proximal,NX16_1_P20
116.67500000001796,-74.99144186685315,proximal,NX16_1_P20
116.70000000001797,-74.9914525511642,proximal,NX16_1_P20
116.72500000001796,-74.99146322213653,proximal,NX16_1_P20
116.75000000001798,-74.9914738797868,proximal,NX16_1_P20
116.77500000001798,-74.99148452413164,proximal,NX16_1_P20
116.800000000018,-74.99149515518765,proximal,NX16_1_P20
116.825000000018,-74.99150577297144,proximal,NX16_1_P20
116.850000000018,-74.99151637749956,proximal,NX16_1_P20
116.875000000018,-74.99152696878858,proximal,NX16_1_P20
116.900000000018,-74.99153754685501,proximal,NX16_1_P20
116.92500000001802,-74.99154811171537,proximal,NX16_1_P20
116.95000000001802,-74.99155866338614,proximal,NX16_1_P20
116.97500000001804,-74.99156920188379,proximal,NX16_1_P20
117.00000000001803,-74.99157972722476,proximal,NX16_1_P20
117.02500000001804,-74.99159023942548,proximal,NX16_1_P20
117.05000000001804,-74.99160073850234,proximal,NX16_1_P20
117.07500000001804,-74.99161122447175,proximal,NX16_1_P20
117.10000000001806,-74.99162169735007,proximal,NX16_1_P20
117.12500000001806,-74.99163215715363,proximal,NX16_1_P20
117.15000000001808,-74.99164260389877,proximal,NX16_1_P20
117.17500000001807,-74.99165303760176,proximal,NX16_1_P20
117.20000000001808,-74.99166345827892,proximal,NX16_1_P20
117.22500000001808,-74.99167386594648,proximal,NX16_1_P20
117.25000000001808,-74.9916842606207,proximal,NX16_1_P20
117.2750000000181,-74.99169464231781,proximal,NX16_1_P20
117.3000000000181,-74.991705011054,proximal,NX16_1_P20
117.32500000001812,-74.99171536684544,proximal,NX16_1_P20
117.35000000001811,-74.9917257097083,proximal,NX16_1_P20
117.37500000001812,-74.99173603965873,proximal,NX16_1_P20
117.40000000001812,-74.99174635671284,proximal,NX16_1_P20
117.42500000001812,-74.99175666088674,proximal,NX16_1_P20
117.45000000001814,-74.99176695219649,proximal,NX16_1_P20
117.47500000001814,-74.99177723065816,proximal,NX16_1_P20
117.50000000001816,-74.9917874962878,proximal,NX16_1_P20
117.52500000001815,-74.99179774910142,proximal,NX16_1_P20
117.55000000001816,-74.99180798911503,proximal,NX16_1_P20
117.57500000001816,-74.9918182163446,proximal,NX16_1_P20
117.60000000001816,-74.9918284308061,proximal,NX16_1_P20
117.62500000001818,-74.99183863251545,proximal,NX16_1_P20
117.65000000001818,-74.99184882148859,proximal,NX16_1_P20
117.6750000000182,-74.99185899774142,proximal,NX16_1_P20
117.7000000000182,-74.9918691612898,proximal,NX16_1_P20
117.7250000000182,-74.9918793121496,proximal,NX16_1_P20
117.7500000000182,-74.99188945033669,proximal,NX16_1_P20
117.7750000000182,-74.99189957586685,proximal,NX16_1_P20
117.80000000001822,-74.99190968875591,proximal,NX16_1_P20
117.82500000001822,-74.99191978901963,proximal,NX16_1_P20
117.85000000001824,-74.9919298766738,proximal,NX16_1_P20
117.87500000001825,-74.99193995173412,proximal,NX16_1_P20
117.90000000001824,-74.99195001421636,proximal,NX16_1_P20
117.92500000001824,-74.99196006413618,proximal,NX16_1_P20
117.95000000001824,-74.9919701015093,proximal,NX16_1_P20
117.97500000001826,-74.99198012635136,proximal,NX16_1_P20
118.00000000001826,-74.99199013867802,proximal,NX16_1_P20
118.02500000001828,-74.99200013850489,proximal,NX16_1_P20
118.05000000001829,-74.99201012584759,proximal,NX16_1_P20
118.07500000001828,-74.99202010072169,proximal,NX16_1_P20
118.10000000001828,-74.99203006314276,proximal,NX16_1_P20
118.12500000001828,-74.99204001312636,proximal,NX16_1_P20
118.1500000000183,-74.992049950688,proximal,NX16_1_P20
118.1750000000183,-74.9920598758432,proximal,NX16_1_P20
118.2000000000183,-74.99206978860744,proximal,NX16_1_P20
118.22500000001833,-74.99207968899618,proximal,NX16_1_P20
118.25000000001832,-74.99208957702491,proximal,NX16_1_P20
118.27500000001832,-74.99209945270903,proximal,NX16_1_P20
118.30000000001831,-74.99210931606395,proximal,NX16_1_P20
118.32500000001832,-74.99211916710506,proximal,NX16_1_P20
118.35000000001834,-74.99212900584774,proximal,NX16_1_P20
118.37500000001836,-74.99213883230736,proximal,NX16_1_P20
118.40000000001837,-74.99214864649923,proximal,NX16_1_P20
118.42500000001836,-74.99215844843869,proximal,NX16_1_P20
118.45000000001836,-74.992168238141,proximal,NX16_1_P20
118.47500000001835,-74.99217801562148,proximal,NX16_1_P20
118.50000000001836,-74.99218778089536,proximal,NX16_1_P20
118.52500000001838,-74.99219753397789,proximal,NX16_1_P20
118.5500000000184,-74.99220727488428,proximal,NX16_1_P20
118.5750000000184,-74.99221700362975,proximal,NX16_1_P20
118.6000000000184,-74.99222672022945,proximal,NX16_1_P20
118.6250000000184,-74.99223642469858,proximal,NX16_1_P20
118.6500000000184,-74.99224611705226,proximal,NX16_1_P20
118.6750000000184,-74.99225579730563,proximal,NX16_1_P20
118.70000000001842,-74.99226546547379,proximal,NX16_1_P20
118.72500000001844,-74.99227512157182,proximal,NX16_1_P20
118.75000000001845,-74.9922847656148,proximal,NX16_1_P20
118.77500000001844,-74.99229439761777,proximal,NX16_1_P20
118.80000000001844,-74.99230401759577,proximal,NX16_1_P20
118.82500000001843,-74.99231362556381,proximal,NX16_1_P20
118.85000000001844,-74.99232322153689,proximal,NX16_1_P20
118.87500000001846,-74.99233280552998,proximal,NX16_1_P20
118.90000000001848,-74.99234237755803,proximal,NX16_1_P20
118.92500000001849,-74.99235193763599,proximal,NX16_1_P20
118.95000000001848,-74.99236148577876,proximal,NX16_1_P20
118.97500000001848,-74.99237102200125,proximal,NX16_1_P20
119.00000000001847,-74.99238054631836,proximal,NX16_1_P20
119.0250000000185,-74.99239005874493,proximal,NX16_1_P20
119.0500000000185,-74.9923995592958,proximal,NX16_1_P20
119.0750000000185,-74.99240904798582,proximal,NX16_1_P20
119.10000000001853,-74.99241852482977,proximal,NX16_1_P20
119.12500000001852,-74.99242798984247,proximal,NX16_1_P20
119.15000000001852,-74.99243744303867,proximal,NX16_1_P20
119.17500000001851,-74.99244688443312,proximal,NX16_1_P20
119.20000000001852,-74.99245631404057,proximal,NX16_1_P20
119.22500000001854,-74.99246573187573,proximal,NX16_1_P20
119.25000000001856,-74.99247513795328,proximal,NX16_1_P20
119.27500000001857,-74.99248453228792,proximal,NX16_1_P20
119.30000000001856,-74.9924939148943,proximal,NX16_1_P20
119.32500000001856,-74.99250328578707,proximal,NX16_1_P20
119.35000000001855,-74.99251264498083,proximal,NX16_1_P20
119.37500000001856,-74.99252199249023,proximal,NX16_1_P20
119.40000000001858,-74.99253132832982,proximal,NX16_1_P20
119.42500000001858,-74.99254065251418,proximal,NX16_1_P20
119.4500000000186,-74.99254996505786,proximal,NX16_1_P20
119.4750000000186,-74.99255926597539,proximal,NX16_1_P20
119.5000000000186,-74.99256855528128,proximal,NX16_1_P20
119.5250000000186,-74.99257783299004,proximal,NX16_1_P20
119.5500000000186,-74.99258709911614,proximal,NX16_1_P20
119.57500000001862,-74.99259635367405,proximal,NX16_1_P20
119.60000000001862,-74.9926055966782,proximal,NX16_1_P20
119.62500000001864,-74.99261482814302,proximal,NX16_1_P20
119.65000000001864,-74.99262404808292,proximal,NX16_1_P20
119.67500000001864,-74.99263325651228,proximal,NX16_1_P20
119.70000000001863,-74.99264245344547,proximal,NX16_1_P20
119.72500000001864,-74.99265163889685,proximal,NX16_1_P20
119.75000000001866,-74.99266081288074,proximal,NX16_1_P20
119.77500000001866,-74.99266997541147,proximal,NX16_1_P20
119.80000000001868,-74.99267912650335,proximal,NX16_1_P20
119.82500000001868,-74.99268826617063,proximal,NX16_1_P20
119.85000000001868,-74.9926973944276,proximal,NX16_1_P20
119.87500000001867,-74.99270651128849,proximal,NX16_1_P20
119.9000000000187,-74.99271561676753,proximal,NX16_1_P20
119.9250000000187,-74.99272471087893,proximal,NX16_1_P20
119.9500000000187,-74.99273379363689,proximal,NX16_1_P20
119.97500000001872,-74.99274286505556,proximal,NX16_1_P20
120.00000000001872,-74.99275192514912,proximal,NX16_1_P20
0.0,-75.0,intermediate,NX16_1_P20
0.025,-75.0,intermediate,NX16_1_P20
0.05,-75.0,intermediate,NX16_1_P20
0.075,-75.0,intermediate,NX16_1_P20
0.0999999999999999,-75.0,intermediate,NX16_1_P20
0.1249999999999999,-75.0,intermediate,NX16_1_P20
0.15,-75.0,intermediate,NX16_1_P20
0.175,-75.0,intermediate,NX16_1_P20
0.2,-75.0,intermediate,NX16_1_P20
0.225,-75.0,intermediate,NX16_1_P20
0.25,-75.0,intermediate,NX16_1_P20
0.2750000000000001,-75.0,intermediate,NX16_1_P20
0.3000000000000001,-75.0,intermediate,NX16_1_P20
0.3250000000000001,-75.0,intermediate,NX16_1_P20
0.3500000000000001,-75.0,intermediate,NX16_1_P20
0.3750000000000001,-75.0,intermediate,NX16_1_P20
0.4000000000000002,-75.0,intermediate,NX16_1_P20
0.4250000000000002,-75.0,intermediate,NX16_1_P20
0.4500000000000002,-75.0,intermediate,NX16_1_P20
0.4750000000000002,-75.0,intermediate,NX16_1_P20
0.5000000000000002,-75.0,intermediate,NX16_1_P20
0.5250000000000001,-75.0,intermediate,NX16_1_P20
0.55,-75.0,intermediate,NX16_1_P20
0.575,-75.0,intermediate,NX16_1_P20
0.5999999999999999,-75.0,intermediate,NX16_1_P20
0.6249999999999998,-75.0,intermediate,NX16_1_P20
0.6499999999999997,-75.0,intermediate,NX16_1_P20
0.6749999999999996,-75.0,intermediate,NX16_1_P20
0.6999999999999995,-75.0,intermediate,NX16_1_P20
0.7249999999999994,-75.0,intermediate,NX16_1_P20
0.7499999999999993,-75.0,intermediate,NX16_1_P20
0.7749999999999992,-75.0,intermediate,NX16_1_P20
0.7999999999999992,-75.0,intermediate,NX16_1_P20
0.8249999999999991,-75.0,intermediate,NX16_1_P20
0.849999999999999,-75.0,intermediate,NX16_1_P20
0.8749999999999989,-75.0,intermediate,NX16_1_P20
0.8999999999999988,-75.0,intermediate,NX16_1_P20
0.9249999999999988,-75.0,intermediate,NX16_1_P20
0.9499999999999986,-75.0,intermediate,NX16_1_P20
0.9749999999999984,-75.0,intermediate,NX16_1_P20
0.9999999999999984,-75.0,intermediate,NX16_1_P20
1.0249999999999984,-75.0,intermediate,NX16_1_P20
1.0499999999999985,-75.0,intermediate,NX16_1_P20
1.0749999999999982,-75.0,intermediate,NX16_1_P20
1.099999999999998,-75.0,intermediate,NX16_1_P20
1.124999999999998,-75.0,intermediate,NX16_1_P20
1.149999999999998,-75.0,intermediate,NX16_1_P20
1.1749999999999978,-75.0,intermediate,NX16_1_P20
1.1999999999999975,-75.0,intermediate,NX16_1_P20
1.2249999999999976,-75.0,intermediate,NX16_1_P20
1.2499999999999976,-75.0,intermediate,NX16_1_P20
1.2749999999999977,-75.0,intermediate,NX16_1_P20
1.2999999999999974,-75.0,intermediate,NX16_1_P20
1.3249999999999973,-75.0,intermediate,NX16_1_P20
1.3499999999999972,-75.0,intermediate,NX16_1_P20
1.3749999999999971,-75.0,intermediate,NX16_1_P20
1.399999999999997,-75.0,intermediate,NX16_1_P20
1.424999999999997,-75.0,intermediate,NX16_1_P20
1.4499999999999968,-75.0,intermediate,NX16_1_P20
1.4749999999999968,-75.0,intermediate,NX16_1_P20
1.499999999999997,-75.0,intermediate,NX16_1_P20
1.5249999999999966,-75.0,intermediate,NX16_1_P20
1.5499999999999965,-75.0,intermediate,NX16_1_P20
1.5749999999999964,-75.0,intermediate,NX16_1_P20
1.5999999999999963,-75.0,intermediate,NX16_1_P20
1.6249999999999962,-75.0,intermediate,NX16_1_P20
1.649999999999996,-75.0,intermediate,NX16_1_P20
1.674999999999996,-75.0,intermediate,NX16_1_P20
1.699999999999996,-75.0,intermediate,NX16_1_P20
1.724999999999996,-75.0,intermediate,NX16_1_P20
1.7499999999999958,-75.0,intermediate,NX16_1_P20
1.7749999999999957,-75.0,intermediate,NX16_1_P20
1.7999999999999956,-75.0,intermediate,NX16_1_P20
1.8249999999999955,-75.0,intermediate,NX16_1_P20
1.8499999999999956,-75.0,intermediate,NX16_1_P20
1.8749999999999956,-75.0,intermediate,NX16_1_P20
1.8999999999999952,-75.0,intermediate,NX16_1_P20
1.9249999999999952,-75.0,intermediate,NX16_1_P20
1.949999999999995,-75.0,intermediate,NX16_1_P20
1.974999999999995,-75.0,intermediate,NX16_1_P20
1.999999999999995,-75.0,intermediate,NX16_1_P20
2.024999999999995,-75.0,intermediate,NX16_1_P20
2.0499999999999954,-75.0,intermediate,NX16_1_P20
2.074999999999996,-75.0,intermediate,NX16_1_P20
2.099999999999996,-75.0,intermediate,NX16_1_P20
2.1249999999999964,-75.0,intermediate,NX16_1_P20
2.149999999999997,-75.0,intermediate,NX16_1_P20
2.174999999999997,-75.0,intermediate,NX16_1_P20
2.199999999999997,-75.0,intermediate,NX16_1_P20
2.224999999999998,-75.0,intermediate,NX16_1_P20
2.2499999999999982,-75.0,intermediate,NX16_1_P20
2.2749999999999986,-75.0,intermediate,NX16_1_P20
2.299999999999999,-75.0,intermediate,NX16_1_P20
2.3249999999999997,-75.0,intermediate,NX16_1_P20
2.35,-75.0,intermediate,NX16_1_P20
2.375,-75.0,intermediate,NX16_1_P20
2.4000000000000004,-75.0,intermediate,NX16_1_P20
2.4250000000000007,-75.0,intermediate,NX16_1_P20
2.450000000000001,-75.0,intermediate,NX16_1_P20
2.4750000000000014,-75.0,intermediate,NX16_1_P20
2.5000000000000018,-75.0,intermediate,NX16_1_P20
2.525000000000002,-75.0,intermediate,NX16_1_P20
2.5500000000000025,-75.0,intermediate,NX16_1_P20
2.575000000000003,-75.0,intermediate,NX16_1_P20
2.600000000000003,-75.0,intermediate,NX16_1_P20
2.625000000000004,-75.0,intermediate,NX16_1_P20
2.650000000000004,-75.0,intermediate,NX16_1_P20
2.6750000000000043,-75.0,intermediate,NX16_1_P20
2.7000000000000046,-75.0,intermediate,NX16_1_P20
2.725000000000005,-75.0,intermediate,NX16_1_P20
2.7500000000000053,-75.0,intermediate,NX16_1_P20
2.7750000000000057,-75.0,intermediate,NX16_1_P20
2.800000000000006,-75.0,intermediate,NX16_1_P20
2.8250000000000064,-75.0,intermediate,NX16_1_P20
2.8500000000000068,-75.0,intermediate,NX16_1_P20
2.875000000000007,-75.0,intermediate,NX16_1_P20
2.9000000000000075,-75.0,intermediate,NX16_1_P20
2.925000000000008,-75.0,intermediate,NX16_1_P20
2.950000000000008,-75.0,intermediate,NX16_1_P20
2.9750000000000085,-75.0,intermediate,NX16_1_P20
3.000000000000009,-75.0,intermediate,NX16_1_P20
3.025000000000009,-75.0,intermediate,NX16_1_P20
3.0500000000000096,-75.0,intermediate,NX16_1_P20
3.07500000000001,-75.0,intermediate,NX16_1_P20
3.1000000000000103,-75.0,intermediate,NX16_1_P20
3.1250000000000107,-75.0,intermediate,NX16_1_P20
3.150000000000011,-75.0,intermediate,NX16_1_P20
3.175000000000012,-75.0,intermediate,NX16_1_P20
3.200000000000012,-75.0,intermediate,NX16_1_P20
3.225000000000012,-75.0,intermediate,NX16_1_P20
3.2500000000000124,-75.0,intermediate,NX16_1_P20
3.275000000000013,-75.0,intermediate,NX16_1_P20
3.300000000000013,-75.0,intermediate,NX16_1_P20
3.325000000000013,-75.0,intermediate,NX16_1_P20
3.350000000000014,-75.0,intermediate,NX16_1_P20
3.375000000000014,-75.0,intermediate,NX16_1_P20
3.4000000000000146,-75.0,intermediate,NX16_1_P20
3.425000000000015,-75.0,intermediate,NX16_1_P20
3.4500000000000157,-75.0,intermediate,NX16_1_P20
3.475000000000016,-75.0,intermediate,NX16_1_P20
3.500000000000016,-75.0,intermediate,NX16_1_P20
3.5250000000000163,-75.0,intermediate,NX16_1_P20
3.5500000000000167,-75.0,intermediate,NX16_1_P20
3.575000000000017,-75.0,intermediate,NX16_1_P20
3.6000000000000174,-75.0,intermediate,NX16_1_P20
3.6250000000000178,-75.0,intermediate,NX16_1_P20
3.650000000000018,-75.0,intermediate,NX16_1_P20
3.6750000000000185,-75.0,intermediate,NX16_1_P20
3.700000000000019,-75.0,intermediate,NX16_1_P20
3.725000000000019,-75.0,intermediate,NX16_1_P20
3.75000000000002,-75.0,intermediate,NX16_1_P20
3.77500000000002,-75.0,intermediate,NX16_1_P20
3.80000000000002,-75.0,intermediate,NX16_1_P20
3.8250000000000206,-75.0,intermediate,NX16_1_P20
3.850000000000021,-75.0,intermediate,NX16_1_P20
3.875000000000021,-75.0,intermediate,NX16_1_P20
3.9000000000000217,-75.0,intermediate,NX16_1_P20
3.925000000000022,-75.0,intermediate,NX16_1_P20
3.9500000000000224,-75.0,intermediate,NX16_1_P20
3.975000000000023,-75.0,intermediate,NX16_1_P20
4.000000000000023,-75.0,intermediate,NX16_1_P20
4.025000000000024,-75.0,intermediate,NX16_1_P20
4.050000000000024,-75.0,intermediate,NX16_1_P20
4.075000000000024,-75.0,intermediate,NX16_1_P20
4.1000000000000245,-75.0,intermediate,NX16_1_P20
4.125000000000025,-75.0,intermediate,NX16_1_P20
4.150000000000025,-75.0,intermediate,NX16_1_P20
4.175000000000026,-75.0,intermediate,NX16_1_P20
4.200000000000026,-75.0,intermediate,NX16_1_P20
4.225000000000026,-75.0,intermediate,NX16_1_P20
4.250000000000027,-75.0,intermediate,NX16_1_P20
4.275000000000027,-75.0,intermediate,NX16_1_P20
4.300000000000027,-75.0,intermediate,NX16_1_P20
4.325000000000028,-75.0,intermediate,NX16_1_P20
4.350000000000028,-75.0,intermediate,NX16_1_P20
4.375000000000028,-75.0,intermediate,NX16_1_P20
4.400000000000029,-75.0,intermediate,NX16_1_P20
4.425000000000029,-75.0,intermediate,NX16_1_P20
4.4500000000000295,-75.0,intermediate,NX16_1_P20
4.47500000000003,-75.0,intermediate,NX16_1_P20
4.50000000000003,-75.0,intermediate,NX16_1_P20
4.525000000000031,-75.0,intermediate,NX16_1_P20
4.550000000000031,-75.0,intermediate,NX16_1_P20
4.575000000000031,-75.0,intermediate,NX16_1_P20
4.600000000000032,-75.0,intermediate,NX16_1_P20
4.625000000000032,-75.0,intermediate,NX16_1_P20
4.650000000000032,-75.0,intermediate,NX16_1_P20
4.675000000000033,-75.0,intermediate,NX16_1_P20
4.700000000000033,-75.0,intermediate,NX16_1_P20
4.725000000000033,-75.0,intermediate,NX16_1_P20
4.750000000000034,-75.0,intermediate,NX16_1_P20
4.775000000000034,-75.0,intermediate,NX16_1_P20
4.8000000000000345,-75.0,intermediate,NX16_1_P20
4.825000000000035,-75.0,intermediate,NX16_1_P20
4.850000000000035,-75.0,intermediate,NX16_1_P20
4.875000000000036,-75.0,intermediate,NX16_1_P20
4.900000000000036,-75.0,intermediate,NX16_1_P20
4.925000000000036,-75.0,intermediate,NX16_1_P20
4.950000000000037,-75.0,intermediate,NX16_1_P20
4.975000000000037,-75.0,intermediate,NX16_1_P20
5.000000000000037,-75.0,intermediate,NX16_1_P20
5.025000000000038,-75.0,intermediate,NX16_1_P20
5.050000000000038,-75.0,intermediate,NX16_1_P20
5.075000000000038,-75.0,intermediate,NX16_1_P20
5.100000000000039,-75.0,intermediate,NX16_1_P20
5.125000000000039,-75.0,intermediate,NX16_1_P20
5.150000000000039,-75.0,intermediate,NX16_1_P20
5.17500000000004,-75.0,intermediate,NX16_1_P20
5.20000000000004,-75.0,intermediate,NX16_1_P20
5.2250000000000405,-75.0,intermediate,NX16_1_P20
5.250000000000041,-75.0,intermediate,NX16_1_P20
5.275000000000041,-75.0,intermediate,NX16_1_P20
5.300000000000042,-75.0,intermediate,NX16_1_P20
5.325000000000042,-75.0,intermediate,NX16_1_P20
5.350000000000042,-75.0,intermediate,NX16_1_P20
5.375000000000043,-75.0,intermediate,NX16_1_P20
5.400000000000043,-75.0,intermediate,NX16_1_P20
5.425000000000043,-75.0,intermediate,NX16_1_P20
5.450000000000044,-75.0,intermediate,NX16_1_P20
5.475000000000044,-75.0,intermediate,NX16_1_P20
5.500000000000044,-75.0,intermediate,NX16_1_P20
5.525000000000045,-75.0,intermediate,NX16_1_P20
5.550000000000045,-75.0,intermediate,NX16_1_P20
5.5750000000000455,-75.0,intermediate,NX16_1_P20
5.600000000000046,-75.0,intermediate,NX16_1_P20
5.625000000000046,-75.0,intermediate,NX16_1_P20
5.650000000000047,-75.0,intermediate,NX16_1_P20
5.675000000000047,-75.0,intermediate,NX16_1_P20
5.700000000000047,-75.0,intermediate,NX16_1_P20
5.725000000000048,-75.0,intermediate,NX16_1_P20
5.750000000000048,-75.0,intermediate,NX16_1_P20
5.775000000000048,-75.0,intermediate,NX16_1_P20
5.800000000000049,-75.0,intermediate,NX16_1_P20
5.825000000000049,-75.0,intermediate,NX16_1_P20
5.850000000000049,-75.0,intermediate,NX16_1_P20
5.87500000000005,-75.0,intermediate,NX16_1_P20
5.90000000000005,-75.0,intermediate,NX16_1_P20
5.92500000000005,-75.0,intermediate,NX16_1_P20
5.950000000000051,-75.0,intermediate,NX16_1_P20
5.975000000000051,-75.0,intermediate,NX16_1_P20
6.000000000000052,-75.0,intermediate,NX16_1_P20
6.025000000000052,-75.0,intermediate,NX16_1_P20
6.050000000000052,-75.0,intermediate,NX16_1_P20
6.075000000000053,-75.0,intermediate,NX16_1_P20
6.100000000000053,-75.0,intermediate,NX16_1_P20
6.125000000000053,-75.0,intermediate,NX16_1_P20
6.150000000000054,-75.0,intermediate,NX16_1_P20
6.175000000000054,-75.0,intermediate,NX16_1_P20
6.200000000000054,-75.0,intermediate,NX16_1_P20
6.225000000000055,-75.0,intermediate,NX16_1_P20
6.250000000000055,-75.0,intermediate,NX16_1_P20
6.275000000000055,-75.0,intermediate,NX16_1_P20
6.300000000000056,-75.0,intermediate,NX16_1_P20
6.325000000000056,-75.0,intermediate,NX16_1_P20
6.3500000000000565,-75.0,intermediate,NX16_1_P20
6.375000000000057,-75.0,intermediate,NX16_1_P20
6.400000000000057,-75.0,intermediate,NX16_1_P20
6.4250000000000576,-75.0,intermediate,NX16_1_P20
6.450000000000058,-75.0,intermediate,NX16_1_P20
6.475000000000058,-75.0,intermediate,NX16_1_P20
6.500000000000059,-75.0,intermediate,NX16_1_P20
6.525000000000059,-75.0,intermediate,NX16_1_P20
6.550000000000059,-75.0,intermediate,NX16_1_P20
6.57500000000006,-75.0,intermediate,NX16_1_P20
6.60000000000006,-75.0,intermediate,NX16_1_P20
6.62500000000006,-75.0,intermediate,NX16_1_P20
6.650000000000061,-75.0,intermediate,NX16_1_P20
6.675000000000061,-75.0,intermediate,NX16_1_P20
6.7000000000000615,-75.0,intermediate,NX16_1_P20
6.725000000000062,-75.0,intermediate,NX16_1_P20
6.750000000000062,-75.0,intermediate,NX16_1_P20
6.775000000000063,-75.0,intermediate,NX16_1_P20
6.800000000000063,-75.0,intermediate,NX16_1_P20
6.825000000000063,-75.0,intermediate,NX16_1_P20
6.850000000000064,-75.0,intermediate,NX16_1_P20
6.875000000000064,-75.0,intermediate,NX16_1_P20
6.900000000000064,-75.0,intermediate,NX16_1_P20
6.925000000000065,-75.0,intermediate,NX16_1_P20
6.950000000000065,-75.0,intermediate,NX16_1_P20
6.975000000000065,-75.0,intermediate,NX16_1_P20
7.000000000000066,-75.0,intermediate,NX16_1_P20
7.025000000000066,-75.0,intermediate,NX16_1_P20
7.050000000000066,-75.0,intermediate,NX16_1_P20
7.075000000000067,-75.0,intermediate,NX16_1_P20
7.100000000000067,-75.0,intermediate,NX16_1_P20
7.125000000000068,-75.0,intermediate,NX16_1_P20
7.150000000000068,-75.0,intermediate,NX16_1_P20
7.175000000000068,-75.0,intermediate,NX16_1_P20
7.200000000000069,-75.0,intermediate,NX16_1_P20
7.225000000000069,-75.0,intermediate,NX16_1_P20
7.250000000000069,-75.0,intermediate,NX16_1_P20
7.27500000000007,-75.0,intermediate,NX16_1_P20
7.30000000000007,-75.0,intermediate,NX16_1_P20
7.32500000000007,-75.0,intermediate,NX16_1_P20
7.350000000000071,-75.0,intermediate,NX16_1_P20
7.375000000000071,-75.0,intermediate,NX16_1_P20
7.400000000000071,-75.0,intermediate,NX16_1_P20
7.425000000000072,-75.0,intermediate,NX16_1_P20
7.450000000000072,-75.0,intermediate,NX16_1_P20
7.475000000000072,-75.0,intermediate,NX16_1_P20
7.500000000000073,-75.0,intermediate,NX16_1_P20
7.525000000000073,-75.0,intermediate,NX16_1_P20
7.5500000000000735,-75.0,intermediate,NX16_1_P20
7.575000000000074,-75.0,intermediate,NX16_1_P20
7.600000000000074,-75.0,intermediate,NX16_1_P20
7.625000000000075,-75.0,intermediate,NX16_1_P20
7.650000000000075,-75.0,intermediate,NX16_1_P20
7.675000000000075,-75.0,intermediate,NX16_1_P20
7.700000000000076,-75.0,intermediate,NX16_1_P20
7.725000000000076,-75.0,intermediate,NX16_1_P20
7.750000000000076,-75.0,intermediate,NX16_1_P20
7.775000000000077,-75.0,intermediate,NX16_1_P20
7.800000000000077,-75.0,intermediate,NX16_1_P20
7.825000000000077,-75.0,intermediate,NX16_1_P20
7.850000000000078,-75.0,intermediate,NX16_1_P20
7.875000000000078,-75.0,intermediate,NX16_1_P20
7.9000000000000785,-75.0,intermediate,NX16_1_P20
7.925000000000079,-75.0,intermediate,NX16_1_P20
7.950000000000079,-75.0,intermediate,NX16_1_P20
7.97500000000008,-75.0,intermediate,NX16_1_P20
8.00000000000008,-75.0,intermediate,NX16_1_P20
8.025000000000079,-75.0,intermediate,NX16_1_P20
8.050000000000077,-75.0,intermediate,NX16_1_P20
8.075000000000076,-75.0,intermediate,NX16_1_P20
8.100000000000074,-75.0,intermediate,NX16_1_P20
8.125000000000073,-75.0,intermediate,NX16_1_P20
8.150000000000071,-75.0,intermediate,NX16_1_P20
8.17500000000007,-75.0,intermediate,NX16_1_P20
8.200000000000069,-75.0,intermediate,NX16_1_P20
8.225000000000067,-75.0,intermediate,NX16_1_P20
8.250000000000066,-75.0,intermediate,NX16_1_P20
8.275000000000064,-75.0,intermediate,NX16_1_P20
8.300000000000063,-75.0,intermediate,NX16_1_P20
8.325000000000061,-75.0,intermediate,NX16_1_P20
8.35000000000006,-75.0,intermediate,NX16_1_P20
8.375000000000059,-75.0,intermediate,NX16_1_P20
8.400000000000057,-75.0,intermediate,NX16_1_P20
8.425000000000056,-75.0,intermediate,NX16_1_P20
8.450000000000054,-75.0,intermediate,NX16_1_P20
8.475000000000053,-75.0,intermediate,NX16_1_P20
8.500000000000052,-75.0,intermediate,NX16_1_P20
8.52500000000005,-75.0,intermediate,NX16_1_P20
8.550000000000049,-75.0,intermediate,NX16_1_P20
8.575000000000047,-75.0,intermediate,NX16_1_P20
8.600000000000046,-75.0,intermediate,NX16_1_P20
8.625000000000044,-75.0,intermediate,NX16_1_P20
8.650000000000043,-75.0,intermediate,NX16_1_P20
8.675000000000042,-75.0,intermediate,NX16_1_P20
8.70000000000004,-75.0,intermediate,NX16_1_P20
8.725000000000039,-75.0,intermediate,NX16_1_P20
8.750000000000037,-75.0,intermediate,NX16_1_P20
8.775000000000036,-75.0,intermediate,NX16_1_P20
8.800000000000034,-75.0,intermediate,NX16_1_P20
8.825000000000033,-75.0,intermediate,NX16_1_P20
8.850000000000032,-75.0,intermediate,NX16_1_P20
8.87500000000003,-75.0,intermediate,NX16_1_P20
8.900000000000029,-75.0,intermediate,NX16_1_P20
8.925000000000027,-75.0,intermediate,NX16_1_P20
8.950000000000026,-75.0,intermediate,NX16_1_P20
8.975000000000025,-75.0,intermediate,NX16_1_P20
9.000000000000023,-75.0,intermediate,NX16_1_P20
9.025000000000022,-75.0,intermediate,NX16_1_P20
9.05000000000002,-75.0,intermediate,NX16_1_P20
9.07500000000002,-75.0,intermediate,NX16_1_P20
9.100000000000016,-75.0,intermediate,NX16_1_P20
9.125000000000016,-75.0,intermediate,NX16_1_P20
9.150000000000016,-75.0,intermediate,NX16_1_P20
9.175000000000011,-75.0,intermediate,NX16_1_P20
9.200000000000012,-75.0,intermediate,NX16_1_P20
9.22500000000001,-75.0,intermediate,NX16_1_P20
9.250000000000009,-75.0,intermediate,NX16_1_P20
9.275000000000007,-75.0,intermediate,NX16_1_P20
9.300000000000006,-75.0,intermediate,NX16_1_P20
9.325000000000005,-75.0,intermediate,NX16_1_P20
9.350000000000003,-75.0,intermediate,NX16_1_P20
9.375000000000002,-75.0,intermediate,NX16_1_P20
9.4,-75.0,intermediate,NX16_1_P20
9.425,-75.0,intermediate,NX16_1_P20
9.449999999999998,-75.0,intermediate,NX16_1_P20
9.474999999999996,-75.0,intermediate,NX16_1_P20
9.499999999999996,-75.0,intermediate,NX16_1_P20
9.524999999999991,-75.0,intermediate,NX16_1_P20
9.549999999999992,-75.0,intermediate,NX16_1_P20
9.57499999999999,-75.0,intermediate,NX16_1_P20
9.599999999999987,-75.0,intermediate,NX16_1_P20
9.624999999999988,-75.0,intermediate,NX16_1_P20
9.649999999999986,-75.0,intermediate,NX16_1_P20
9.674999999999985,-75.0,intermediate,NX16_1_P20
9.699999999999983,-75.0,intermediate,NX16_1_P20
9.724999999999982,-75.0,intermediate,NX16_1_P20
9.74999999999998,-75.0,intermediate,NX16_1_P20
9.77499999999998,-75.0,intermediate,NX16_1_P20
9.799999999999978,-75.0,intermediate,NX16_1_P20
9.824999999999976,-75.0,intermediate,NX16_1_P20
9.849999999999977,-75.0,intermediate,NX16_1_P20
9.874999999999972,-75.0,intermediate,NX16_1_P20
9.899999999999972,-75.0,intermediate,NX16_1_P20
9.92499999999997,-75.0,intermediate,NX16_1_P20
9.949999999999967,-75.0,intermediate,NX16_1_P20
9.974999999999968,-75.0,intermediate,NX16_1_P20
9.999999999999966,-75.0,intermediate,NX16_1_P20
10.024999999999965,-75.0,intermediate,NX16_1_P20
10.049999999999963,-75.0,intermediate,NX16_1_P20
10.074999999999962,-75.0,intermediate,NX16_1_P20
10.09999999999996,-75.0,intermediate,NX16_1_P20
10.12499999999996,-75.0,intermediate,NX16_1_P20
10.149999999999958,-75.0,intermediate,NX16_1_P20
10.174999999999956,-75.0,intermediate,NX16_1_P20
10.199999999999957,-75.0,intermediate,NX16_1_P20
10.224999999999952,-75.0,intermediate,NX16_1_P20
10.249999999999952,-75.0,intermediate,NX16_1_P20
10.27499999999995,-75.0,intermediate,NX16_1_P20
10.29999999999995,-75.0,intermediate,NX16_1_P20
10.324999999999948,-75.0,intermediate,NX16_1_P20
10.349999999999946,-75.0,intermediate,NX16_1_P20
10.374999999999943,-75.0,intermediate,NX16_1_P20
10.399999999999944,-75.0,intermediate,NX16_1_P20
10.424999999999942,-75.0,intermediate,NX16_1_P20
10.44999999999994,-75.0,intermediate,NX16_1_P20
10.47499999999994,-75.0,intermediate,NX16_1_P20
10.499999999999938,-75.0,intermediate,NX16_1_P20
10.524999999999936,-75.0,intermediate,NX16_1_P20
10.549999999999937,-75.0,intermediate,NX16_1_P20
10.574999999999934,-75.0,intermediate,NX16_1_P20
10.599999999999932,-75.0,intermediate,NX16_1_P20
10.62499999999993,-75.0,intermediate,NX16_1_P20
10.64999999999993,-75.0,intermediate,NX16_1_P20
10.674999999999928,-75.0,intermediate,NX16_1_P20
10.699999999999926,-75.0,intermediate,NX16_1_P20
10.724999999999923,-75.0,intermediate,NX16_1_P20
10.749999999999924,-75.0,intermediate,NX16_1_P20
10.774999999999922,-75.0,intermediate,NX16_1_P20
10.79999999999992,-75.0,intermediate,NX16_1_P20
10.82499999999992,-75.0,intermediate,NX16_1_P20
10.849999999999918,-75.0,intermediate,NX16_1_P20
10.874999999999917,-75.0,intermediate,NX16_1_P20
10.899999999999917,-75.0,intermediate,NX16_1_P20
10.924999999999914,-75.0,intermediate,NX16_1_P20
10.949999999999912,-75.0,intermediate,NX16_1_P20
10.97499999999991,-75.0,intermediate,NX16_1_P20
10.99999999999991,-75.0,intermediate,NX16_1_P20
11.024999999999908,-75.0,intermediate,NX16_1_P20
11.049999999999908,-75.0,intermediate,NX16_1_P20
11.074999999999903,-75.0,intermediate,NX16_1_P20
11.099999999999904,-75.0,intermediate,NX16_1_P20
11.124999999999902,-75.0,intermediate,NX16_1_P20
11.1499999999999,-75.0,intermediate,NX16_1_P20
11.1749999999999,-75.0,intermediate,NX16_1_P20
11.199999999999898,-75.0,intermediate,NX16_1_P20
11.224999999999897,-75.0,intermediate,NX16_1_P20
11.249999999999895,-75.0,intermediate,NX16_1_P20
11.274999999999894,-75.0,intermediate,NX16_1_P20
11.299999999999892,-75.0,intermediate,NX16_1_P20
11.324999999999893,-75.0,intermediate,NX16_1_P20
11.34999999999989,-75.0,intermediate,NX16_1_P20
11.374999999999888,-75.0,intermediate,NX16_1_P20
11.399999999999888,-75.0,intermediate,NX16_1_P20
11.424999999999883,-75.0,intermediate,NX16_1_P20
11.449999999999884,-75.0,intermediate,NX16_1_P20
11.474999999999882,-75.0,intermediate,NX16_1_P20
11.49999999999988,-75.0,intermediate,NX16_1_P20
11.52499999999988,-75.0,intermediate,NX16_1_P20
11.549999999999878,-75.0,intermediate,NX16_1_P20
11.574999999999877,-75.0,intermediate,NX16_1_P20
11.599999999999875,-75.0,intermediate,NX16_1_P20
11.624999999999874,-75.0,intermediate,NX16_1_P20
11.649999999999872,-75.0,intermediate,NX16_1_P20
11.674999999999873,-75.0,intermediate,NX16_1_P20
11.69999999999987,-75.0,intermediate,NX16_1_P20
11.724999999999868,-75.0,intermediate,NX16_1_P20
11.749999999999869,-75.0,intermediate,NX16_1_P20
11.774999999999864,-75.0,intermediate,NX16_1_P20
11.799999999999864,-75.0,intermediate,NX16_1_P20
11.824999999999864,-75.0,intermediate,NX16_1_P20
11.84999999999986,-75.0,intermediate,NX16_1_P20
11.87499999999986,-75.0,intermediate,NX16_1_P20
11.899999999999858,-75.0,intermediate,NX16_1_P20
11.924999999999857,-75.0,intermediate,NX16_1_P20
11.949999999999855,-75.0,intermediate,NX16_1_P20
11.974999999999854,-75.0,intermediate,NX16_1_P20
11.999999999999853,-75.0,intermediate,NX16_1_P20
12.024999999999851,-75.0,intermediate,NX16_1_P20
12.04999999999985,-75.0,intermediate,NX16_1_P20
12.074999999999848,-75.0,intermediate,NX16_1_P20
12.099999999999849,-75.0,intermediate,NX16_1_P20
12.124999999999844,-75.0,intermediate,NX16_1_P20
12.149999999999844,-75.0,intermediate,NX16_1_P20
12.174999999999844,-75.0,intermediate,NX16_1_P20
12.19999999999984,-75.0,intermediate,NX16_1_P20
12.22499999999984,-75.0,intermediate,NX16_1_P20
12.249999999999838,-75.0,intermediate,NX16_1_P20
12.274999999999835,-75.0,intermediate,NX16_1_P20
12.299999999999836,-75.0,intermediate,NX16_1_P20
12.324999999999834,-75.0,intermediate,NX16_1_P20
12.349999999999833,-75.0,intermediate,NX16_1_P20
12.374999999999831,-75.0,intermediate,NX16_1_P20
12.39999999999983,-75.0,intermediate,NX16_1_P20
12.424999999999828,-75.0,intermediate,NX16_1_P20
12.449999999999829,-75.0,intermediate,NX16_1_P20
12.474999999999826,-75.0,intermediate,NX16_1_P20
12.499999999999824,-75.0,intermediate,NX16_1_P20
12.524999999999824,-75.0,intermediate,NX16_1_P20
12.54999999999982,-75.0,intermediate,NX16_1_P20
12.57499999999982,-75.0,intermediate,NX16_1_P20
12.599999999999818,-75.0,intermediate,NX16_1_P20
12.624999999999815,-75.0,intermediate,NX16_1_P20
12.649999999999816,-75.0,intermediate,NX16_1_P20
12.674999999999814,-75.0,intermediate,NX16_1_P20
12.699999999999813,-75.0,intermediate,NX16_1_P20
12.724999999999811,-75.0,intermediate,NX16_1_P20
12.74999999999981,-75.0,intermediate,NX16_1_P20
12.774999999999809,-75.0,intermediate,NX16_1_P20
12.799999999999809,-75.0,intermediate,NX16_1_P20
12.824999999999806,-75.0,intermediate,NX16_1_P20
12.849999999999804,-75.0,intermediate,NX16_1_P20
12.874999999999805,-75.0,intermediate,NX16_1_P20
12.8999999999998,-75.0,intermediate,NX16_1_P20
12.9249999999998,-75.0,intermediate,NX16_1_P20
12.9499999999998,-75.0,intermediate,NX16_1_P20
12.974999999999795,-75.0,intermediate,NX16_1_P20
12.999999999999796,-75.0,intermediate,NX16_1_P20
13.024999999999794,-75.0,intermediate,NX16_1_P20
13.049999999999793,-75.0,intermediate,NX16_1_P20
13.074999999999791,-75.0,intermediate,NX16_1_P20
13.09999999999979,-75.0,intermediate,NX16_1_P20
13.124999999999789,-75.0,intermediate,NX16_1_P20
13.149999999999787,-75.0,intermediate,NX16_1_P20
13.174999999999786,-75.0,intermediate,NX16_1_P20
13.199999999999784,-75.0,intermediate,NX16_1_P20
13.224999999999785,-75.0,intermediate,NX16_1_P20
13.249999999999782,-75.0,intermediate,NX16_1_P20
13.27499999999978,-75.0,intermediate,NX16_1_P20
13.29999999999978,-75.0,intermediate,NX16_1_P20
13.324999999999775,-75.0,intermediate,NX16_1_P20
13.349999999999776,-75.0,intermediate,NX16_1_P20
13.374999999999774,-75.0,intermediate,NX16_1_P20
13.399999999999771,-75.0,intermediate,NX16_1_P20
13.424999999999772,-75.0,intermediate,NX16_1_P20
13.44999999999977,-75.0,intermediate,NX16_1_P20
13.474999999999769,-75.0,intermediate,NX16_1_P20
13.499999999999767,-75.0,intermediate,NX16_1_P20
13.524999999999766,-75.0,intermediate,NX16_1_P20
13.549999999999764,-75.0,intermediate,NX16_1_P20
13.574999999999765,-75.0,intermediate,NX16_1_P20
13.599999999999762,-75.0,intermediate,NX16_1_P20
13.62499999999976,-75.0,intermediate,NX16_1_P20
13.64999999999976,-75.0,intermediate,NX16_1_P20
13.674999999999756,-75.0,intermediate,NX16_1_P20
13.699999999999756,-75.0,intermediate,NX16_1_P20
13.724999999999756,-75.0,intermediate,NX16_1_P20
13.749999999999751,-75.0,intermediate,NX16_1_P20
13.774999999999752,-75.0,intermediate,NX16_1_P20
13.79999999999975,-75.0,intermediate,NX16_1_P20
13.824999999999749,-75.0,intermediate,NX16_1_P20
13.849999999999747,-75.0,intermediate,NX16_1_P20
13.874999999999746,-75.0,intermediate,NX16_1_P20
13.899999999999745,-75.0,intermediate,NX16_1_P20
13.924999999999743,-75.0,intermediate,NX16_1_P20
13.949999999999742,-75.0,intermediate,NX16_1_P20
13.97499999999974,-75.0,intermediate,NX16_1_P20
13.99999999999974,-75.0,intermediate,NX16_1_P20
14.024999999999736,-75.0,intermediate,NX16_1_P20
14.049999999999736,-75.0,intermediate,NX16_1_P20
14.074999999999736,-75.0,intermediate,NX16_1_P20
14.099999999999731,-75.0,intermediate,NX16_1_P20
14.124999999999732,-75.0,intermediate,NX16_1_P20
14.14999999999973,-75.0,intermediate,NX16_1_P20
14.174999999999727,-75.0,intermediate,NX16_1_P20
14.199999999999728,-75.0,intermediate,NX16_1_P20
14.224999999999726,-75.0,intermediate,NX16_1_P20
14.249999999999725,-75.0,intermediate,NX16_1_P20
14.274999999999723,-75.0,intermediate,NX16_1_P20
14.299999999999722,-75.0,intermediate,NX16_1_P20
14.32499999999972,-75.0,intermediate,NX16_1_P20
14.34999999999972,-75.0,intermediate,NX16_1_P20
14.374999999999718,-75.0,intermediate,NX16_1_P20
14.399999999999716,-75.0,intermediate,NX16_1_P20
14.424999999999716,-75.0,intermediate,NX16_1_P20
14.449999999999712,-75.0,intermediate,NX16_1_P20
14.474999999999712,-75.0,intermediate,NX16_1_P20
14.49999999999971,-75.0,intermediate,NX16_1_P20
14.524999999999707,-75.0,intermediate,NX16_1_P20
14.549999999999708,-75.0,intermediate,NX16_1_P20
14.574999999999706,-75.0,intermediate,NX16_1_P20
14.599999999999705,-75.0,intermediate,NX16_1_P20
14.624999999999703,-75.0,intermediate,NX16_1_P20
14.649999999999702,-75.0,intermediate,NX16_1_P20
14.6749999999997,-75.0,intermediate,NX16_1_P20
14.6999999999997,-75.0,intermediate,NX16_1_P20
14.724999999999698,-75.0,intermediate,NX16_1_P20
14.749999999999696,-75.0,intermediate,NX16_1_P20
14.774999999999697,-75.0,intermediate,NX16_1_P20
14.799999999999692,-75.0,intermediate,NX16_1_P20
14.824999999999692,-75.0,intermediate,NX16_1_P20
14.84999999999969,-75.0,intermediate,NX16_1_P20
14.87499999999969,-75.0,intermediate,NX16_1_P20
14.899999999999688,-75.0,intermediate,NX16_1_P20
14.924999999999686,-75.0,intermediate,NX16_1_P20
14.949999999999685,-75.0,intermediate,NX16_1_P20
14.974999999999683,-75.0,intermediate,NX16_1_P20
14.999999999999682,-75.0,intermediate,NX16_1_P20
15.02499999999968,-75.0,intermediate,NX16_1_P20
15.04999999999968,-75.0,intermediate,NX16_1_P20
15.074999999999678,-75.0,intermediate,NX16_1_P20
15.099999999999676,-75.0,intermediate,NX16_1_P20
15.124999999999677,-75.0,intermediate,NX16_1_P20
15.149999999999674,-75.0,intermediate,NX16_1_P20
15.174999999999672,-75.0,intermediate,NX16_1_P20
15.19999999999967,-75.0,intermediate,NX16_1_P20
15.22499999999967,-75.0,intermediate,NX16_1_P20
15.249999999999668,-75.0,intermediate,NX16_1_P20
15.274999999999666,-75.0,intermediate,NX16_1_P20
15.299999999999663,-75.0,intermediate,NX16_1_P20
15.324999999999664,-75.0,intermediate,NX16_1_P20
15.349999999999662,-75.0,intermediate,NX16_1_P20
15.37499999999966,-75.0,intermediate,NX16_1_P20
15.39999999999966,-75.0,intermediate,NX16_1_P20
15.424999999999658,-75.0,intermediate,NX16_1_P20
15.449999999999656,-75.0,intermediate,NX16_1_P20
15.474999999999657,-75.0,intermediate,NX16_1_P20
15.499999999999654,-75.0,intermediate,NX16_1_P20
15.524999999999652,-75.0,intermediate,NX16_1_P20
15.54999999999965,-75.0,intermediate,NX16_1_P20
15.57499999999965,-75.0,intermediate,NX16_1_P20
15.599999999999648,-75.0,intermediate,NX16_1_P20
15.624999999999648,-75.0,intermediate,NX16_1_P20
15.649999999999643,-75.0,intermediate,NX16_1_P20
15.674999999999644,-75.0,intermediate,NX16_1_P20
15.699999999999642,-75.0,intermediate,NX16_1_P20
15.72499999999964,-75.0,intermediate,NX16_1_P20
15.74999999999964,-75.0,intermediate,NX16_1_P20
15.774999999999638,-75.0,intermediate,NX16_1_P20
15.799999999999637,-75.0,intermediate,NX16_1_P20
15.824999999999635,-75.0,intermediate,NX16_1_P20
15.849999999999634,-75.0,intermediate,NX16_1_P20
15.874999999999632,-75.0,intermediate,NX16_1_P20
15.89999999999963,-75.0,intermediate,NX16_1_P20
15.92499999999963,-75.0,intermediate,NX16_1_P20
15.949999999999628,-75.0,intermediate,NX16_1_P20
15.974999999999628,-75.0,intermediate,NX16_1_P20
15.999999999999623,-75.0,intermediate,NX16_1_P20
16.024999999999626,-75.0,intermediate,NX16_1_P20
16.049999999999624,-75.0,intermediate,NX16_1_P20
16.074999999999623,-75.0,intermediate,NX16_1_P20
16.09999999999962,-75.0,intermediate,NX16_1_P20
16.12499999999962,-75.0,intermediate,NX16_1_P20
16.14999999999962,-75.0,intermediate,NX16_1_P20
16.174999999999617,-75.0,intermediate,NX16_1_P20
16.199999999999616,-75.0,intermediate,NX16_1_P20
16.224999999999614,-75.0,intermediate,NX16_1_P20
16.249999999999613,-75.0,intermediate,NX16_1_P20
16.27499999999961,-75.0,intermediate,NX16_1_P20
16.29999999999961,-75.0,intermediate,NX16_1_P20
16.32499999999961,-75.0,intermediate,NX16_1_P20
16.349999999999607,-75.0,intermediate,NX16_1_P20
16.374999999999606,-75.0,intermediate,NX16_1_P20
16.399999999999604,-75.0,intermediate,NX16_1_P20
16.424999999999603,-75.0,intermediate,NX16_1_P20
16.4499999999996,-75.0,intermediate,NX16_1_P20
16.4749999999996,-75.0,intermediate,NX16_1_P20
16.4999999999996,-75.0,intermediate,NX16_1_P20
16.524999999999597,-75.0,intermediate,NX16_1_P20
16.549999999999596,-75.0,intermediate,NX16_1_P20
16.574999999999594,-75.0,intermediate,NX16_1_P20
16.599999999999593,-75.0,intermediate,NX16_1_P20
16.62499999999959,-75.0,intermediate,NX16_1_P20
16.64999999999959,-75.0,intermediate,NX16_1_P20
16.67499999999959,-75.0,intermediate,NX16_1_P20
16.699999999999587,-75.0,intermediate,NX16_1_P20
16.724999999999586,-75.0,intermediate,NX16_1_P20
16.749999999999584,-75.0,intermediate,NX16_1_P20
16.774999999999583,-75.0,intermediate,NX16_1_P20
16.79999999999958,-75.0,intermediate,NX16_1_P20
16.82499999999958,-75.0,intermediate,NX16_1_P20
16.84999999999958,-75.0,intermediate,NX16_1_P20
16.874999999999577,-75.0,intermediate,NX16_1_P20
16.899999999999576,-75.0,intermediate,NX16_1_P20
16.924999999999574,-75.0,intermediate,NX16_1_P20
16.949999999999573,-75.0,intermediate,NX16_1_P20
16.97499999999957,-75.0,intermediate,NX16_1_P20
16.99999999999957,-75.0,intermediate,NX16_1_P20
17.02499999999957,-75.0,intermediate,NX16_1_P20
17.049999999999567,-75.0,intermediate,NX16_1_P20
17.074999999999566,-75.0,intermediate,NX16_1_P20
17.099999999999564,-75.0,intermediate,NX16_1_P20
17.124999999999563,-75.0,intermediate,NX16_1_P20
17.14999999999956,-75.0,intermediate,NX16_1_P20
17.17499999999956,-75.0,intermediate,NX16_1_P20
17.19999999999956,-75.0,intermediate,NX16_1_P20
17.224999999999557,-75.0,intermediate,NX16_1_P20
17.249999999999556,-75.0,intermediate,NX16_1_P20
17.274999999999554,-75.0,intermediate,NX16_1_P20
17.299999999999553,-75.0,intermediate,NX16_1_P20
17.32499999999955,-75.0,intermediate,NX16_1_P20
17.34999999999955,-75.0,intermediate,NX16_1_P20
17.37499999999955,-75.0,intermediate,NX16_1_P20
17.399999999999547,-75.0,intermediate,NX16_1_P20
17.424999999999546,-75.0,intermediate,NX16_1_P20
17.449999999999545,-75.0,intermediate,NX16_1_P20
17.474999999999543,-75.0,intermediate,NX16_1_P20
17.49999999999954,-75.0,intermediate,NX16_1_P20
17.52499999999954,-75.0,intermediate,NX16_1_P20
17.54999999999954,-75.0,intermediate,NX16_1_P20
17.574999999999537,-75.0,intermediate,NX16_1_P20
17.599999999999536,-75.0,intermediate,NX16_1_P20
17.624999999999535,-75.0,intermediate,NX16_1_P20
17.649999999999533,-75.0,intermediate,NX16_1_P20
17.67499999999953,-75.0,intermediate,NX16_1_P20
17.69999999999953,-75.0,intermediate,NX16_1_P20
17.72499999999953,-75.0,intermediate,NX16_1_P20
17.749999999999527,-75.0,intermediate,NX16_1_P20
17.774999999999526,-75.0,intermediate,NX16_1_P20
17.799999999999525,-75.0,intermediate,NX16_1_P20
17.824999999999523,-75.0,intermediate,NX16_1_P20
17.849999999999522,-75.0,intermediate,NX16_1_P20
17.87499999999952,-75.0,intermediate,NX16_1_P20
17.89999999999952,-75.0,intermediate,NX16_1_P20
17.924999999999518,-75.0,intermediate,NX16_1_P20
17.949999999999516,-75.0,intermediate,NX16_1_P20
17.974999999999515,-75.0,intermediate,NX16_1_P20
17.999999999999513,-75.0,intermediate,NX16_1_P20
18.024999999999512,-75.0,intermediate,NX16_1_P20
18.04999999999951,-75.0,intermediate,NX16_1_P20
18.07499999999951,-75.0,intermediate,NX16_1_P20
18.099999999999508,-75.0,intermediate,NX16_1_P20
18.124999999999503,-75.0,intermediate,NX16_1_P20
18.149999999999505,-75.0,intermediate,NX16_1_P20
18.174999999999503,-75.0,intermediate,NX16_1_P20
18.199999999999505,-75.0,intermediate,NX16_1_P20
18.2249999999995,-75.0,intermediate,NX16_1_P20
18.2499999999995,-75.0,intermediate,NX16_1_P20
18.274999999999498,-75.0,intermediate,NX16_1_P20
18.299999999999496,-75.0,intermediate,NX16_1_P20
18.32499999999949,-75.0,intermediate,NX16_1_P20
18.349999999999493,-75.0,intermediate,NX16_1_P20
18.37499999999949,-75.0,intermediate,NX16_1_P20
18.39999999999949,-75.0,intermediate,NX16_1_P20
18.42499999999949,-75.0,intermediate,NX16_1_P20
18.449999999999488,-75.0,intermediate,NX16_1_P20
18.474999999999486,-75.0,intermediate,NX16_1_P20
18.499999999999485,-75.0,intermediate,NX16_1_P20
18.524999999999483,-75.0,intermediate,NX16_1_P20
18.54999999999948,-75.0,intermediate,NX16_1_P20
18.57499999999948,-75.0,intermediate,NX16_1_P20
18.59999999999948,-75.0,intermediate,NX16_1_P20
18.62499999999948,-75.0,intermediate,NX16_1_P20
18.64999999999948,-75.0,intermediate,NX16_1_P20
18.674999999999475,-75.0,intermediate,NX16_1_P20
18.699999999999477,-75.0,intermediate,NX16_1_P20
18.724999999999472,-75.0,intermediate,NX16_1_P20
18.74999999999947,-75.0,intermediate,NX16_1_P20
18.77499999999947,-75.0,intermediate,NX16_1_P20
18.799999999999468,-75.0,intermediate,NX16_1_P20
18.824999999999463,-75.0,intermediate,NX16_1_P20
18.849999999999465,-75.0,intermediate,NX16_1_P20
18.874999999999464,-75.0,intermediate,NX16_1_P20
18.899999999999466,-75.0,intermediate,NX16_1_P20
18.92499999999946,-75.0,intermediate,NX16_1_P20
18.94999999999946,-75.0,intermediate,NX16_1_P20
18.974999999999454,-75.0,intermediate,NX16_1_P20
18.999999999999456,-75.0,intermediate,NX16_1_P20
19.02499999999945,-75.0,intermediate,NX16_1_P20
19.049999999999454,-75.0,intermediate,NX16_1_P20
19.07499999999945,-75.0,intermediate,NX16_1_P20
19.09999999999945,-75.0,intermediate,NX16_1_P20
19.12499999999945,-75.0,intermediate,NX16_1_P20
19.149999999999448,-75.0,intermediate,NX16_1_P20
19.174999999999446,-75.0,intermediate,NX16_1_P20
19.199999999999445,-75.0,intermediate,NX16_1_P20
19.224999999999444,-75.0,intermediate,NX16_1_P20
19.24999999999944,-75.0,intermediate,NX16_1_P20
19.27499999999944,-75.0,intermediate,NX16_1_P20
19.29999999999944,-75.0,intermediate,NX16_1_P20
19.32499999999944,-75.0,intermediate,NX16_1_P20
19.34999999999944,-75.0,intermediate,NX16_1_P20
19.374999999999435,-75.0,intermediate,NX16_1_P20
19.399999999999437,-75.0,intermediate,NX16_1_P20
19.424999999999432,-75.0,intermediate,NX16_1_P20
19.44999999999943,-75.0,intermediate,NX16_1_P20
19.47499999999943,-75.0,intermediate,NX16_1_P20
19.499999999999428,-75.0,intermediate,NX16_1_P20
19.524999999999427,-75.0,intermediate,NX16_1_P20
19.549999999999425,-75.0,intermediate,NX16_1_P20
19.574999999999424,-75.0,intermediate,NX16_1_P20
19.599999999999422,-75.0,intermediate,NX16_1_P20
19.62499999999942,-75.0,intermediate,NX16_1_P20
19.64999999999942,-75.0,intermediate,NX16_1_P20
19.674999999999415,-75.0,intermediate,NX16_1_P20
19.699999999999417,-75.0,intermediate,NX16_1_P20
19.72499999999941,-75.0,intermediate,NX16_1_P20
19.74999999999941,-75.0,intermediate,NX16_1_P20
19.77499999999941,-75.0,intermediate,NX16_1_P20
19.79999999999941,-75.0,intermediate,NX16_1_P20
19.82499999999941,-75.0,intermediate,NX16_1_P20
19.849999999999408,-75.0,intermediate,NX16_1_P20
19.874999999999407,-75.0,intermediate,NX16_1_P20
19.899999999999405,-75.0,intermediate,NX16_1_P20
19.924999999999404,-75.0,intermediate,NX16_1_P20
19.9499999999994,-75.0,intermediate,NX16_1_P20
19.9749999999994,-75.0,intermediate,NX16_1_P20
19.9999999999994,-75.0,intermediate,NX16_1_P20
20.0249999999994,-75.0,intermediate,NX16_1_P20
20.0499999999994,-74.99991637779388,intermediate,NX16_1_P20
20.074999999999395,-74.9996468039293,intermediate,NX16_1_P20
20.099999999999397,-74.99910387211698,intermediate,NX16_1_P20
20.124999999999392,-74.99822343103764,intermediate,NX16_1_P20
20.14999999999939,-74.99696335522033,intermediate,NX16_1_P20
20.17499999999939,-74.99529966239619,intermediate,NX16_1_P20
20.199999999999388,-74.9932224278219,intermediate,NX16_1_P20
20.224999999999387,-74.99073225447309,intermediate,NX16_1_P20
20.249999999999385,-74.98783744565968,intermediate,NX16_1_P20
20.274999999999384,-74.98455181793511,intermediate,NX16_1_P20
20.299999999999383,-74.98089303683787,intermediate,NX16_1_P20
20.32499999999938,-74.97688135913624,intermediate,NX16_1_P20
20.34999999999938,-74.97253868408895,intermediate,NX16_1_P20
20.37499999999938,-74.96788783764394,intermediate,NX16_1_P20
20.399999999999377,-74.96295203219874,intermediate,NX16_1_P20
20.424999999999372,-74.95775445930514,intermediate,NX16_1_P20
20.44999999999937,-74.95231798378786,intermediate,NX16_1_P20
20.474999999999373,-74.94666491587236,intermediate,NX16_1_P20
20.49999999999937,-74.94081684380878,intermediate,NX16_1_P20
20.52499999999937,-74.93479451374525,intermediate,NX16_1_P20
20.54999999999937,-74.92861774670817,intermediate,NX16_1_P20
20.574999999999367,-74.92230538482787,intermediate,NX16_1_P20
20.599999999999365,-74.91587526064451,intermediate,NX16_1_P20
20.624999999999364,-74.90934418461012,intermediate,NX16_1_P20
20.649999999999363,-74.90272794688224,intermediate,NX16_1_P20
20.67499999999936,-74.89604133026783,intermediate,NX16_1_P20
20.69999999999936,-74.88929813177528,intermediate,NX16_1_P20
20.72499999999936,-74.88251119071097,intermediate,NX16_1_P20
20.74999999999936,-74.87569242164207,intermediate,NX16_1_P20
20.77499999999936,-74.8688528508592,intermediate,NX16_1_P20
20.799999999999358,-74.8620026552289,intermediate,NX16_1_P20
20.824999999999356,-74.85515120253513,intermediate,NX16_1_P20
20.84999999999935,-74.8483070925822,intermediate,NX16_1_P20
20.87499999999935,-74.84147819847524,intermediate,NX16_1_P20
20.89999999999935,-74.83467170761219,intermediate,NX16_1_P20
20.924999999999347,-74.82789416201996,intermediate,NX16_1_P20
20.949999999999346,-74.8211514977489,intermediate,NX16_1_P20
20.974999999999344,-74.81444908310696,intermediate,NX16_1_P20
20.999999999999343,-74.80779175557086,intermediate,NX16_1_P20
21.02499999999934,-74.80118385725729,intermediate,NX16_1_P20
21.04999999999934,-74.79462926887537,intermediate,NX16_1_P20
21.07499999999934,-74.7881314421121,intermediate,NX16_1_P20
21.099999999999337,-74.78169343042784,intermediate,NX16_1_P20
21.124999999999336,-74.77531791825915,intermediate,NX16_1_P20
21.14999999999933,-74.76900724864292,intermediate,NX16_1_P20
21.174999999999333,-74.762763449288,intermediate,NX16_1_P20
21.19999999999933,-74.7565882571312,intermediate,NX16_1_P20
21.22499999999933,-74.75048314142207,intermediate,NX16_1_P20
21.24999999999933,-74.74444932538653,intermediate,NX16_1_P20
21.274999999999327,-74.73848780652376,intermediate,NX16_1_P20
21.29999999999933,-74.73259937559352,intermediate,NX16_1_P20
21.324999999999324,-74.72678463435253,intermediate,NX16_1_P20
21.349999999999323,-74.7210440120999,intermediate,NX16_1_P20
21.37499999999932,-74.7153777810911,intermediate,NX16_1_P20
21.39999999999932,-74.7097860708799,intermediate,NX16_1_P20
21.42499999999932,-74.70426888164629,intermediate,NX16_1_P20
21.44999999999932,-74.6988260965676,intermediate,NX16_1_P20
21.47499999999932,-74.69345749328795,intermediate,NX16_1_P20
21.499999999999314,-74.68816275453948,intermediate,NX16_1_P20
21.524999999999316,-74.68294147796692,intermediate,NX16_1_P20
21.54999999999931,-74.67779318520493,intermediate,NX16_1_P20
21.57499999999931,-74.67271733025521,intermediate,NX16_1_P20
21.59999999999931,-74.66771330720861,intermediate,NX16_1_P20
21.624999999999307,-74.66278045735514,intermediate,NX16_1_P20
21.649999999999302,-74.65791807572221,intermediate,NX16_1_P20
21.674999999999304,-74.65312541707996,intermediate,NX16_1_P20
21.699999999999303,-74.64840170144988,intermediate,NX16_1_P20
21.7249999999993,-74.64374611915112,intermediate,NX16_1_P20
21.7499999999993,-74.63915783541688,intermediate,NX16_1_P20
21.7749999999993,-74.6346359946114,intermediate,NX16_1_P20
21.799999999999297,-74.63017972407604,intermediate,NX16_1_P20
21.824999999999296,-74.6257881376315,intermediate,NX16_1_P20
21.84999999999929,-74.62146033876135,intermediate,NX16_1_P20
21.874999999999293,-74.61719542350035,intermediate,NX16_1_P20
21.89999999999929,-74.61299248304985,intermediate,NX16_1_P20
21.92499999999929,-74.60885060614079,intermediate,NX16_1_P20
21.94999999999929,-74.60476888116371,intermediate,NX16_1_P20
21.974999999999287,-74.60074639808354,intermediate,NX16_1_P20
21.99999999999929,-74.59678225015641,intermediate,NX16_1_P20
22.024999999999284,-74.59287553546353,intermediate,NX16_1_P20
22.049999999999283,-74.5890253582773,intermediate,NX16_1_P20
22.07499999999928,-74.58523083027279,intermediate,NX16_1_P20
22.09999999999928,-74.58149107159741,intermediate,NX16_1_P20
22.12499999999928,-74.57780521181036,intermediate,NX16_1_P20
22.14999999999928,-74.5741723907028,intermediate,NX16_1_P20
22.17499999999928,-74.57059175900893,intermediate,NX16_1_P20
22.199999999999275,-74.56706247901707,intermediate,NX16_1_P20
22.224999999999277,-74.56358372508961,intermediate,NX16_1_P20
22.24999999999927,-74.56015468409994,intermediate,NX16_1_P20
22.27499999999927,-74.5567745557935,intermediate,NX16_1_P20
22.29999999999927,-74.55344255308007,intermediate,NX16_1_P20
22.324999999999267,-74.55015790226362,intermediate,NX16_1_P20
22.349999999999262,-74.54691984321548,intermediate,NX16_1_P20
22.374999999999265,-74.54372762949625,intermediate,NX16_1_P20
22.399999999999263,-74.54058052843166,intermediate,NX16_1_P20
22.42499999999926,-74.53747782114671,intermediate,NX16_1_P20
22.44999999999926,-74.53441880256237,intermediate,NX16_1_P20
22.47499999999926,-74.531402781359,intermediate,NX16_1_P20
22.499999999999257,-74.52842907990976,intermediate,NX16_1_P20
22.524999999999256,-74.52549703418737,intermediate,NX16_1_P20
22.54999999999925,-74.52260599364746,intermediate,NX16_1_P20
22.574999999999253,-74.51975532109103,intermediate,NX16_1_P20
22.59999999999925,-74.51694439250865,intermediate,NX16_1_P20
22.62499999999925,-74.51417259690872,intermediate,NX16_1_P20
22.64999999999925,-74.51143933613206,intermediate,NX16_1_P20
22.674999999999248,-74.50874402465436,intermediate,NX16_1_P20
22.69999999999925,-74.50608608937885,intermediate,NX16_1_P20
22.724999999999245,-74.50346496942024,intermediate,NX16_1_P20
22.749999999999243,-74.50088011588177,intermediate,NX16_1_P20
22.77499999999924,-74.49833099162655,intermediate,NX16_1_P20
22.79999999999924,-74.49581707104436,intermediate,NX16_1_P20
22.82499999999924,-74.49333783981518,intermediate,NX16_1_P20
22.84999999999924,-74.49089279467017,intermediate,NX16_1_P20
22.87499999999924,-74.4884814431513,intermediate,NX16_1_P20
22.899999999999235,-74.48610330337011,intermediate,NX16_1_P20
22.924999999999237,-74.48375790376662,intermediate,NX16_1_P20
22.949999999999232,-74.48144478286876,intermediate,NX16_1_P20
22.97499999999923,-74.47916348905316,intermediate,NX16_1_P20
22.99999999999923,-74.47691358030751,intermediate,NX16_1_P20
23.024999999999228,-74.47469462399523,intermediate,NX16_1_P20
23.049999999999223,-74.47250619662269,intermediate,NX16_1_P20
23.074999999999225,-74.47034788360928,intermediate,NX16_1_P20
23.099999999999223,-74.4682192790608,intermediate,NX16_1_P20
23.124999999999226,-74.4661199855463,intermediate,NX16_1_P20
23.14999999999922,-74.46404961387863,intermediate,NX16_1_P20
23.17499999999922,-74.46200778289888,intermediate,NX16_1_P20
23.199999999999218,-74.45999411926493,intermediate,NX16_1_P20
23.224999999999216,-74.45800825724417,intermediate,NX16_1_P20
23.24999999999921,-74.45604983851051,intermediate,NX16_1_P20
23.274999999999213,-74.45411851194574,intermediate,NX16_1_P20
23.29999999999921,-74.45221393344548,intermediate,NX16_1_P20
23.32499999999921,-74.4503357657294,intermediate,NX16_1_P20
23.34999999999921,-74.4484836781562,intermediate,NX16_1_P20
23.374999999999208,-74.44665734654284,intermediate,NX16_1_P20
23.399999999999206,-74.44485645298856,intermediate,NX16_1_P20
23.424999999999205,-74.44308068570325,intermediate,NX16_1_P20
23.449999999999203,-74.44132973884031,intermediate,NX16_1_P20
23.4749999999992,-74.43960331233403,intermediate,NX16_1_P20
23.4999999999992,-74.4379011117413,intermediate,NX16_1_P20
23.5249999999992,-74.43622284808768,intermediate,NX16_1_P20
23.5499999999992,-74.43456823771783,intermediate,NX16_1_P20
23.5749999999992,-74.43293700215008,intermediate,NX16_1_P20
23.599999999999195,-74.43132886793519,intermediate,NX16_1_P20
23.624999999999197,-74.42974356651925,intermediate,NX16_1_P20
23.649999999999192,-74.42818083411046,intermediate,NX16_1_P20
23.67499999999919,-74.42664041155001,intermediate,NX16_1_P20
23.69999999999919,-74.42512204418668,intermediate,NX16_1_P20
23.724999999999188,-74.42362548175522,intermediate,NX16_1_P20
23.749999999999183,-74.42215047825853,intermediate,NX16_1_P20
23.774999999999185,-74.4206967918532,intermediate,NX16_1_P20
23.799999999999184,-74.41926418473882,intermediate,NX16_1_P20
23.824999999999186,-74.41785242305053,intermediate,NX16_1_P20
23.84999999999918,-74.41646127675496,intermediate,NX16_1_P20
23.87499999999918,-74.4150905195494,intermediate,NX16_1_P20
23.899999999999174,-74.41373992876416,intermediate,NX16_1_P20
23.924999999999176,-74.41240928526794,intermediate,NX16_1_P20
23.94999999999917,-74.41109837337629,intermediate,NX16_1_P20
23.974999999999174,-74.40980698076281,intermediate,NX16_1_P20
23.99999999999917,-74.40853489837333,intermediate,NX16_1_P20
24.02499999999917,-74.4072819203427,intermediate,NX16_1_P20
24.04999999999917,-74.40604784391432,intermediate,NX16_1_P20
24.074999999999168,-74.40483246936219,intermediate,NX16_1_P20
24.099999999999167,-74.40363559991543,intermediate,NX16_1_P20
24.124999999999165,-74.40245704168532,intermediate,NX16_1_P20
24.149999999999164,-74.4012966035946,intermediate,NX16_1_P20
24.17499999999916,-74.400154097309,intermediate,NX16_1_P20
24.19999999999916,-74.39902933717107,intermediate,NX16_1_P20
24.22499999999916,-74.39792214013612,intermediate,NX16_1_P20
24.24999999999916,-74.39683232571006,intermediate,NX16_1_P20
24.27499999999916,-74.39575971588951,intermediate,NX16_1_P20
24.299999999999155,-74.39470413510357,intermediate,NX16_1_P20
24.324999999999157,-74.39366541015755,intermediate,NX16_1_P20
24.349999999999152,-74.3926433701786,intermediate,NX16_1_P20
24.37499999999915,-74.3916378465629,intermediate,NX16_1_P20
24.39999999999915,-74.39064867292467,intermediate,NX16_1_P20
24.424999999999148,-74.3896756850467,intermediate,NX16_1_P20
24.449999999999147,-74.38871872083257,intermediate,NX16_1_P20
24.474999999999145,-74.38777762026027,intermediate,NX16_1_P20
24.499999999999144,-74.38685222533731,intermediate,NX16_1_P20
24.524999999999142,-74.38594238005734,intermediate,NX16_1_P20
24.54999999999914,-74.38504793035801,intermediate,NX16_1_P20
24.57499999999914,-74.38416872408017,intermediate,NX16_1_P20
24.599999999999135,-74.38330461092843,intermediate,NX16_1_P20
24.624999999999137,-74.38245544243284,intermediate,NX16_1_P20
24.64999999999913,-74.38162107191184,intermediate,NX16_1_P20
24.67499999999913,-74.38080135443626,intermediate,NX16_1_P20
24.69999999999913,-74.37999614679455,intermediate,NX16_1_P20
24.72499999999913,-74.37920530745896,intermediate,NX16_1_P20
24.74999999999913,-74.3784286965528,intermediate,NX16_1_P20
24.774999999999128,-74.37766617581867,intermediate,NX16_1_P20
24.799999999999127,-74.3769176085877,intermediate,NX16_1_P20
24.824999999999125,-74.3761828597496,intermediate,NX16_1_P20
24.849999999999124,-74.37546179572378,intermediate,NX16_1_P20
24.87499999999912,-74.3747542844311,intermediate,NX16_1_P20
24.89999999999912,-74.37406019526668,intermediate,NX16_1_P20
24.92499999999912,-74.37337939907329,intermediate,NX16_1_P20
24.94999999999912,-74.37271176811574,intermediate,NX16_1_P20
24.97499999999912,-74.37205717605578,intermediate,NX16_1_P20
24.999999999999115,-74.37141549792791,intermediate,NX16_1_P20
25.024999999999118,-74.37078661011579,intermediate,NX16_1_P20
25.049999999999116,-74.37017039032928,intermediate,NX16_1_P20
25.07499999999911,-74.36956671758223,intermediate,NX16_1_P20
25.09999999999911,-74.36897547217083,intermediate,NX16_1_P20
25.12499999999911,-74.36839653565254,intermediate,NX16_1_P20
25.149999999999107,-74.36782979082562,intermediate,NX16_1_P20
25.174999999999105,-74.36727512170928,intermediate,NX16_1_P20
25.199999999999104,-74.36673241352426,intermediate,NX16_1_P20
25.224999999999103,-74.36620155267396,intermediate,NX16_1_P20
25.2499999999991,-74.36568242672617,intermediate,NX16_1_P20
25.2749999999991,-74.36517492439513,intermediate,NX16_1_P20
25.2999999999991,-74.3646789355242,intermediate,NX16_1_P20
25.324999999999097,-74.36419435106882,intermediate,NX16_1_P20
25.349999999999092,-74.36372106308012,intermediate,NX16_1_P20
25.37499999999909,-74.36325896468873,intermediate,NX16_1_P20
25.399999999999093,-74.36280795008915,intermediate,NX16_1_P20
25.42499999999909,-74.36236791452444,intermediate,NX16_1_P20
25.44999999999909,-74.3619387542713,intermediate,NX16_1_P20
25.47499999999909,-74.36152036662554,intermediate,NX16_1_P20
25.499999999999087,-74.36111264988787,intermediate,NX16_1_P20
25.52499999999909,-74.36071550335004,intermediate,NX16_1_P20
25.549999999999084,-74.36032882728132,intermediate,NX16_1_P20
25.574999999999083,-74.35995252291531,intermediate,NX16_1_P20
25.59999999999908,-74.35958649243703,intermediate,NX16_1_P20
25.62499999999908,-74.35923063897029,intermediate,NX16_1_P20
25.64999999999908,-74.3588848665654,intermediate,NX16_1_P20
25.67499999999908,-74.35854908018717,intermediate,NX16_1_P20
25.69999999999908,-74.35822318570307,intermediate,NX16_1_P20
25.724999999999078,-74.35790708987176,intermediate,NX16_1_P20
25.749999999999076,-74.35760070033183,intermediate,NX16_1_P20
25.77499999999907,-74.3573039255908,intermediate,NX16_1_P20
25.79999999999907,-74.35701667501432,intermediate,NX16_1_P20
25.82499999999907,-74.3567388588156,intermediate,NX16_1_P20
25.849999999999067,-74.35647038804517,intermediate,NX16_1_P20
25.874999999999066,-74.35621117458061,intermediate,NX16_1_P20
25.899999999999064,-74.3559611311168,intermediate,NX16_1_P20
25.924999999999063,-74.35572017115611,intermediate,NX16_1_P20
25.94999999999906,-74.3554882089989,intermediate,NX16_1_P20
25.97499999999906,-74.35526515973424,intermediate,NX16_1_P20
25.99999999999906,-74.35505093923068,intermediate,NX16_1_P20
26.024999999999057,-74.35484546412735,intermediate,NX16_1_P20
26.049999999999056,-74.35464865182513,intermediate,NX16_1_P20
26.07499999999905,-74.354460420478,intermediate,NX16_1_P20
26.099999999999053,-74.35428068898463,intermediate,NX16_1_P20
26.12499999999905,-74.35410937697998,intermediate,NX16_1_P20
26.14999999999905,-74.35394640482718,intermediate,NX16_1_P20
26.17499999999905,-74.35379169360954,intermediate,NX16_1_P20
26.199999999999047,-74.35364516512256,intermediate,NX16_1_P20
26.22499999999905,-74.35350674186634,intermediate,NX16_1_P20
26.249999999999044,-74.35337634703788,intermediate,NX16_1_P20
26.274999999999043,-74.35325390452361,intermediate,NX16_1_P20
26.29999999999904,-74.35313933889208,intermediate,NX16_1_P20
26.32499999999904,-74.35303257538672,intermediate,NX16_1_P20
26.34999999999904,-74.35293353991872,intermediate,NX16_1_P20
26.37499999999904,-74.35284215906007,intermediate,NX16_1_P20
26.39999999999904,-74.35275836003667,intermediate,NX16_1_P20
26.424999999999034,-74.35268207072154,intermediate,NX16_1_P20
26.449999999999037,-74.35261321962822,intermediate,NX16_1_P20
26.47499999999903,-74.35255173590419,intermediate,NX16_1_P20
26.49999999999903,-74.35249754932437,intermediate,NX16_1_P20
26.52499999999903,-74.35245059028485,intermediate,NX16_1_P20
26.549999999999027,-74.3524107897966,intermediate,NX16_1_P20
26.574999999999022,-74.35237807947924,intermediate,NX16_1_P20
26.599999999999024,-74.35235239155512,intermediate,NX16_1_P20
26.624999999999023,-74.35233365884316,intermediate,NX16_1_P20
26.64999999999902,-74.35232181475311,intermediate,NX16_1_P20
26.67499999999902,-74.35231679327963,intermediate,NX16_1_P20
26.69999999999902,-74.3523185289966,intermediate,NX16_1_P20
26.724999999999017,-74.3523269570515,intermediate,NX16_1_P20
26.749999999999016,-74.35234201315978,intermediate,NX16_1_P20
26.77499999999901,-74.35236363359944,intermediate,NX16_1_P20
26.799999999999013,-74.35239175520553,intermediate,NX16_1_P20
26.82499999999901,-74.35242631536488,intermediate,NX16_1_P20
26.84999999999901,-74.35246725201077,intermediate,NX16_1_P20
26.87499999999901,-74.35251450361775,intermediate,NX16_1_P20
26.899999999999007,-74.35256800919656,intermediate,NX16_1_P20
26.92499999999901,-74.35262770828892,intermediate,NX16_1_P20
26.949999999999005,-74.35269354096269,intermediate,NX16_1_P20
26.974999999999003,-74.3527654478068,intermediate,NX16_1_P20
26.999999999999,-74.35284336992648,intermediate,NX16_1_P20
27.024999999999,-74.35292724893831,intermediate,NX16_1_P20
27.049999999999,-74.35301702696565,intermediate,NX16_1_P20
27.074999999999,-74.35311264663375,intermediate,NX16_1_P20
27.099999999999,-74.35321405106522,intermediate,NX16_1_P20
27.124999999998995,-74.35332118387545,intermediate,NX16_1_P20
27.149999999998997,-74.35343398916802,intermediate,NX16_1_P20
27.17499999999899,-74.35355241153027,intermediate,NX16_1_P20
27.19999999999899,-74.35367639602887,intermediate,NX16_1_P20
27.22499999999899,-74.35380588820543,intermediate,NX16_1_P20
27.249999999998987,-74.3539408340722,intermediate,NX16_1_P20
27.274999999998983,-74.35408118010781,intermediate,NX16_1_P20
27.299999999998985,-74.35422687325298,intermediate,NX16_1_P20
27.324999999998983,-74.35437786090647,intermediate,NX16_1_P20
27.349999999998985,-74.35453409092082,intermediate,NX16_1_P20
27.37499999999898,-74.35469551159838,intermediate,NX16_1_P20
27.39999999999898,-74.35486207168718,intermediate,NX16_1_P20
27.424999999998978,-74.35503372037702,intermediate,NX16_1_P20
27.449999999998976,-74.3552104072955,intermediate,NX16_1_P20
27.47499999999897,-74.35539208250407,intermediate,NX16_1_P20
27.499999999998973,-74.35557869649422,intermediate,NX16_1_P20
27.52499999999897,-74.35577020018366,intermediate,NX16_1_P20
27.54999999999897,-74.35596654491249,intermediate,NX16_1_P20
27.57499999999897,-74.35616768243956,intermediate,NX16_1_P20
27.599999999998968,-74.35637356493866,intermediate,NX16_1_P20
27.62499999999897,-74.35658414499493,intermediate,NX16_1_P20
27.649999999998965,-74.35679937560118,intermediate,NX16_1_P20
27.674999999998963,-74.35701921015439,intermediate,NX16_1_P20
27.69999999999896,-74.3572436024521,intermediate,NX16_1_P20
27.72499999999896,-74.35747250668888,intermediate,NX16_1_P20
27.74999999999896,-74.35770587745293,intermediate,NX16_1_P20
27.77499999999896,-74.35794366972257,intermediate,NX16_1_P20
27.79999999999896,-74.3581858388629,intermediate,NX16_1_P20
27.824999999998955,-74.35843234062231,intermediate,NX16_1_P20
27.849999999998957,-74.35868313112933,intermediate,NX16_1_P20
27.874999999998952,-74.35893816688913,intermediate,NX16_1_P20
27.89999999999895,-74.3591974047804,intermediate,NX16_1_P20
27.92499999999895,-74.35946080205201,intermediate,NX16_1_P20
27.949999999998948,-74.35972831631986,intermediate,NX16_1_P20
27.974999999998943,-74.35999990556367,intermediate,NX16_1_P20
27.999999999998945,-74.36027552812389,intermediate,NX16_1_P20
28.024999999998943,-74.3605551426985,intermediate,NX16_1_P20
28.049999999998946,-74.36083870834003,intermediate,NX16_1_P20
28.07499999999894,-74.36112618445236,intermediate,NX16_1_P20
28.09999999999894,-74.36141753078789,intermediate,NX16_1_P20
28.124999999998938,-74.36171270744435,intermediate,NX16_1_P20
28.149999999998936,-74.36201167486198,intermediate,NX16_1_P20
28.17499999999893,-74.36231439382048,intermediate,NX16_1_P20
28.199999999998933,-74.36262082543621,intermediate,NX16_1_P20
28.22499999999893,-74.36293093115917,intermediate,NX16_1_P20
28.24999999999893,-74.36324467277026,intermediate,NX16_1_P20
28.27499999999893,-74.36356201237842,intermediate,NX16_1_P20
28.299999999998928,-74.3638829124178,intermediate,NX16_1_P20
28.324999999998926,-74.36420733564493,intermediate,NX16_1_P20
28.349999999998925,-74.36453524513614,intermediate,NX16_1_P20
28.374999999998924,-74.36486660428463,intermediate,NX16_1_P20
28.39999999999892,-74.36520137679794,intermediate,NX16_1_P20
28.42499999999892,-74.36553952669513,intermediate,NX16_1_P20
28.44999999999892,-74.36588101830424,intermediate,NX16_1_P20
28.47499999999892,-74.36622581625959,intermediate,NX16_1_P20
28.49999999999892,-74.36657388549921,intermediate,NX16_1_P20
28.524999999998915,-74.36692519126224,intermediate,NX16_1_P20
28.549999999998917,-74.3672796990864,intermediate,NX16_1_P20
28.574999999998912,-74.36763737480543,intermediate,NX16_1_P20
28.59999999999891,-74.3679981845466,intermediate,NX16_1_P20
28.62499999999891,-74.36836209472817,intermediate,NX16_1_P20
28.649999999998908,-74.36872907205702,intermediate,NX16_1_P20
28.674999999998903,-74.36909908352614,intermediate,NX16_1_P20
28.699999999998905,-74.36947209641215,intermediate,NX16_1_P20
28.724999999998904,-74.36984807827307,intermediate,NX16_1_P20
28.749999999998906,-74.37022699694576,intermediate,NX16_1_P20
28.7749999999989,-74.3706088205437,intermediate,NX16_1_P20
28.7999999999989,-74.37099351745452,intermediate,NX16_1_P20
28.824999999998894,-74.37138105633782,intermediate,NX16_1_P20
28.849999999998897,-74.37177140612282,intermediate,NX16_1_P20
28.87499999999889,-74.37216453600601,intermediate,NX16_1_P20
28.899999999998894,-74.37256041544903,intermediate,NX16_1_P20
28.92499999999889,-74.37295901417632,intermediate,NX16_1_P20
28.94999999999889,-74.37336030217297,intermediate,NX16_1_P20
28.97499999999889,-74.37376424968251,intermediate,NX16_1_P20
28.999999999998888,-74.37417082720471,intermediate,NX16_1_P20
29.024999999998887,-74.37458000549343,intermediate,NX16_1_P20
29.049999999998885,-74.37499175555453,intermediate,NX16_1_P20
29.074999999998884,-74.37540604864367,intermediate,NX16_1_P20
29.09999999999888,-74.37582285626425,intermediate,NX16_1_P20
29.12499999999888,-74.37624215016535,intermediate,NX16_1_P20
29.14999999999888,-74.3766639023396,intermediate,NX16_1_P20
29.17499999999888,-74.37708808502119,intermediate,NX16_1_P20
29.19999999999888,-74.37751467068381,intermediate,NX16_1_P20
29.224999999998875,-74.37794363203865,intermediate,NX16_1_P20
29.249999999998877,-74.37837494203241,intermediate,NX16_1_P20
29.274999999998872,-74.3788085738453,intermediate,NX16_1_P20
29.29999999999887,-74.37924450088909,intermediate,NX16_1_P20
29.32499999999887,-74.37968269680518,intermediate,NX16_1_P20
29.349999999998868,-74.38012313546264,intermediate,NX16_1_P20
29.374999999998867,-74.38056579095634,intermediate,NX16_1_P20
29.399999999998865,-74.38101063760504,intermediate,NX16_1_P20
29.424999999998864,-74.38145764994948,intermediate,NX16_1_P20
29.449999999998862,-74.38190680275059,intermediate,NX16_1_P20
29.47499999999886,-74.38235807098755,intermediate,NX16_1_P20
29.49999999999886,-74.38281142985603,intermediate,NX16_1_P20
29.524999999998855,-74.38326685476638,intermediate,NX16_1_P20
29.549999999998857,-74.38372432134175,intermediate,NX16_1_P20
29.57499999999885,-74.38418380541643,intermediate,NX16_1_P20
29.59999999999885,-74.38464528303395,intermediate,NX16_1_P20
29.62499999999885,-74.38510873044544,intermediate,NX16_1_P20
29.64999999999885,-74.38557412410782,intermediate,NX16_1_P20
29.67499999999885,-74.38604144068209,intermediate,NX16_1_P20
29.699999999998848,-74.38651065703165,intermediate,NX16_1_P20
29.724999999998847,-74.38698175022056,intermediate,NX16_1_P20
29.749999999998845,-74.3874546975119,intermediate,NX16_1_P20
29.774999999998844,-74.3879294763661,intermediate,NX16_1_P20
29.799999999998843,-74.38840606443924,intermediate,NX16_1_P20
29.82499999999884,-74.38888443958147,intermediate,NX16_1_P20
29.84999999999884,-74.38936457983537,intermediate,NX16_1_P20
29.87499999999884,-74.38984646343435,intermediate,NX16_1_P20
29.89999999999884,-74.39033006880099,intermediate,NX16_1_P20
29.924999999998835,-74.39081537454554,intermediate,NX16_1_P20
29.949999999998838,-74.39130235946429,intermediate,NX16_1_P20
29.974999999998836,-74.39179100253808,intermediate,NX16_1_P20
29.99999999999883,-74.39228128293068,intermediate,NX16_1_P20
30.02499999999883,-74.3927731799873,intermediate,NX16_1_P20
30.04999999999883,-74.39326667323309,intermediate,NX16_1_P20
30.074999999998827,-74.39376174237155,intermediate,NX16_1_P20
30.099999999998825,-74.39425836728319,intermediate,NX16_1_P20
30.124999999998824,-74.39475652802388,intermediate,NX16_1_P20
30.149999999998823,-74.39525620482351,intermediate,NX16_1_P20
30.17499999999882,-74.3957573780845,intermediate,NX16_1_P20
30.19999999999882,-74.39626002838028,intermediate,NX16_1_P20
30.22499999999882,-74.39676413645402,intermediate,NX16_1_P20
30.249999999998817,-74.39726968321703,intermediate,NX16_1_P20
30.274999999998816,-74.3977766497475,intermediate,NX16_1_P20
30.29999999999881,-74.39828501728903,intermediate,NX16_1_P20
30.324999999998813,-74.39879476724924,intermediate,NX16_1_P20
30.34999999999881,-74.39930588119847,intermediate,NX16_1_P20
30.37499999999881,-74.39981834086834,intermediate,NX16_1_P20
30.39999999999881,-74.40033212815044,intermediate,NX16_1_P20
30.424999999998807,-74.40084722509498,intermediate,NX16_1_P20
30.44999999999881,-74.4013636139095,intermediate,NX16_1_P20
30.474999999998804,-74.40188127695748,intermediate,NX16_1_P20
30.499999999998803,-74.40240019675713,intermediate,NX16_1_P20
30.5249999999988,-74.40292035598003,intermediate,NX16_1_P20
30.5499999999988,-74.40344173744985,intermediate,NX16_1_P20
30.5749999999988,-74.40396432414113,intermediate,NX16_1_P20
30.5999999999988,-74.40448809917797,intermediate,NX16_1_P20
30.6249999999988,-74.40501304583277,intermediate,NX16_1_P20
30.649999999998798,-74.40553914752506,intermediate,NX16_1_P20
30.674999999998796,-74.40606638782019,intermediate,NX16_1_P20
30.69999999999879,-74.40659475042817,intermediate,NX16_1_P20
30.72499999999879,-74.40712421920243,intermediate,NX16_1_P20
30.74999999999879,-74.40765477813862,intermediate,NX16_1_P20
30.774999999998787,-74.40818641137344,intermediate,NX16_1_P20
30.799999999998786,-74.40871910318343,intermediate,NX16_1_P20
30.824999999998784,-74.40925283798387,intermediate,NX16_1_P20
30.849999999998783,-74.40978760032752,intermediate,NX16_1_P20
30.87499999999878,-74.41032337490354,intermediate,NX16_1_P20
30.89999999999878,-74.41086014653635,intermediate,NX16_1_P20
30.92499999999878,-74.41139790018444,intermediate,NX16_1_P20
30.949999999998777,-74.41193662093934,intermediate,NX16_1_P20
30.974999999998776,-74.41247629402444,intermediate,NX16_1_P20
30.99999999999877,-74.41301690479388,intermediate,NX16_1_P20
31.024999999998773,-74.41355843873151,intermediate,NX16_1_P20
31.04999999999877,-74.41410088144977,intermediate,NX16_1_P20
31.07499999999877,-74.41464421868862,intermediate,NX16_1_P20
31.09999999999877,-74.41518843631448,intermediate,NX16_1_P20
31.124999999998767,-74.41573352031916,intermediate,NX16_1_P20
31.14999999999877,-74.41627945681886,intermediate,NX16_1_P20
31.174999999998764,-74.41682623205301,intermediate,NX16_1_P20
31.199999999998763,-74.41737383238339,intermediate,NX16_1_P20
31.22499999999876,-74.417922244293,intermediate,NX16_1_P20
31.24999999999876,-74.4184714543851,intermediate,NX16_1_P20
31.27499999999876,-74.41902144938217,intermediate,NX16_1_P20
31.29999999999876,-74.41957221612495,intermediate,NX16_1_P20
31.32499999999876,-74.42012374157139,intermediate,NX16_1_P20
31.349999999998754,-74.42067601279575,intermediate,NX16_1_P20
31.374999999998757,-74.42122901698757,intermediate,NX16_1_P20
31.39999999999875,-74.4217827414507,intermediate,NX16_1_P20
31.42499999999875,-74.4223371736024,intermediate,NX16_1_P20
31.44999999999875,-74.42289230097234,intermediate,NX16_1_P20
31.474999999998747,-74.42344811120165,intermediate,NX16_1_P20
31.499999999998742,-74.42400459204205,intermediate,NX16_1_P20
31.524999999998744,-74.42456173135486,intermediate,NX16_1_P20
31.549999999998743,-74.42511951711012,intermediate,NX16_1_P20
31.57499999999874,-74.42567793738566,intermediate,NX16_1_P20
31.59999999999874,-74.42623698036621,intermediate,NX16_1_P20
31.62499999999874,-74.42679663434251,intermediate,NX16_1_P20
31.649999999998737,-74.4273568877104,intermediate,NX16_1_P20
31.674999999998736,-74.42791772896996,intermediate,NX16_1_P20
31.69999999999873,-74.42847914672463,intermediate,NX16_1_P20
31.724999999998733,-74.42904112968033,intermediate,NX16_1_P20
31.74999999999873,-74.42960366664464,intermediate,NX16_1_P20
31.77499999999873,-74.43016674652593,intermediate,NX16_1_P20
31.79999999999873,-74.43073035833247,intermediate,NX16_1_P20
31.824999999998727,-74.43129449117167,intermediate,NX16_1_P20
31.84999999999873,-74.43185913424921,intermediate,NX16_1_P20
31.874999999998725,-74.4324242768682,intermediate,NX16_1_P20
31.899999999998723,-74.43298990842841,intermediate,NX16_1_P20
31.92499999999872,-74.43355601842542,intermediate,NX16_1_P20
31.94999999999872,-74.43412259644982,intermediate,NX16_1_P20
31.97499999999872,-74.43468963218646,intermediate,NX16_1_P20
31.99999999999872,-74.43525711541358,intermediate,NX16_1_P20
32.02499999999872,-74.43582503600209,intermediate,NX16_1_P20
32.049999999998725,-74.43639338391479,intermediate,NX16_1_P20
32.07499999999873,-74.43696214920557,intermediate,NX16_1_P20
32.09999999999874,-74.43753132201866,intermediate,NX16_1_P20
32.12499999999874,-74.43810089258788,intermediate,NX16_1_P20
32.14999999999875,-74.43867085123587,intermediate,NX16_1_P20
32.174999999998754,-74.43924118837337,intermediate,NX16_1_P20
32.19999999999876,-74.43981189449846,intermediate,NX16_1_P20
32.224999999998765,-74.44038296019585,intermediate,NX16_1_P20
32.24999999999877,-74.4409543761361,intermediate,NX16_1_P20
32.274999999998776,-74.44152613307499,intermediate,NX16_1_P20
32.29999999999878,-74.44209822185272,intermediate,NX16_1_P20
32.32499999999879,-74.44267063339322,intermediate,NX16_1_P20
32.34999999999879,-74.44324335870351,intermediate,NX16_1_P20
32.3749999999988,-74.44381638887293,intermediate,NX16_1_P20
32.399999999998805,-74.44438971507246,intermediate,NX16_1_P20
32.42499999999881,-74.44496332855407,intermediate,NX16_1_P20
32.449999999998816,-74.44553722064998,intermediate,NX16_1_P20
32.47499999999882,-74.44611138277209,intermediate,NX16_1_P20
32.49999999999883,-74.4466858064112,intermediate,NX16_1_P20
32.52499999999883,-74.44726048313638,intermediate,NX16_1_P20
32.54999999999884,-74.44783540459436,intermediate,NX16_1_P20
32.574999999998845,-74.44841056250884,intermediate,NX16_1_P20
32.59999999999885,-74.4489859486798,intermediate,NX16_1_P20
32.624999999998856,-74.44956155498298,intermediate,NX16_1_P20
32.64999999999886,-74.4501373733691,intermediate,NX16_1_P20
32.67499999999887,-74.45071339586333,intermediate,NX16_1_P20
32.69999999999887,-74.45128961456464,intermediate,NX16_1_P20
32.72499999999888,-74.45186602164515,intermediate,NX16_1_P20
32.749999999998884,-74.45244260934955,intermediate,NX16_1_P20
32.77499999999889,-74.45301936999448,intermediate,NX16_1_P20
32.799999999998896,-74.45359629596791,intermediate,NX16_1_P20
32.8249999999989,-74.45417337972856,intermediate,NX16_1_P20
32.84999999999891,-74.4547506138053,intermediate,NX16_1_P20
32.87499999999891,-74.45532799079655,intermediate,NX16_1_P20
32.89999999999892,-74.4559055033697,intermediate,NX16_1_P20
32.924999999998924,-74.45648314426055,intermediate,NX16_1_P20
32.94999999999893,-74.45706090627269,intermediate,NX16_1_P20
32.974999999998936,-74.45763878227696,intermediate,NX16_1_P20
32.99999999999894,-74.4582167652109,intermediate,NX16_1_P20
33.02499999999895,-74.45879484807816,intermediate,NX16_1_P20
33.04999999999895,-74.45937302394793,intermediate,NX16_1_P20
33.07499999999896,-74.45995128595442,intermediate,NX16_1_P20
33.099999999998964,-74.46052962729632,intermediate,NX16_1_P20
33.12499999999897,-74.46110804123622,intermediate,NX16_1_P20
33.149999999998975,-74.46168652110009,intermediate,NX16_1_P20
33.17499999999898,-74.46226506027675,intermediate,NX16_1_P20
33.19999999999899,-74.46284365221733,intermediate,NX16_1_P20
33.22499999999899,-74.46342229043478,intermediate,NX16_1_P20
33.249999999999,-74.46400096850327,intermediate,NX16_1_P20
33.274999999999004,-74.46457968005778,intermediate,NX16_1_P20
33.29999999999901,-74.4651584187935,intermediate,NX16_1_P20
33.324999999999015,-74.46573717846535,intermediate,NX16_1_P20
33.34999999999902,-74.46631595288748,intermediate,NX16_1_P20
33.37499999999903,-74.46689473593281,intermediate,NX16_1_P20
33.39999999999903,-74.46747352153245,intermediate,NX16_1_P20
33.42499999999904,-74.46805230367526,intermediate,NX16_1_P20
33.449999999999044,-74.46863107640739,intermediate,NX16_1_P20
33.47499999999905,-74.46920983383171,intermediate,NX16_1_P20
33.499999999999055,-74.46978857010744,intermediate,NX16_1_P20
33.52499999999906,-74.47036727944959,intermediate,NX16_1_P20
33.549999999999066,-74.47094595612852,intermediate,NX16_1_P20
33.57499999999907,-74.47152459446946,intermediate,NX16_1_P20
33.59999999999908,-74.47210318885207,intermediate,NX16_1_P20
33.62499999999908,-74.47268173370999,intermediate,NX16_1_P20
33.64999999999909,-74.47326022353032,intermediate,NX16_1_P20
33.674999999999095,-74.47383865285325,intermediate,NX16_1_P20
33.6999999999991,-74.47441701627152,intermediate,NX16_1_P20
33.724999999999106,-74.47499530843005,intermediate,NX16_1_P20
33.74999999999911,-74.47557352402553,intermediate,NX16_1_P20
33.77499999999912,-74.47615165780584,intermediate,NX16_1_P20
33.79999999999912,-74.47672970456976,intermediate,NX16_1_P20
33.82499999999913,-74.47730765916647,intermediate,NX16_1_P20
33.849999999999135,-74.47788551649515,intermediate,NX16_1_P20
33.87499999999914,-74.47846327150451,intermediate,NX16_1_P20
33.899999999999146,-74.47904091919246,intermediate,NX16_1_P20
33.92499999999915,-74.47961845460559,intermediate,NX16_1_P20
33.94999999999916,-74.48019587283883,intermediate,NX16_1_P20
33.97499999999916,-74.48077316903503,intermediate,NX16_1_P20
33.99999999999917,-74.48135033838454,intermediate,NX16_1_P20
34.024999999999174,-74.48192737612479,intermediate,NX16_1_P20
34.04999999999918,-74.48250427753992,intermediate,NX16_1_P20
34.074999999999186,-74.48308103796039,intermediate,NX16_1_P20
34.09999999999919,-74.48365765276256,intermediate,NX16_1_P20
34.1249999999992,-74.48423411736833,intermediate,NX16_1_P20
34.1499999999992,-74.48481042724472,intermediate,NX16_1_P20
34.17499999999921,-74.48538657790353,intermediate,NX16_1_P20
34.199999999999214,-74.4859625649009,intermediate,NX16_1_P20
34.22499999999922,-74.48653838383701,intermediate,NX16_1_P20
34.249999999999226,-74.48711403035566,intermediate,NX16_1_P20
34.27499999999923,-74.48768950014389,intermediate,NX16_1_P20
34.29999999999924,-74.48826478893162,intermediate,NX16_1_P20
34.32499999999924,-74.48883989249134,intermediate,NX16_1_P20
34.34999999999925,-74.48941480663767,intermediate,NX16_1_P20
34.374999999999254,-74.48998952722705,intermediate,NX16_1_P20
34.39999999999926,-74.49056405015737,intermediate,NX16_1_P20
34.424999999999265,-74.49113837136763,intermediate,NX16_1_P20
34.44999999999927,-74.49171248683756,intermediate,NX16_1_P20
34.47499999999928,-74.4922863925873,intermediate,NX16_1_P20
34.49999999999928,-74.49286008467708,intermediate,NX16_1_P20
34.52499999999929,-74.4934335592068,intermediate,NX16_1_P20
34.549999999999294,-74.49400681231582,intermediate,NX16_1_P20
34.5749999999993,-74.49457984018245,intermediate,NX16_1_P20
34.599999999999305,-74.49515263902381,intermediate,NX16_1_P20
34.62499999999931,-74.49572520509534,intermediate,NX16_1_P20
34.64999999999932,-74.49629753469057,intermediate,NX16_1_P20
34.67499999999932,-74.49686962414077,intermediate,NX16_1_P20
34.69999999999933,-74.49744146981462,intermediate,NX16_1_P20
34.72499999999933,-74.49801306811788,intermediate,NX16_1_P20
34.74999999999934,-74.49858441549313,intermediate,NX16_1_P20
34.774999999999345,-74.49915550841936,intermediate,NX16_1_P20
34.79999999999935,-74.49972634341178,intermediate,NX16_1_P20
34.82499999999936,-74.50029691702142,intermediate,NX16_1_P20
34.84999999999936,-74.50086722583484,intermediate,NX16_1_P20
34.87499999999937,-74.50143726647386,intermediate,NX16_1_P20
34.89999999999937,-74.50200703559523,intermediate,NX16_1_P20
34.92499999999938,-74.50257652989035,intermediate,NX16_1_P20
34.949999999999385,-74.50314574608495,intermediate,NX16_1_P20
34.97499999999939,-74.50371468093886,intermediate,NX16_1_P20
34.9999999999994,-74.50428333124562,intermediate,NX16_1_P20
35.0249999999994,-74.50485169383225,intermediate,NX16_1_P20
35.04999999999941,-74.50541976555901,intermediate,NX16_1_P20
35.07499999999941,-74.505987543319,intermediate,NX16_1_P20
35.09999999999942,-74.50655502403798,intermediate,NX16_1_P20
35.124999999999424,-74.50712220467406,intermediate,NX16_1_P20
35.14999999999943,-74.5076890822174,intermediate,NX16_1_P20
35.17499999999944,-74.50825565368997,intermediate,NX16_1_P20
35.19999999999944,-74.50882191614525,intermediate,NX16_1_P20
35.22499999999945,-74.50938786666799,intermediate,NX16_1_P20
35.24999999999945,-74.50995350237393,intermediate,NX16_1_P20
35.27499999999946,-74.5105188204095,intermediate,NX16_1_P20
35.299999999999464,-74.51108381795163,intermediate,NX16_1_P20
35.32499999999947,-74.5116484922074,intermediate,NX16_1_P20
35.34999999999948,-74.51221284041388,intermediate,NX16_1_P20
35.37499999999948,-74.51277685983779,intermediate,NX16_1_P20
35.39999999999949,-74.51334054777529,intermediate,NX16_1_P20
35.42499999999949,-74.51390390155171,intermediate,NX16_1_P20
35.4499999999995,-74.51446691852132,intermediate,NX16_1_P20
35.474999999999504,-74.51502959606707,intermediate,NX16_1_P20
35.49999999999951,-74.5155919316003,intermediate,NX16_1_P20
35.524999999999515,-74.5161539225606,intermediate,NX16_1_P20
35.54999999999952,-74.51671556641547,intermediate,NX16_1_P20
35.57499999999953,-74.51727686066012,intermediate,NX16_1_P20
35.59999999999953,-74.51783780281723,intermediate,NX16_1_P20
35.62499999999954,-74.51839839043673,intermediate,NX16_1_P20
35.649999999999544,-74.51895862109554,intermediate,NX16_1_P20
35.67499999999955,-74.51951849239732,intermediate,NX16_1_P20
35.699999999999555,-74.52007800197232,intermediate,NX16_1_P20
35.72499999999956,-74.52063714747706,intermediate,NX16_1_P20
35.74999999999957,-74.52119592659415,intermediate,NX16_1_P20
35.77499999999957,-74.52175433703208,intermediate,NX16_1_P20
35.79999999999958,-74.52231237652494,intermediate,NX16_1_P20
35.824999999999584,-74.52287004283227,intermediate,NX16_1_P20
35.84999999999959,-74.52342733373878,intermediate,NX16_1_P20
35.874999999999595,-74.5239842470542,intermediate,NX16_1_P20
35.8999999999996,-74.52454078061297,intermediate,NX16_1_P20
35.924999999999606,-74.52509693227411,intermediate,NX16_1_P20
35.94999999999961,-74.525652699921,intermediate,NX16_1_P20
35.97499999999962,-74.52620808146112,intermediate,NX16_1_P20
35.99999999999962,-74.52676307482588,intermediate,NX16_1_P20
36.02499999999963,-74.52731767797042,intermediate,NX16_1_P20
36.04999999999964,-74.52787188887335,intermediate,NX16_1_P20
36.07499999999964,-74.52842570553663,intermediate,NX16_1_P20
36.099999999999646,-74.52897912598534,intermediate,NX16_1_P20
36.12499999999965,-74.52953214826742,intermediate,NX16_1_P20
36.14999999999966,-74.53008477045354,intermediate,NX16_1_P20
36.17499999999966,-74.53063699063688,intermediate,NX16_1_P20
36.19999999999967,-74.53118880693296,intermediate,NX16_1_P20
36.22499999999968,-74.5317402174794,intermediate,NX16_1_P20
36.24999999999968,-74.53229122043577,intermediate,NX16_1_P20
36.274999999999686,-74.53284181398335,intermediate,NX16_1_P20
36.29999999999969,-74.53339199632505,intermediate,NX16_1_P20
36.3249999999997,-74.53394176568507,intermediate,NX16_1_P20
36.3499999999997,-74.53449112030886,intermediate,NX16_1_P20
36.37499999999971,-74.53504005846281,intermediate,NX16_1_P20
36.399999999999714,-74.53558857843417,intermediate,NX16_1_P20
36.42499999999972,-74.53613667853082,intermediate,NX16_1_P20
36.449999999999726,-74.5366843570811,intermediate,NX16_1_P20
36.47499999999973,-74.53723161243362,intermediate,NX16_1_P20
36.49999999999974,-74.53777844295712,intermediate,NX16_1_P20
36.52499999999974,-74.53832484704024,intermediate,NX16_1_P20
36.54999999999975,-74.53887082309141,intermediate,NX16_1_P20
36.57499999999976,-74.53941636953864,intermediate,NX16_1_P20
36.59999999999976,-74.53996148482933,intermediate,NX16_1_P20
36.624999999999766,-74.54050616743017,intermediate,NX16_1_P20
36.64999999999977,-74.54105041582689,intermediate,NX16_1_P20
36.67499999999978,-74.54159422852415,intermediate,NX16_1_P20
36.69999999999978,-74.54213760404537,intermediate,NX16_1_P20
36.72499999999979,-74.54268054093254,intermediate,NX16_1_P20
36.749999999999794,-74.5432230377461,intermediate,NX16_1_P20
36.7749999999998,-74.54376509306472,intermediate,NX16_1_P20
36.799999999999805,-74.54430670548521,intermediate,NX16_1_P20
36.82499999999981,-74.5448478736223,intermediate,NX16_1_P20
36.84999999999982,-74.54538859610851,intermediate,NX16_1_P20
36.87499999999982,-74.54592887159401,intermediate,NX16_1_P20
36.89999999999983,-74.54646869874647,intermediate,NX16_1_P20
36.92499999999984,-74.54700807625083,intermediate,NX16_1_P20
36.94999999999984,-74.54754700280927,intermediate,NX16_1_P20
36.974999999999845,-74.54808547714096,intermediate,NX16_1_P20
36.99999999999985,-74.54862349798195,intermediate,NX16_1_P20
37.02499999999986,-74.54916106408503,intermediate,NX16_1_P20
37.04999999999986,-74.54969817421959,intermediate,NX16_1_P20
37.07499999999987,-74.55023482717141,intermediate,NX16_1_P20
37.09999999999987,-74.55077102174262,intermediate,NX16_1_P20
37.12499999999988,-74.55130675675149,intermediate,NX16_1_P20
37.149999999999885,-74.55184203103227,intermediate,NX16_1_P20
37.17499999999989,-74.55237684343508,intermediate,NX16_1_P20
37.199999999999896,-74.55291119282585,intermediate,NX16_1_P20
37.2249999999999,-74.55344507808599,intermediate,NX16_1_P20
37.24999999999991,-74.55397849811244,intermediate,NX16_1_P20
37.27499999999991,-74.55451145181745,intermediate,NX16_1_P20
37.29999999999992,-74.55504393812843,intermediate,NX16_1_P20
37.324999999999925,-74.55557595598788,intermediate,NX16_1_P20
37.34999999999993,-74.55610750435318,intermediate,NX16_1_P20
37.374999999999936,-74.55663858219653,intermediate,NX16_1_P20
37.39999999999994,-74.55716918850476,intermediate,NX16_1_P20
37.42499999999995,-74.55769932227926,intermediate,NX16_1_P20
37.44999999999995,-74.5582289825358,intermediate,NX16_1_P20
37.47499999999996,-74.55875816830442,intermediate,NX16_1_P20
37.499999999999964,-74.55928687862935,intermediate,NX16_1_P20
37.52499999999997,-74.55981511256878,intermediate,NX16_1_P20
37.549999999999976,-74.56034286919486,intermediate,NX16_1_P20
37.57499999999998,-74.56087014759346,intermediate,NX16_1_P20
37.59999999999999,-74.56139694686416,intermediate,NX16_1_P20
37.62499999999999,-74.56192326612005,intermediate,NX16_1_P20
37.65,-74.5624491044876,intermediate,NX16_1_P20
37.675,-74.56297446110665,intermediate,NX16_1_P20
37.70000000000001,-74.56349933513016,intermediate,NX16_1_P20
37.725000000000016,-74.56402372572418,intermediate,NX16_1_P20
37.75000000000002,-74.56454763206769,intermediate,NX16_1_P20
37.77500000000003,-74.5650710533525,intermediate,NX16_1_P20
37.80000000000003,-74.56559398878316,intermediate,NX16_1_P20
37.82500000000004,-74.56611643757681,intermediate,NX16_1_P20
37.85000000000005,-74.56663839896306,intermediate,NX16_1_P20
37.87500000000005,-74.56715987218395,intermediate,NX16_1_P20
37.900000000000055,-74.56768085649375,intermediate,NX16_1_P20
37.92500000000006,-74.56820135115892,intermediate,NX16_1_P20
37.95000000000007,-74.56872135545794,intermediate,NX16_1_P20
37.97500000000007,-74.56924086868128,intermediate,NX16_1_P20
38.00000000000008,-74.56975989013122,intermediate,NX16_1_P20
38.02500000000008,-74.57027841912178,intermediate,NX16_1_P20
38.05000000000009,-74.57079645497862,intermediate,NX16_1_P20
38.075000000000095,-74.57131399703891,intermediate,NX16_1_P20
38.1000000000001,-74.57183104465128,intermediate,NX16_1_P20
38.12500000000011,-74.57234759717561,intermediate,NX16_1_P20
38.15000000000011,-74.57286365398308,intermediate,NX16_1_P20
38.17500000000012,-74.57337921445594,intermediate,NX16_1_P20
38.20000000000013,-74.57389427798748,intermediate,NX16_1_P20
38.22500000000013,-74.5744088439819,intermediate,NX16_1_P20
38.250000000000135,-74.57492291185424,intermediate,NX16_1_P20
38.27500000000014,-74.57543648103027,intermediate,NX16_1_P20
38.30000000000015,-74.57594955094633,intermediate,NX16_1_P20
38.32500000000015,-74.57646212104939,intermediate,NX16_1_P20
38.35000000000016,-74.5769741907968,intermediate,NX16_1_P20
38.37500000000016,-74.57748575965627,intermediate,NX16_1_P20
38.40000000000017,-74.57799682710575,intermediate,NX16_1_P20
38.425000000000175,-74.57850739263338,intermediate,NX16_1_P20
38.45000000000018,-74.57901745573737,intermediate,NX16_1_P20
38.475000000000186,-74.57952701592586,intermediate,NX16_1_P20
38.50000000000019,-74.58003607271694,intermediate,NX16_1_P20
38.5250000000002,-74.58054462563845,intermediate,NX16_1_P20
38.5500000000002,-74.581052674228,intermediate,NX16_1_P20
38.57500000000021,-74.58156021803276,intermediate,NX16_1_P20
38.600000000000215,-74.58206725660948,intermediate,NX16_1_P20
38.62500000000022,-74.58257378952435,intermediate,NX16_1_P20
38.65000000000023,-74.5830798163529,intermediate,NX16_1_P20
38.67500000000023,-74.58358533668,intermediate,NX16_1_P20
38.70000000000024,-74.58409035009964,intermediate,NX16_1_P20
38.72500000000024,-74.58459485621499,intermediate,NX16_1_P20
38.75000000000025,-74.58509885463822,intermediate,NX16_1_P20
38.775000000000254,-74.58560234499043,intermediate,NX16_1_P20
38.80000000000026,-74.58610532690163,intermediate,NX16_1_P20
38.825000000000266,-74.58660780001058,intermediate,NX16_1_P20
38.85000000000027,-74.58710976396478,intermediate,NX16_1_P20
38.87500000000028,-74.5876112184203,intermediate,NX16_1_P20
38.90000000000028,-74.58811216304183,intermediate,NX16_1_P20
38.92500000000029,-74.58861259750249,intermediate,NX16_1_P20
38.95000000000029,-74.58911252148378,intermediate,NX16_1_P20
38.9750000000003,-74.58961193467556,intermediate,NX16_1_P20
39.00000000000031,-74.5901108367759,intermediate,NX16_1_P20
39.02500000000031,-74.59060922749104,intermediate,NX16_1_P20
39.05000000000032,-74.5911071065353,intermediate,NX16_1_P20
39.07500000000032,-74.59160447363105,intermediate,NX16_1_P20
39.10000000000033,-74.59210132850858,intermediate,NX16_1_P20
39.125000000000334,-74.59259767090603,intermediate,NX16_1_P20
39.15000000000034,-74.59309350056938,intermediate,NX16_1_P20
39.175000000000345,-74.59358881725231,intermediate,NX16_1_P20
39.20000000000035,-74.59408362071615,intermediate,NX16_1_P20
39.22500000000036,-74.59457791072984,intermediate,NX16_1_P20
39.25000000000036,-74.59507168706982,intermediate,NX16_1_P20
39.27500000000037,-74.59556494951998,intermediate,NX16_1_P20
39.30000000000037,-74.59605769787157,intermediate,NX16_1_P20
39.32500000000038,-74.59654993192316,intermediate,NX16_1_P20
39.35000000000039,-74.59704165148058,intermediate,NX16_1_P20
39.37500000000039,-74.59753285635679,intermediate,NX16_1_P20
39.4000000000004,-74.59802354637192,intermediate,NX16_1_P20
39.4250000000004,-74.59851372135309,intermediate,NX16_1_P20
39.45000000000041,-74.5990033811344,intermediate,NX16_1_P20
39.47500000000041,-74.59949252555688,intermediate,NX16_1_P20
39.50000000000042,-74.59998115446842,intermediate,NX16_1_P20
39.525000000000425,-74.60046926772368,intermediate,NX16_1_P20
39.55000000000043,-74.60095686518403,intermediate,NX16_1_P20
39.57500000000044,-74.6014439467175,intermediate,NX16_1_P20
39.60000000000044,-74.60193051219872,intermediate,NX16_1_P20
39.62500000000045,-74.60241656150887,intermediate,NX16_1_P20
39.65000000000045,-74.60290209453561,intermediate,NX16_1_P20
39.67500000000046,-74.60338711117296,intermediate,NX16_1_P20
39.70000000000047,-74.60387161132135,intermediate,NX16_1_P20
39.72500000000047,-74.60435559488748,intermediate,NX16_1_P20
39.75000000000048,-74.60483906178429,intermediate,NX16_1_P20
39.77500000000048,-74.6053220119309,intermediate,NX16_1_P20
39.80000000000049,-74.60580444525252,intermediate,NX16_1_P20
39.82500000000049,-74.60628636168046,intermediate,NX16_1_P20
39.8500000000005,-74.60676776115201,intermediate,NX16_1_P20
39.8750000000005,-74.60724864361043,intermediate,NX16_1_P20
39.90000000000051,-74.60772900900484,intermediate,NX16_1_P20
39.92500000000052,-74.60820885729022,intermediate,NX16_1_P20
39.95000000000052,-74.60868818842732,intermediate,NX16_1_P20
39.97500000000053,-74.60916700238262,intermediate,NX16_1_P20
40.00000000000053,-74.60964529912827,intermediate,NX16_1_P20
40.02500000000054,-74.61012307864205,intermediate,NX16_1_P20
40.050000000000544,-74.61060034090727,intermediate,NX16_1_P20
40.07500000000055,-74.61107708591278,intermediate,NX16_1_P20
40.10000000000056,-74.61155331365289,intermediate,NX16_1_P20
40.12500000000056,-74.61202902412732,intermediate,NX16_1_P20
40.15000000000057,-74.61250421734113,intermediate,NX16_1_P20
40.17500000000057,-74.61297889330469,intermediate,NX16_1_P20
40.20000000000058,-74.6134530520336,intermediate,NX16_1_P20
40.22500000000058,-74.61392669354875,intermediate,NX16_1_P20
40.25000000000059,-74.61439981787608,intermediate,NX16_1_P20
40.2750000000006,-74.6148724250467,intermediate,NX16_1_P20
40.3000000000006,-74.61534451509675,intermediate,NX16_1_P20
40.32500000000061,-74.61581608806738,intermediate,NX16_1_P20
40.35000000000061,-74.61628714400472,intermediate,NX16_1_P20
40.37500000000062,-74.61675768295976,intermediate,NX16_1_P20
40.400000000000624,-74.61722770498842,intermediate,NX16_1_P20
40.42500000000063,-74.61769721015139,intermediate,NX16_1_P20
40.45000000000064,-74.61816619851416,intermediate,NX16_1_P20
40.47500000000064,-74.61863467014693,intermediate,NX16_1_P20
40.50000000000065,-74.61910262512457,intermediate,NX16_1_P20
40.52500000000065,-74.6195700635266,intermediate,NX16_1_P20
40.55000000000066,-74.62003698543712,intermediate,NX16_1_P20
40.57500000000066,-74.62050339094478,intermediate,NX16_1_P20
40.60000000000067,-74.62096928014273,intermediate,NX16_1_P20
40.62500000000068,-74.62143465312857,intermediate,NX16_1_P20
40.65000000000068,-74.62189951000431,intermediate,NX16_1_P20
40.675000000000686,-74.62236385087635,intermediate,NX16_1_P20
40.70000000000069,-74.62282767585539,intermediate,NX16_1_P20
40.7250000000007,-74.62329098505643,intermediate,NX16_1_P20
40.7500000000007,-74.62375377859871,intermediate,NX16_1_P20
40.77500000000071,-74.62421605660566,intermediate,NX16_1_P20
40.80000000000072,-74.6246778192049,intermediate,NX16_1_P20
40.82500000000072,-74.62513906652813,intermediate,NX16_1_P20
40.850000000000726,-74.62559979871115,intermediate,NX16_1_P20
40.87500000000073,-74.62606001589378,intermediate,NX16_1_P20
40.90000000000074,-74.62651971821988,intermediate,NX16_1_P20
40.92500000000074,-74.62697890583722,intermediate,NX16_1_P20
40.95000000000075,-74.62743757889751,intermediate,NX16_1_P20
40.97500000000076,-74.62789573755634,intermediate,NX16_1_P20
41.00000000000076,-74.62835338197314,intermediate,NX16_1_P20
41.025000000000766,-74.62881051231115,intermediate,NX16_1_P20
41.05000000000077,-74.62926712873735,intermediate,NX16_1_P20
41.07500000000078,-74.62972323142247,intermediate,NX16_1_P20
41.10000000000078,-74.63017882054095,intermediate,NX16_1_P20
41.12500000000079,-74.63063389627084,intermediate,NX16_1_P20
41.1500000000008,-74.63108845879383,intermediate,NX16_1_P20
41.1750000000008,-74.63154250829518,intermediate,NX16_1_P20
41.200000000000806,-74.63199604496371,intermediate,NX16_1_P20
41.22500000000081,-74.63244906899175,intermediate,NX16_1_P20
41.25000000000082,-74.63290158057507,intermediate,NX16_1_P20
41.27500000000082,-74.6333535799129,intermediate,NX16_1_P20
41.30000000000083,-74.63380506720792,intermediate,NX16_1_P20
41.325000000000834,-74.63425604266608,intermediate,NX16_1_P20
41.35000000000084,-74.63470650649676,intermediate,NX16_1_P20
41.375000000000846,-74.63515645891258,intermediate,NX16_1_P20
41.40000000000085,-74.63560590012943,intermediate,NX16_1_P20
41.42500000000086,-74.63605483036649,intermediate,NX16_1_P20
41.45000000000086,-74.63650324984607,intermediate,NX16_1_P20
41.47500000000087,-74.63695115879369,intermediate,NX16_1_P20
41.50000000000088,-74.637398557438,intermediate,NX16_1_P20
41.52500000000088,-74.63784544601073,intermediate,NX16_1_P20
41.550000000000885,-74.63829182474672,intermediate,NX16_1_P20
41.57500000000089,-74.6387376938838,intermediate,NX16_1_P20
41.6000000000009,-74.63918305366286,intermediate,NX16_1_P20
41.6250000000009,-74.63962790432774,intermediate,NX16_1_P20
41.65000000000091,-74.64007224612521,intermediate,NX16_1_P20
41.675000000000914,-74.640516079305,intermediate,NX16_1_P20
41.70000000000092,-74.6409594041197,intermediate,NX16_1_P20
41.725000000000925,-74.64140222082472,intermediate,NX16_1_P20
41.75000000000093,-74.64184452967835,intermediate,NX16_1_P20
41.77500000000094,-74.64228633094166,intermediate,NX16_1_P20
41.80000000000094,-74.64272762487848,intermediate,NX16_1_P20
41.82500000000095,-74.64316841175535,intermediate,NX16_1_P20
41.85000000000095,-74.64360869184159,intermediate,NX16_1_P20
41.87500000000096,-74.64404846540913,intermediate,NX16_1_P20
41.900000000000965,-74.64448773273257,intermediate,NX16_1_P20
41.92500000000097,-74.64492649408916,intermediate,NX16_1_P20
41.950000000000976,-74.64536474975871,intermediate,NX16_1_P20
41.97500000000098,-74.64580250002362,intermediate,NX16_1_P20
42.00000000000099,-74.64623974516883,intermediate,NX16_1_P20
42.02500000000099,-74.64667648548178,intermediate,NX16_1_P20
42.050000000001,-74.6471127212524,intermediate,NX16_1_P20
42.075000000001005,-74.64754845277308,intermediate,NX16_1_P20
42.10000000000101,-74.64798368033865,intermediate,NX16_1_P20
42.125000000001016,-74.64841840424634,intermediate,NX16_1_P20
42.15000000000102,-74.64885262479578,intermediate,NX16_1_P20
42.17500000000103,-74.6492863422889,intermediate,NX16_1_P20
42.20000000000103,-74.64971955703004,intermediate,NX16_1_P20
42.22500000000104,-74.65015226932579,intermediate,NX16_1_P20
42.25000000000104,-74.650584479485,intermediate,NX16_1_P20
42.27500000000105,-74.65101618781885,intermediate,NX16_1_P20
42.300000000001056,-74.65144739464068,intermediate,NX16_1_P20
42.32500000000106,-74.65187810026607,intermediate,NX16_1_P20
42.35000000000107,-74.65230830501277,intermediate,NX16_1_P20
42.37500000000107,-74.65273800920068,intermediate,NX16_1_P20
42.40000000000108,-74.65316721315183,intermediate,NX16_1_P20
42.42500000000109,-74.65359591719039,intermediate,NX16_1_P20
42.45000000000109,-74.65402412164258,intermediate,NX16_1_P20
42.475000000001096,-74.65445182683669,intermediate,NX16_1_P20
42.5000000000011,-74.65487903310309,intermediate,NX16_1_P20
42.52500000000111,-74.6553057407741,intermediate,NX16_1_P20
42.55000000000111,-74.65573195018408,intermediate,NX16_1_P20
42.57500000000112,-74.65615766166935,intermediate,NX16_1_P20
42.60000000000112,-74.65658287556818,intermediate,NX16_1_P20
42.62500000000113,-74.65700759222074,intermediate,NX16_1_P20
42.650000000001135,-74.65743181196916,intermediate,NX16_1_P20
42.67500000000114,-74.65785553515741,intermediate,NX16_1_P20
42.70000000000115,-74.65827876213133,intermediate,NX16_1_P20
42.72500000000115,-74.65870149323861,intermediate,NX16_1_P20
42.75000000000116,-74.65912372882876,intermediate,NX16_1_P20
42.77500000000117,-74.65954546925308,intermediate,NX16_1_P20
42.80000000000117,-74.65996671486465,intermediate,NX16_1_P20
42.825000000001175,-74.6603874660183,intermediate,NX16_1_P20
42.85000000000118,-74.66080772307063,intermediate,NX16_1_P20
42.87500000000119,-74.66122748637991,intermediate,NX16_1_P20
42.90000000000119,-74.66164675630615,intermediate,NX16_1_P20
42.9250000000012,-74.66206553321099,intermediate,NX16_1_P20
42.9500000000012,-74.66248381745777,intermediate,NX16_1_P20
42.97500000000121,-74.66290160941145,intermediate,NX16_1_P20
43.000000000001215,-74.6633189094386,intermediate,NX16_1_P20
43.02500000000122,-74.66373571790739,intermediate,NX16_1_P20
43.050000000001226,-74.66415203518758,intermediate,NX16_1_P20
43.07500000000123,-74.66456786165051,intermediate,NX16_1_P20
43.10000000000124,-74.664983197669,intermediate,NX16_1_P20
43.12500000000124,-74.66539804361746,intermediate,NX16_1_P20
43.15000000000125,-74.66581239987177,intermediate,NX16_1_P20
43.175000000001255,-74.6662262668093,intermediate,NX16_1_P20
43.20000000000126,-74.66663964480891,intermediate,NX16_1_P20
43.22500000000127,-74.66705253425089,intermediate,NX16_1_P20
43.25000000000127,-74.66746493551695,intermediate,NX16_1_P20
43.27500000000128,-74.66787684899023,intermediate,NX16_1_P20
43.30000000000128,-74.6682882750553,intermediate,NX16_1_P20
43.32500000000129,-74.66869921409807,intermediate,NX16_1_P20
43.350000000001295,-74.66910966650582,intermediate,NX16_1_P20
43.3750000000013,-74.66951963266719,intermediate,NX16_1_P20
43.400000000001306,-74.66992911297213,intermediate,NX16_1_P20
43.42500000000131,-74.67033810781193,intermediate,NX16_1_P20
43.45000000000132,-74.67074661757916,intermediate,NX16_1_P20
43.47500000000132,-74.67115464266766,intermediate,NX16_1_P20
43.50000000000133,-74.67156218347256,intermediate,NX16_1_P20
43.52500000000133,-74.67196924039023,intermediate,NX16_1_P20
43.55000000000134,-74.67237581381823,intermediate,NX16_1_P20
43.57500000000135,-74.67278190415543,intermediate,NX16_1_P20
43.60000000000135,-74.67318751180179,intermediate,NX16_1_P20
43.62500000000136,-74.67359263715852,intermediate,NX16_1_P20
43.65000000000136,-74.673997280628,intermediate,NX16_1_P20
43.67500000000137,-74.67440144261374,intermediate,NX16_1_P20
43.700000000001374,-74.67480512352039,intermediate,NX16_1_P20
43.72500000000138,-74.67520832375374,intermediate,NX16_1_P20
43.750000000001386,-74.67561104372069,intermediate,NX16_1_P20
43.77500000000139,-74.6760132838292,intermediate,NX16_1_P20
43.8000000000014,-74.67641504448837,intermediate,NX16_1_P20
43.8250000000014,-74.6768163261083,intermediate,NX16_1_P20
43.85000000000141,-74.67721712910016,intermediate,NX16_1_P20
43.87500000000141,-74.6776174538762,intermediate,NX16_1_P20
43.90000000000142,-74.67801730084963,intermediate,NX16_1_P20
43.92500000000143,-74.6784166704347,intermediate,NX16_1_P20
43.95000000000143,-74.67881556304665,intermediate,NX16_1_P20
43.97500000000144,-74.67921397910172,intermediate,NX16_1_P20
44.00000000000144,-74.67961191901708,intermediate,NX16_1_P20
44.02500000000145,-74.68000938321084,intermediate,NX16_1_P20
44.050000000001454,-74.68040637210214,intermediate,NX16_1_P20
44.07500000000146,-74.68080288611094,intermediate,NX16_1_P20
44.100000000001465,-74.68119892565817,intermediate,NX16_1_P20
44.12500000000147,-74.68159449116565,intermediate,NX16_1_P20
44.15000000000148,-74.6819895830561,intermediate,NX16_1_P20
44.17500000000148,-74.68238420175308,intermediate,NX16_1_P20
44.20000000000149,-74.68277834768104,intermediate,NX16_1_P20
44.22500000000149,-74.68317202126528,intermediate,NX16_1_P20
44.2500000000015,-74.68356522293192,intermediate,NX16_1_P20
44.27500000000151,-74.6839579531079,intermediate,NX16_1_P20
44.30000000000151,-74.68435021222102,intermediate,NX16_1_P20
44.32500000000152,-74.68474200069983,intermediate,NX16_1_P20
44.35000000000152,-74.68513331897366,intermediate,NX16_1_P20
44.37500000000153,-74.68552416747265,intermediate,NX16_1_P20
44.40000000000153,-74.68591454662771,intermediate,NX16_1_P20
44.42500000000154,-74.68630445687046,intermediate,NX16_1_P20
44.450000000001545,-74.6866938986333,intermediate,NX16_1_P20
44.47500000000155,-74.68708287234934,intermediate,NX16_1_P20
44.50000000000156,-74.6874713784524,intermediate,NX16_1_P20
44.52500000000156,-74.68785941737704,intermediate,NX16_1_P20
44.55000000000157,-74.68824698955848,intermediate,NX16_1_P20
44.57500000000157,-74.68863409543263,intermediate,NX16_1_P20
44.60000000000158,-74.68902073543609,intermediate,NX16_1_P20
44.62500000000159,-74.68940691000611,intermediate,NX16_1_P20
44.65000000000159,-74.6897926195806,intermediate,NX16_1_P20
44.6750000000016,-74.69017786459808,intermediate,NX16_1_P20
44.7000000000016,-74.69056264549775,intermediate,NX16_1_P20
44.72500000000161,-74.6909469627194,intermediate,NX16_1_P20
44.75000000000161,-74.6913308167034,intermediate,NX16_1_P20
44.77500000000162,-74.69171420789077,intermediate,NX16_1_P20
44.80000000000162,-74.6920971367231,intermediate,NX16_1_P20
44.82500000000163,-74.69247960364257,intermediate,NX16_1_P20
44.85000000000164,-74.69286160909189,intermediate,NX16_1_P20
44.87500000000164,-74.69324315351436,intermediate,NX16_1_P20
44.90000000000165,-74.6936242373538,intermediate,NX16_1_P20
44.92500000000165,-74.69400486105462,intermediate,NX16_1_P20
44.95000000000166,-74.69438502506172,intermediate,NX16_1_P20
44.975000000001664,-74.6947647298205,intermediate,NX16_1_P20
45.00000000000167,-74.69514397577692,intermediate,NX16_1_P20
45.02500000000168,-74.6955227633774,intermediate,NX16_1_P20
45.05000000000168,-74.69590109306885,intermediate,NX16_1_P20
45.07500000000169,-74.69627896529872,intermediate,NX16_1_P20
45.10000000000169,-74.69665638051484,intermediate,NX16_1_P20
45.1250000000017,-74.69703333916557,intermediate,NX16_1_P20
45.1500000000017,-74.69740984169971,intermediate,NX16_1_P20
45.17500000000171,-74.69778588856649,intermediate,NX16_1_P20
45.20000000000172,-74.69816148021559,intermediate,NX16_1_P20
45.22500000000172,-74.69853661709709,intermediate,NX16_1_P20
45.25000000000173,-74.69891129966155,intermediate,NX16_1_P20
45.27500000000173,-74.69928552835985,intermediate,NX16_1_P20
45.30000000000174,-74.69965930364336,intermediate,NX16_1_P20
45.325000000001744,-74.70003262596379,intermediate,NX16_1_P20
45.35000000000175,-74.70040549577323,intermediate,NX16_1_P20
45.37500000000176,-74.70077791352418,intermediate,NX16_1_P20
45.40000000000176,-74.7011498796695,intermediate,NX16_1_P20
45.425000000001766,-74.70152139466238,intermediate,NX16_1_P20
45.45000000000177,-74.70189245895638,intermediate,NX16_1_P20
45.47500000000178,-74.70226307300543,intermediate,NX16_1_P20
45.50000000000178,-74.70263323726373,intermediate,NX16_1_P20
45.52500000000179,-74.70300295218588,intermediate,NX16_1_P20
45.5500000000018,-74.70337221822675,intermediate,NX16_1_P20
45.5750000000018,-74.70374103584155,intermediate,NX16_1_P20
45.600000000001806,-74.70410940548577,intermediate,NX16_1_P20
45.62500000000181,-74.70447732761521,intermediate,NX16_1_P20
45.65000000000182,-74.70484480268597,intermediate,NX16_1_P20
45.67500000000182,-74.7052118311544,intermediate,NX16_1_P20
45.70000000000183,-74.70557841347716,intermediate,NX16_1_P20
45.72500000000184,-74.70594455011116,intermediate,NX16_1_P20
45.75000000000184,-74.70631024151355,intermediate,NX16_1_P20
45.775000000001846,-74.70667548814177,intermediate,NX16_1_P20
45.80000000000185,-74.70704029045348,intermediate,NX16_1_P20
45.82500000000186,-74.70740464890658,intermediate,NX16_1_P20
45.85000000000186,-74.7077685639592,intermediate,NX16_1_P20
45.87500000000187,-74.70813203606973,intermediate,NX16_1_P20
45.900000000001874,-74.70849506569672,intermediate,NX16_1_P20
45.92500000000188,-74.70885765329896,intermediate,NX16_1_P20
45.950000000001886,-74.70921979933546,intermediate,NX16_1_P20
45.97500000000189,-74.70958150426539,intermediate,NX16_1_P20
46.0000000000019,-74.70994276854812,intermediate,NX16_1_P20
46.0250000000019,-74.71030359264323,intermediate,NX16_1_P20
46.05000000000191,-74.71066397701046,intermediate,NX16_1_P20
46.07500000000192,-74.71102392210969,intermediate,NX16_1_P20
46.10000000000192,-74.71138342840104,intermediate,NX16_1_P20
46.125000000001926,-74.7117424963447,intermediate,NX16_1_P20
46.15000000000193,-74.71210112640108,intermediate,NX16_1_P20
46.17500000000194,-74.71245931903071,intermediate,NX16_1_P20
46.20000000000194,-74.71281707469426,intermediate,NX16_1_P20
46.22500000000195,-74.71317439385251,intermediate,NX16_1_P20
46.250000000001954,-74.7135312769664,intermediate,NX16_1_P20
46.27500000000196,-74.713887724497,intermediate,NX16_1_P20
46.300000000001965,-74.71424373690546,intermediate,NX16_1_P20
46.32500000000197,-74.71459931465304,intermediate,NX16_1_P20
46.35000000000198,-74.71495445820116,intermediate,NX16_1_P20
46.37500000000198,-74.71530916801127,intermediate,NX16_1_P20
46.40000000000199,-74.71566344454494,intermediate,NX16_1_P20
46.425000000002,-74.71601728826384,intermediate,NX16_1_P20
46.450000000002,-74.71637069962969,intermediate,NX16_1_P20
46.475000000002005,-74.71672367910432,intermediate,NX16_1_P20
46.50000000000201,-74.71707622714959,intermediate,NX16_1_P20
46.52500000000202,-74.71742834422747,intermediate,NX16_1_P20
46.55000000000202,-74.71778003079996,intermediate,NX16_1_P20
46.57500000000203,-74.71813128732911,intermediate,NX16_1_P20
46.600000000002034,-74.71848211427704,intermediate,NX16_1_P20
46.62500000000204,-74.7188325121059,intermediate,NX16_1_P20
46.650000000002045,-74.71918248127787,intermediate,NX16_1_P20
46.67500000000205,-74.71953202225518,intermediate,NX16_1_P20
46.700000000002056,-74.71988113550007,intermediate,NX16_1_P20
46.72500000000206,-74.72022982147485,intermediate,NX16_1_P20
46.75000000000207,-74.72057808064176,intermediate,NX16_1_P20
46.77500000000207,-74.72092591346312,intermediate,NX16_1_P20
46.80000000000208,-74.72127332040125,intermediate,NX16_1_P20
46.825000000002085,-74.72162030191846,intermediate,NX16_1_P20
46.85000000000209,-74.72196685847706,intermediate,NX16_1_P20
46.875000000002096,-74.72231299053935,intermediate,NX16_1_P20
46.9000000000021,-74.72265869856764,intermediate,NX16_1_P20
46.92500000000211,-74.7230039830242,intermediate,NX16_1_P20
46.95000000000211,-74.72334884437127,intermediate,NX16_1_P20
46.97500000000212,-74.72369328307111,intermediate,NX16_1_P20
47.000000000002125,-74.72403729958592,intermediate,NX16_1_P20
47.02500000000213,-74.72438089437783,intermediate,NX16_1_P20
47.050000000002136,-74.72472406790902,intermediate,NX16_1_P20
47.07500000000214,-74.72506682064154,intermediate,NX16_1_P20
47.10000000000215,-74.72540915303745,intermediate,NX16_1_P20
47.12500000000215,-74.72575106555873,intermediate,NX16_1_P20
47.15000000000216,-74.7260925586673,intermediate,NX16_1_P20
47.17500000000216,-74.72643363282505,intermediate,NX16_1_P20
47.20000000000217,-74.72677428849376,intermediate,NX16_1_P20
47.225000000002176,-74.72711452613518,intermediate,NX16_1_P20
47.25000000000218,-74.72745434621099,intermediate,NX16_1_P20
47.27500000000219,-74.72779374918275,intermediate,NX16_1_P20
47.30000000000219,-74.72813273551199,intermediate,NX16_1_P20
47.3250000000022,-74.72847130566011,intermediate,NX16_1_P20
47.35000000000221,-74.72880946008846,intermediate,NX16_1_P20
47.37500000000221,-74.72914719925825,intermediate,NX16_1_P20
47.400000000002215,-74.72948452363066,intermediate,NX16_1_P20
47.42500000000222,-74.7298214336667,intermediate,NX16_1_P20
47.45000000000223,-74.73015792982733,intermediate,NX16_1_P20
47.47500000000223,-74.73049401257336,intermediate,NX16_1_P20
47.50000000000224,-74.73082968236552,intermediate,NX16_1_P20
47.52500000000224,-74.73116493966441,intermediate,NX16_1_P20
47.55000000000225,-74.7314997849305,intermediate,NX16_1_P20
47.575000000002255,-74.73183421862417,intermediate,NX16_1_P20
47.60000000000226,-74.73216824120563,intermediate,NX16_1_P20
47.62500000000227,-74.73250185313499,intermediate,NX16_1_P20
47.65000000000227,-74.73283505487221,intermediate,NX16_1_P20
47.67500000000228,-74.73316784687715,intermediate,NX16_1_P20
47.70000000000229,-74.73350022960946,intermediate,NX16_1_P20
47.72500000000229,-74.73383220352872,intermediate,NX16_1_P20
47.750000000002295,-74.73416376909432,intermediate,NX16_1_P20
47.7750000000023,-74.7344949267655,intermediate,NX16_1_P20
47.80000000000231,-74.73482567700135,intermediate,NX16_1_P20
47.82500000000231,-74.73515602026083,intermediate,NX16_1_P20
47.85000000000232,-74.7354859570027,intermediate,NX16_1_P20
47.87500000000232,-74.73581548768557,intermediate,NX16_1_P20
47.90000000000233,-74.73614461276789,intermediate,NX16_1_P20
47.925000000002335,-74.73647333270794,intermediate,NX16_1_P20
47.95000000000234,-74.73680164796382,intermediate,NX16_1_P20
47.975000000002346,-74.73712955899344,intermediate,NX16_1_P20
48.00000000000235,-74.73745706625456,intermediate,NX16_1_P20
48.02500000000236,-74.73778417020476,intermediate,NX16_1_P20
48.05000000000236,-74.73811087130139,intermediate,NX16_1_P20
48.07500000000237,-74.73843717000166,intermediate,NX16_1_P20
48.100000000002375,-74.73876306676254,intermediate,NX16_1_P20
48.12500000000238,-74.73908856204088,intermediate,NX16_1_P20
48.15000000000239,-74.73941365629324,intermediate,NX16_1_P20
48.17500000000239,-74.73973834997605,intermediate,NX16_1_P20
48.2000000000024,-74.74006264354551,intermediate,NX16_1_P20
48.2250000000024,-74.74038653745764,intermediate,NX16_1_P20
48.25000000000241,-74.7407100321682,intermediate,NX16_1_P20
48.275000000002414,-74.74103312813277,intermediate,NX16_1_P20
48.30000000000242,-74.74135582580674,intermediate,NX16_1_P20
48.325000000002426,-74.74167812564522,intermediate,NX16_1_P20
48.35000000000243,-74.74200002810318,intermediate,NX16_1_P20
48.37500000000244,-74.7423215336353,intermediate,NX16_1_P20
48.40000000000244,-74.74264264269608,intermediate,NX16_1_P20
48.42500000000245,-74.74296335573978,intermediate,NX16_1_P20
48.45000000000245,-74.74328367322042,intermediate,NX16_1_P20
48.47500000000246,-74.74360359559178,intermediate,NX16_1_P20
48.50000000000247,-74.74392312330744,intermediate,NX16_1_P20
48.52500000000247,-74.74424225682071,intermediate,NX16_1_P20
48.55000000000248,-74.7445609965847,intermediate,NX16_1_P20
48.57500000000248,-74.74487934305222,intermediate,NX16_1_P20
48.60000000000249,-74.74519729667588,intermediate,NX16_1_P20
48.625000000002494,-74.74551485790803,intermediate,NX16_1_P20
48.6500000000025,-74.74583202720079,intermediate,NX16_1_P20
48.675000000002505,-74.746148805006,intermediate,NX16_1_P20
48.70000000000251,-74.74646519177526,intermediate,NX16_1_P20
48.72500000000252,-74.74678118795991,intermediate,NX16_1_P20
48.75000000000252,-74.74709679401104,intermediate,NX16_1_P20
48.77500000000253,-74.74741201037946,intermediate,NX16_1_P20
48.80000000000253,-74.74772683751576,intermediate,NX16_1_P20
48.82500000000254,-74.74804127587021,intermediate,NX16_1_P20
48.85000000000255,-74.74835532589285,intermediate,NX16_1_P20
48.87500000000255,-74.74866898803344,intermediate,NX16_1_P20
48.90000000000256,-74.74898226274149,intermediate,NX16_1_P20
48.92500000000256,-74.74929515046621,intermediate,NX16_1_P20
48.95000000000257,-74.74960765165653,intermediate,NX16_1_P20
48.975000000002574,-74.74991976676112,intermediate,NX16_1_P20
49.00000000000258,-74.7502314962284,intermediate,NX16_1_P20
49.025000000002585,-74.75054284050643,intermediate,NX16_1_P20
49.05000000000259,-74.75085380004306,intermediate,NX16_1_P20
49.0750000000026,-74.75116437528582,intermediate,NX16_1_P20
49.1000000000026,-74.75147456668196,intermediate,NX16_1_P20
49.12500000000261,-74.75178437467846,intermediate,NX16_1_P20
49.15000000000261,-74.75209379972199,intermediate,NX16_1_P20
49.17500000000262,-74.7524028422589,intermediate,NX16_1_P20
49.20000000000263,-74.75271150273532,intermediate,NX16_1_P20
49.22500000000263,-74.75301978159702,intermediate,NX16_1_P20
49.25000000000264,-74.75332767928948,intermediate,NX16_1_P20
49.27500000000264,-74.7536351962579,intermediate,NX16_1_P20
49.30000000000265,-74.75394233294719,intermediate,NX16_1_P20
49.32500000000265,-74.75424908980192,intermediate,NX16_1_P20
49.35000000000266,-74.75455546726637,intermediate,NX16_1_P20
49.375000000002665,-74.75486146578451,intermediate,NX16_1_P20
49.40000000000267,-74.75516708580004,intermediate,NX16_1_P20
49.42500000000268,-74.7554723277563,intermediate,NX16_1_P20
49.45000000000268,-74.75577719209633,intermediate,NX16_1_P20
49.47500000000269,-74.75608167926288,intermediate,NX16_1_P20
49.50000000000269,-74.75638578969836,intermediate,NX16_1_P20
49.5250000000027,-74.75668952384487,intermediate,NX16_1_P20
49.550000000002704,-74.75699288214419,intermediate,NX16_1_P20
49.57500000000271,-74.7572958650378,intermediate,NX16_1_P20
49.60000000000272,-74.75759847296685,intermediate,NX16_1_P20
49.62500000000272,-74.75790070637213,intermediate,NX16_1_P20
49.65000000000273,-74.75820256569418,intermediate,NX16_1_P20
49.67500000000273,-74.75850405137314,intermediate,NX16_1_P20
49.70000000000274,-74.75880516384886,intermediate,NX16_1_P20
49.72500000000274,-74.75910590356088,intermediate,NX16_1_P20
49.75000000000275,-74.75940627094836,intermediate,NX16_1_P20
49.77500000000276,-74.75970626645018,intermediate,NX16_1_P20
49.80000000000276,-74.76000589050486,intermediate,NX16_1_P20
49.82500000000277,-74.76030514355058,intermediate,NX16_1_P20
49.85000000000277,-74.7606040260252,intermediate,NX16_1_P20
49.87500000000278,-74.76090253836624,intermediate,NX16_1_P20
49.900000000002784,-74.76120068101089,intermediate,NX16_1_P20
49.92500000000279,-74.76149845439596,intermediate,NX16_1_P20
49.9500000000028,-74.761795858958,intermediate,NX16_1_P20
49.9750000000028,-74.76209289513312,intermediate,NX16_1_P20
50.00000000000281,-74.76238956335716,intermediate,NX16_1_P20
50.02500000000281,-74.76268586406559,intermediate,NX16_1_P20
50.05000000000282,-74.76298179769354,intermediate,NX16_1_P20
50.07500000000282,-74.76327736467579,intermediate,NX16_1_P20
50.10000000000283,-74.76357256544676,intermediate,NX16_1_P20
50.12500000000284,-74.76386740044055,intermediate,NX16_1_P20
50.15000000000284,-74.76416187009087,intermediate,NX16_1_P20
50.175000000002846,-74.76445597483112,intermediate,NX16_1_P20
50.20000000000285,-74.76474971509433,intermediate,NX16_1_P20
50.22500000000286,-74.76504309131316,intermediate,NX16_1_P20
50.25000000000286,-74.76533610391994,intermediate,NX16_1_P20
50.27500000000287,-74.76562875334663,intermediate,NX16_1_P20
50.30000000000288,-74.76592104002484,intermediate,NX16_1_P20
50.32500000000288,-74.76621296438582,intermediate,NX16_1_P20
50.350000000002886,-74.76650452686044,intermediate,NX16_1_P20
50.37500000000289,-74.76679572787927,intermediate,NX16_1_P20
50.4000000000029,-74.76708656787245,intermediate,NX16_1_P20
50.4250000000029,-74.76737704726979,intermediate,NX16_1_P20
50.45000000000291,-74.76766716650074,intermediate,NX16_1_P20
50.47500000000292,-74.76795692599438,intermediate,NX16_1_P20
50.50000000000292,-74.76824632617942,intermediate,NX16_1_P20
50.525000000002926,-74.7685353674842,intermediate,NX16_1_P20
50.55000000000293,-74.76882405033673,intermediate,NX16_1_P20
50.57500000000294,-74.7691123751646,intermediate,NX16_1_P20
50.60000000000294,-74.76940034239504,intermediate,NX16_1_P20
50.62500000000295,-74.76968795245496,intermediate,NX16_1_P20
50.65000000000296,-74.76997520577083,intermediate,NX16_1_P20
50.67500000000296,-74.77026210276881,intermediate,NX16_1_P20
50.700000000002966,-74.77054864387465,intermediate,NX16_1_P20
50.72500000000297,-74.77083482951373,intermediate,NX16_1_P20
50.75000000000298,-74.77112066011108,intermediate,NX16_1_P20
50.77500000000298,-74.77140613609131,intermediate,NX16_1_P20
50.80000000000299,-74.77169125787871,intermediate,NX16_1_P20
50.825000000002994,-74.77197602589716,intermediate,NX16_1_P20
50.850000000003,-74.77226044057015,intermediate,NX16_1_P20
50.875000000003006,-74.77254450232083,intermediate,NX16_1_P20
50.90000000000301,-74.77282821157193,intermediate,NX16_1_P20
50.92500000000302,-74.77311156874585,intermediate,NX16_1_P20
50.95000000000302,-74.77339457426456,intermediate,NX16_1_P20
50.97500000000303,-74.77367722854966,intermediate,NX16_1_P20
51.00000000000304,-74.7739595320224,intermediate,NX16_1_P20
51.02500000000304,-74.77424148510362,intermediate,NX16_1_P20
51.050000000003045,-74.77452308821377,intermediate,NX16_1_P20
51.07500000000305,-74.77480434177293,intermediate,NX16_1_P20
51.10000000000306,-74.7750852462008,intermediate,NX16_1_P20
51.12500000000306,-74.77536580191669,intermediate,NX16_1_P20
51.15000000000307,-74.77564600933951,intermediate,NX16_1_P20
51.175000000003074,-74.7759258688878,intermediate,NX16_1_P20
51.20000000000308,-74.7762053809797,intermediate,NX16_1_P20
51.225000000003085,-74.77648454603298,intermediate,NX16_1_P20
51.25000000000309,-74.776763364465,intermediate,NX16_1_P20
51.2750000000031,-74.77704183669275,intermediate,NX16_1_P20
51.3000000000031,-74.77731996313281,intermediate,NX16_1_P20
51.32500000000311,-74.77759774420139,intermediate,NX16_1_P20
51.35000000000312,-74.7778751803143,intermediate,NX16_1_P20
51.37500000000312,-74.77815227188694,intermediate,NX16_1_P20
51.400000000003125,-74.77842901933435,intermediate,NX16_1_P20
51.42500000000313,-74.77870542307117,intermediate,NX16_1_P20
51.450000000003136,-74.77898148351163,intermediate,NX16_1_P20
51.47500000000314,-74.77925720106957,intermediate,NX16_1_P20
51.50000000000315,-74.77953257615845,intermediate,NX16_1_P20
51.52500000000315,-74.77980760919132,intermediate,NX16_1_P20
51.55000000000316,-74.78008230058084,intermediate,NX16_1_P20
51.575000000003165,-74.7803566507393,intermediate,NX16_1_P20
51.60000000000317,-74.78063066007851,intermediate,NX16_1_P20
51.625000000003176,-74.78090432901,intermediate,NX16_1_P20
51.65000000000318,-74.78117765794481,intermediate,NX16_1_P20
51.67500000000319,-74.78145064729364,intermediate,NX16_1_P20
51.70000000000319,-74.78172329746674,intermediate,NX16_1_P20
51.7250000000032,-74.78199560887401,intermediate,NX16_1_P20
51.750000000003205,-74.78226758192493,intermediate,NX16_1_P20
51.77500000000321,-74.78253921702856,intermediate,NX16_1_P20
51.800000000003216,-74.7828105145936,intermediate,NX16_1_P20
51.82500000000322,-74.78308147502833,intermediate,NX16_1_P20
51.85000000000323,-74.78335209874061,intermediate,NX16_1_P20
51.87500000000323,-74.78362238613792,intermediate,NX16_1_P20
51.90000000000324,-74.78389233762735,intermediate,NX16_1_P20
51.92500000000325,-74.78416195361557,intermediate,NX16_1_P20
51.95000000000325,-74.78443123450884,intermediate,NX16_1_P20
51.975000000003256,-74.78470018071305,intermediate,NX16_1_P20
52.00000000000326,-74.78496879263363,intermediate,NX16_1_P20
52.02500000000327,-74.78523707067566,intermediate,NX16_1_P20
52.05000000000327,-74.78550501524381,intermediate,NX16_1_P20
52.07500000000328,-74.78577262674233,intermediate,NX16_1_P20
52.10000000000328,-74.78603990557504,intermediate,NX16_1_P20
52.12500000000329,-74.78630685214542,intermediate,NX16_1_P20
52.150000000003295,-74.78657346685648,intermediate,NX16_1_P20
52.1750000000033,-74.78683975011087,intermediate,NX16_1_P20
52.20000000000331,-74.78710570231081,intermediate,NX16_1_P20
52.22500000000331,-74.78737132385812,intermediate,NX16_1_P20
52.25000000000332,-74.78763661515421,intermediate,NX16_1_P20
52.27500000000333,-74.7879015766001,intermediate,NX16_1_P20
52.30000000000333,-74.7881662085964,intermediate,NX16_1_P20
52.325000000003335,-74.78843051154327,intermediate,NX16_1_P20
52.35000000000334,-74.78869448584052,intermediate,NX16_1_P20
52.37500000000335,-74.78895813188753,intermediate,NX16_1_P20
52.40000000000335,-74.78922145008325,intermediate,NX16_1_P20
52.42500000000336,-74.78948444082626,intermediate,NX16_1_P20
52.45000000000336,-74.7897471045147,intermediate,NX16_1_P20
52.47500000000337,-74.79000944154633,intermediate,NX16_1_P20
52.500000000003375,-74.79027145231848,intermediate,NX16_1_P20
52.52500000000338,-74.79053313722807,intermediate,NX16_1_P20
52.550000000003386,-74.79079449667162,intermediate,NX16_1_P20
52.57500000000339,-74.79105553104525,intermediate,NX16_1_P20
52.6000000000034,-74.79131624074464,intermediate,NX16_1_P20
52.6250000000034,-74.79157662616508,intermediate,NX16_1_P20
52.65000000000341,-74.79183668770146,intermediate,NX16_1_P20
52.675000000003415,-74.79209642574824,intermediate,NX16_1_P20
52.70000000000342,-74.79235584069947,intermediate,NX16_1_P20
52.72500000000343,-74.79261493294881,intermediate,NX16_1_P20
52.75000000000343,-74.7928737028895,intermediate,NX16_1_P20
52.77500000000344,-74.79313215091433,intermediate,NX16_1_P20
52.80000000000344,-74.79339027741575,intermediate,NX16_1_P20
52.82500000000345,-74.79364808278575,intermediate,NX16_1_P20
52.850000000003455,-74.79390556741592,intermediate,NX16_1_P20
52.87500000000346,-74.79416273169743,intermediate,NX16_1_P20
52.900000000003466,-74.79441957602106,intermediate,NX16_1_P20
52.92500000000347,-74.79467610077715,intermediate,NX16_1_P20
52.95000000000348,-74.79493230635568,intermediate,NX16_1_P20
52.97500000000348,-74.79518819314613,intermediate,NX16_1_P20
53.00000000000349,-74.79544376153765,intermediate,NX16_1_P20
53.02500000000349,-74.79569901191896,intermediate,NX16_1_P20
53.0500000000035,-74.79595394467832,intermediate,NX16_1_P20
53.07500000000351,-74.79620856020364,intermediate,NX16_1_P20
53.10000000000351,-74.79646285888238,intermediate,NX16_1_P20
53.12500000000352,-74.79671684110158,intermediate,NX16_1_P20
53.15000000000352,-74.79697050724792,intermediate,NX16_1_P20
53.17500000000353,-74.7972238577076,intermediate,NX16_1_P20
53.200000000003534,-74.79747689286647,intermediate,NX16_1_P20
53.22500000000354,-74.79772961310992,intermediate,NX16_1_P20
53.250000000003546,-74.79798201882294,intermediate,NX16_1_P20
53.27500000000355,-74.7982341103901,intermediate,NX16_1_P20
53.30000000000356,-74.79848588819559,intermediate,NX16_1_P20
53.32500000000356,-74.79873735262315,intermediate,NX16_1_P20
53.35000000000357,-74.79898850405614,intermediate,NX16_1_P20
53.37500000000357,-74.79923934287746,intermediate,NX16_1_P20
53.40000000000358,-74.79948986946964,intermediate,NX16_1_P20
53.42500000000359,-74.79974008421479,intermediate,NX16_1_P20
53.45000000000359,-74.79998998749458,intermediate,NX16_1_P20
53.4750000000036,-74.80023957969031,intermediate,NX16_1_P20
53.5000000000036,-74.80048886118283,intermediate,NX16_1_P20
53.52500000000361,-74.80073783235257,intermediate,NX16_1_P20
53.550000000003614,-74.80098649357959,intermediate,NX16_1_P20
53.57500000000362,-74.80123484524351,intermediate,NX16_1_P20
53.600000000003625,-74.80148288772354,intermediate,NX16_1_P20
53.62500000000363,-74.80173062139845,intermediate,NX16_1_P20
53.65000000000364,-74.80197804664667,intermediate,NX16_1_P20
53.67500000000364,-74.80222516384612,intermediate,NX16_1_P20
53.70000000000365,-74.8024719733744,intermediate,NX16_1_P20
53.72500000000365,-74.80271847560863,intermediate,NX16_1_P20
53.75000000000366,-74.80296467092553,intermediate,NX16_1_P20
53.77500000000367,-74.80321055970145,intermediate,NX16_1_P20
53.80000000000367,-74.80345614231227,intermediate,NX16_1_P20
53.82500000000368,-74.80370141913349,intermediate,NX16_1_P20
53.85000000000368,-74.80394639054019,intermediate,NX16_1_P20
53.87500000000369,-74.80419105690703,intermediate,NX16_1_P20
53.90000000000369,-74.80443541860828,intermediate,NX16_1_P20
53.9250000000037,-74.80467947601775,intermediate,NX16_1_P20
53.950000000003705,-74.8049232295089,intermediate,NX16_1_P20
53.97500000000371,-74.80516667945471,intermediate,NX16_1_P20
54.00000000000372,-74.80540982622782,intermediate,NX16_1_P20
54.02500000000372,-74.8056526702004,intermediate,NX16_1_P20
54.05000000000373,-74.80589521174423,intermediate,NX16_1_P20
54.07500000000373,-74.80613745123067,intermediate,NX16_1_P20
54.10000000000374,-74.80637938903068,intermediate,NX16_1_P20
54.12500000000375,-74.8066210255148,intermediate,NX16_1_P20
54.15000000000375,-74.80686236105316,intermediate,NX16_1_P20
54.17500000000376,-74.80710339601549,intermediate,NX16_1_P20
54.20000000000376,-74.80734413077107,intermediate,NX16_1_P20
54.22500000000377,-74.80758456568881,intermediate,NX16_1_P20
54.25000000000377,-74.80782470113718,intermediate,NX16_1_P20
54.27500000000378,-74.80806453748426,intermediate,NX16_1_P20
54.30000000000378,-74.80830407509771,intermediate,NX16_1_P20
54.32500000000379,-74.80854331434477,intermediate,NX16_1_P20
54.3500000000038,-74.80878225559229,intermediate,NX16_1_P20
54.3750000000038,-74.80902089920667,intermediate,NX16_1_P20
54.40000000000381,-74.80925924555396,intermediate,NX16_1_P20
54.42500000000381,-74.80949729499973,intermediate,NX16_1_P20
54.45000000000382,-74.8097350479092,intermediate,NX16_1_P20
54.475000000003824,-74.80997250464713,intermediate,NX16_1_P20
54.50000000000383,-74.8102096655779,intermediate,NX16_1_P20
54.52500000000384,-74.81044653106548,intermediate,NX16_1_P20
54.55000000000384,-74.81068310147342,intermediate,NX16_1_P20
54.57500000000385,-74.81091937716485,intermediate,NX16_1_P20
54.60000000000385,-74.81115535850252,intermediate,NX16_1_P20
54.62500000000386,-74.81139104584872,intermediate,NX16_1_P20
54.65000000000386,-74.8116264395654,intermediate,NX16_1_P20
54.67500000000387,-74.81186154001405,intermediate,NX16_1_P20
54.70000000000388,-74.81209634755575,intermediate,NX16_1_P20
54.72500000000388,-74.8123308625512,intermediate,NX16_1_P20
54.75000000000389,-74.81256508536069,intermediate,NX16_1_P20
54.77500000000389,-74.81279901634404,intermediate,NX16_1_P20
54.8000000000039,-74.81303265586077,intermediate,NX16_1_P20
54.825000000003904,-74.81326600426988,intermediate,NX16_1_P20
54.85000000000391,-74.81349906193003,intermediate,NX16_1_P20
54.87500000000392,-74.81373182919945,intermediate,NX16_1_P20
54.90000000000392,-74.81396430643599,intermediate,NX16_1_P20
54.92500000000393,-74.81419649399704,intermediate,NX16_1_P20
54.95000000000393,-74.81442839223963,intermediate,NX16_1_P20
54.97500000000394,-74.81466000152035,intermediate,NX16_1_P20
55.00000000000394,-74.81489132219541,intermediate,NX16_1_P20
55.02500000000395,-74.81512235462058,intermediate,NX16_1_P20
55.05000000000396,-74.81535309915127,intermediate,NX16_1_P20
55.07500000000396,-74.81558355614243,intermediate,NX16_1_P20
55.100000000003966,-74.81581372594864,intermediate,NX16_1_P20
55.12500000000397,-74.81604360892408,intermediate,NX16_1_P20
55.15000000000398,-74.81627320542249,intermediate,NX16_1_P20
55.17500000000398,-74.81650251579723,intermediate,NX16_1_P20
55.20000000000399,-74.81673154040124,intermediate,NX16_1_P20
55.225000000004,-74.81696027958706,intermediate,NX16_1_P20
55.250000000004,-74.81718873370686,intermediate,NX16_1_P20
55.275000000004006,-74.81741690311233,intermediate,NX16_1_P20
55.30000000000401,-74.81764478815481,intermediate,NX16_1_P20
55.32500000000402,-74.81787238918523,intermediate,NX16_1_P20
55.35000000000402,-74.81809970655411,intermediate,NX16_1_P20
55.37500000000403,-74.81832674061154,intermediate,NX16_1_P20
55.400000000004034,-74.81855349170726,intermediate,NX16_1_P20
55.42500000000404,-74.81877996019058,intermediate,NX16_1_P20
55.450000000004046,-74.81900614641039,intermediate,NX16_1_P20
55.47500000000405,-74.81923205071517,intermediate,NX16_1_P20
55.50000000000406,-74.81945767345306,intermediate,NX16_1_P20
55.52500000000406,-74.81968301497173,intermediate,NX16_1_P20
55.55000000000407,-74.81990807561849,intermediate,NX16_1_P20
55.57500000000408,-74.82013285574021,intermediate,NX16_1_P20
55.60000000000408,-74.82035735568338,intermediate,NX16_1_P20
55.625000000004086,-74.82058157579412,intermediate,NX16_1_P20
55.65000000000409,-74.82080551641808,intermediate,NX16_1_P20
55.6750000000041,-74.82102917790056,intermediate,NX16_1_P20
55.7000000000041,-74.82125256058644,intermediate,NX16_1_P20
55.72500000000411,-74.82147566482021,intermediate,NX16_1_P20
55.750000000004114,-74.82169849094595,intermediate,NX16_1_P20
55.77500000000412,-74.82192103930734,intermediate,NX16_1_P20
55.800000000004125,-74.82214331024767,intermediate,NX16_1_P20
55.82500000000413,-74.82236530410982,intermediate,NX16_1_P20
55.85000000000414,-74.82258702123627,intermediate,NX16_1_P20
55.87500000000414,-74.8228084619691,intermediate,NX16_1_P20
55.90000000000415,-74.82302962665001,intermediate,NX16_1_P20
55.92500000000416,-74.82325051562029,intermediate,NX16_1_P20
55.95000000000416,-74.8234711292208,intermediate,NX16_1_P20
55.975000000004165,-74.82369146779207,intermediate,NX16_1_P20
56.00000000000417,-74.82391153167417,intermediate,NX16_1_P20
56.02500000000418,-74.8241313212068,intermediate,NX16_1_P20
56.05000000000418,-74.82435083672927,intermediate,NX16_1_P20
56.07500000000419,-74.82457007858046,intermediate,NX16_1_P20
56.100000000004194,-74.82478904709889,intermediate,NX16_1_P20
56.1250000000042,-74.82500774262266,intermediate,NX16_1_P20
56.150000000004205,-74.8252261654895,intermediate,NX16_1_P20
56.17500000000421,-74.8254443160367,intermediate,NX16_1_P20
56.200000000004216,-74.8256621946012,intermediate,NX16_1_P20
56.22500000000422,-74.82587980151952,intermediate,NX16_1_P20
56.25000000000423,-74.82609713712779,intermediate,NX16_1_P20
56.27500000000423,-74.82631420176175,intermediate,NX16_1_P20
56.30000000000424,-74.82653099575674,intermediate,NX16_1_P20
56.325000000004245,-74.82674751944771,intermediate,NX16_1_P20
56.35000000000425,-74.82696377316921,intermediate,NX16_1_P20
56.375000000004256,-74.8271797572554,intermediate,NX16_1_P20
56.40000000000426,-74.82739547204004,intermediate,NX16_1_P20
56.42500000000427,-74.8276109178565,intermediate,NX16_1_P20
56.45000000000427,-74.82782609503779,intermediate,NX16_1_P20
56.47500000000428,-74.82804100391647,intermediate,NX16_1_P20
56.500000000004285,-74.82825564482475,intermediate,NX16_1_P20
56.52500000000429,-74.82847001809444,intermediate,NX16_1_P20
56.550000000004296,-74.82868412405692,intermediate,NX16_1_P20
56.5750000000043,-74.82889796304325,intermediate,NX16_1_P20
56.60000000000431,-74.82911153538404,intermediate,NX16_1_P20
56.62500000000431,-74.82932484140954,intermediate,NX16_1_P20
56.65000000000432,-74.82953788144961,intermediate,NX16_1_P20
56.67500000000432,-74.82975065583368,intermediate,NX16_1_P20
56.70000000000433,-74.82996316489084,intermediate,NX16_1_P20
56.725000000004336,-74.83017540894978,intermediate,NX16_1_P20
56.75000000000434,-74.83038738833878,intermediate,NX16_1_P20
56.77500000000435,-74.83059910338574,intermediate,NX16_1_P20
56.80000000000435,-74.83081055441818,intermediate,NX16_1_P20
56.82500000000436,-74.83102174176321,intermediate,NX16_1_P20
56.85000000000437,-74.8312326657476,intermediate,NX16_1_P20
56.87500000000437,-74.83144332669768,intermediate,NX16_1_P20
56.900000000004376,-74.83165372493943,intermediate,NX16_1_P20
56.92500000000438,-74.8318638607984,intermediate,NX16_1_P20
56.95000000000439,-74.83207373459982,intermediate,NX16_1_P20
56.97500000000439,-74.83228334666845,intermediate,NX16_1_P20
57.0000000000044,-74.83249269732873,intermediate,NX16_1_P20
57.0250000000044,-74.8327017869047,intermediate,NX16_1_P20
57.05000000000441,-74.83291061572001,intermediate,NX16_1_P20
57.075000000004415,-74.83311918409791,intermediate,NX16_1_P20
57.10000000000442,-74.83332749236128,intermediate,NX16_1_P20
57.12500000000443,-74.8335355408326,intermediate,NX16_1_P20
57.15000000000443,-74.83374332983401,intermediate,NX16_1_P20
57.17500000000444,-74.8339508596872,intermediate,NX16_1_P20
57.20000000000445,-74.83415813071356,intermediate,NX16_1_P20
57.22500000000445,-74.83436514323401,intermediate,NX16_1_P20
57.250000000004455,-74.83457189756913,intermediate,NX16_1_P20
57.27500000000446,-74.83477839403913,intermediate,NX16_1_P20
57.30000000000447,-74.83498463296382,intermediate,NX16_1_P20
57.32500000000447,-74.83519061466262,intermediate,NX16_1_P20
57.35000000000448,-74.83539633945459,intermediate,NX16_1_P20
57.37500000000448,-74.83560180765839,intermediate,NX16_1_P20
57.40000000000449,-74.83580701959231,intermediate,NX16_1_P20
57.425000000004495,-74.83601197557427,intermediate,NX16_1_P20
57.4500000000045,-74.83621667592178,intermediate,NX16_1_P20
57.475000000004506,-74.83642112095198,intermediate,NX16_1_P20
57.50000000000451,-74.83662531098167,intermediate,NX16_1_P20
57.52500000000452,-74.83682924632721,intermediate,NX16_1_P20
57.55000000000452,-74.83703292730463,intermediate,NX16_1_P20
57.57500000000453,-74.83723635422955,intermediate,NX16_1_P20
57.600000000004535,-74.83743952741722,intermediate,NX16_1_P20
57.62500000000454,-74.83764244718253,intermediate,NX16_1_P20
57.65000000000455,-74.83784511383996,intermediate,NX16_1_P20
57.67500000000455,-74.83804752770365,intermediate,NX16_1_P20
57.70000000000456,-74.83824968908735,intermediate,NX16_1_P20
57.72500000000456,-74.8384515983044,intermediate,NX16_1_P20
57.75000000000457,-74.83865325566782,intermediate,NX16_1_P20
57.775000000004574,-74.83885466149022,intermediate,NX16_1_P20
57.80000000000458,-74.83905581608384,intermediate,NX16_1_P20
57.825000000004586,-74.83925671976054,intermediate,NX16_1_P20
57.85000000000459,-74.83945737283183,intermediate,NX16_1_P20
57.8750000000046,-74.83965777560881,intermediate,NX16_1_P20
57.9000000000046,-74.83985792840224,intermediate,NX16_1_P20
57.92500000000461,-74.84005783152247,intermediate,NX16_1_P20
57.95000000000461,-74.84025748527951,intermediate,NX16_1_P20
57.97500000000462,-74.84045688998299,intermediate,NX16_1_P20
58.00000000000463,-74.84065604594215,intermediate,NX16_1_P20
58.02500000000463,-74.8408549534659,intermediate,NX16_1_P20
58.05000000000464,-74.8410536128627,intermediate,NX16_1_P20
58.07500000000464,-74.8412520244407,intermediate,NX16_1_P20
58.10000000000465,-74.84145018850771,intermediate,NX16_1_P20
58.125000000004654,-74.84164810537106,intermediate,NX16_1_P20
58.15000000000466,-74.84184577533782,intermediate,NX16_1_P20
58.175000000004665,-74.84204319871463,intermediate,NX16_1_P20
58.20000000000467,-74.84224037580778,intermediate,NX16_1_P20
58.22500000000468,-74.84243730692316,intermediate,NX16_1_P20
58.25000000000468,-74.84263399236634,intermediate,NX16_1_P20
58.27500000000469,-74.8428304324425,intermediate,NX16_1_P20
58.30000000000469,-74.84302662745644,intermediate,NX16_1_P20
58.3250000000047,-74.8432225777126,intermediate,NX16_1_P20
58.35000000000471,-74.84341828351505,intermediate,NX16_1_P20
58.37500000000471,-74.84361374516752,intermediate,NX16_1_P20
58.40000000000472,-74.84380896297331,intermediate,NX16_1_P20
58.42500000000472,-74.84400393723543,intermediate,NX16_1_P20
58.45000000000473,-74.84419866825647,intermediate,NX16_1_P20
58.475000000004734,-74.84439315633867,intermediate,NX16_1_P20
58.50000000000474,-74.8445874017839,intermediate,NX16_1_P20
58.525000000004745,-74.84478140489368,intermediate,NX16_1_P20
58.55000000000475,-74.84497516596916,intermediate,NX16_1_P20
58.57500000000476,-74.84516868531111,intermediate,NX16_1_P20
58.60000000000476,-74.84536196321994,intermediate,NX16_1_P20
58.62500000000477,-74.84555499999573,intermediate,NX16_1_P20
58.65000000000477,-74.84574779593815,intermediate,NX16_1_P20
58.67500000000478,-74.84594035134654,intermediate,NX16_1_P20
58.70000000000479,-74.84613266651985,intermediate,NX16_1_P20
58.72500000000479,-74.84632474175669,intermediate,NX16_1_P20
58.7500000000048,-74.8465165773553,intermediate,NX16_1_P20
58.7750000000048,-74.84670817361356,intermediate,NX16_1_P20
58.80000000000481,-74.84689953082899,intermediate,NX16_1_P20
58.82500000000481,-74.84709064929875,intermediate,NX16_1_P20
58.85000000000482,-74.84728152931962,intermediate,NX16_1_P20
58.875000000004825,-74.84747217118804,intermediate,NX16_1_P20
58.90000000000483,-74.84766257520012,intermediate,NX16_1_P20
58.92500000000484,-74.84785274165154,intermediate,NX16_1_P20
58.95000000000484,-74.84804267083766,intermediate,NX16_1_P20
58.97500000000485,-74.8482323630535,intermediate,NX16_1_P20
59.00000000000485,-74.84842181859369,intermediate,NX16_1_P20
59.02500000000486,-74.84861103775252,intermediate,NX16_1_P20
59.050000000004864,-74.84880002082392,intermediate,NX16_1_P20
59.07500000000487,-74.84898876810144,intermediate,NX16_1_P20
59.10000000000488,-74.8491772798783,intermediate,NX16_1_P20
59.12500000000488,-74.84936555644737,intermediate,NX16_1_P20
59.15000000000489,-74.84955359810114,intermediate,NX16_1_P20
59.17500000000489,-74.84974140513175,intermediate,NX16_1_P20
59.2000000000049,-74.849928977831,intermediate,NX16_1_P20
59.2250000000049,-74.85011631649031,intermediate,NX16_1_P20
59.25000000000491,-74.85030342140078,intermediate,NX16_1_P20
59.27500000000492,-74.85049029285312,intermediate,NX16_1_P20
59.30000000000492,-74.8506769311377,intermediate,NX16_1_P20
59.32500000000493,-74.85086333654455,intermediate,NX16_1_P20
59.35000000000493,-74.85104950936332,intermediate,NX16_1_P20
59.37500000000494,-74.85123544988332,intermediate,NX16_1_P20
59.400000000004944,-74.85142115839353,intermediate,NX16_1_P20
59.42500000000495,-74.85160663518255,intermediate,NX16_1_P20
59.45000000000496,-74.85179188053863,intermediate,NX16_1_P20
59.47500000000496,-74.85197689474967,intermediate,NX16_1_P20
59.50000000000497,-74.85216167810323,intermediate,NX16_1_P20
59.52500000000497,-74.85234623088651,intermediate,NX16_1_P20
59.55000000000498,-74.85253055338637,intermediate,NX16_1_P20
59.57500000000498,-74.85271464588931,intermediate,NX16_1_P20
59.60000000000499,-74.85289850868148,intermediate,NX16_1_P20
59.625000000005,-74.85308214204869,intermediate,NX16_1_P20
59.650000000005,-74.85326554627639,intermediate,NX16_1_P20
59.67500000000501,-74.8534487216497,intermediate,NX16_1_P20
59.70000000000501,-74.85363166845336,intermediate,NX16_1_P20
59.72500000000502,-74.8538143869718,intermediate,NX16_1_P20
59.75000000000502,-74.85399687748908,intermediate,NX16_1_P20
59.77500000000503,-74.8541791402889,intermediate,NX16_1_P20
59.80000000000504,-74.85436117565466,intermediate,NX16_1_P20
59.82500000000504,-74.85454298386937,intermediate,NX16_1_P20
59.850000000005046,-74.8547245652157,intermediate,NX16_1_P20
59.87500000000505,-74.854905919976,intermediate,NX16_1_P20
59.90000000000506,-74.85508704843225,intermediate,NX16_1_P20
59.92500000000506,-74.85526795086611,intermediate,NX16_1_P20
59.95000000000507,-74.85544862755886,intermediate,NX16_1_P20
59.97500000000508,-74.85562907879147,intermediate,NX16_1_P20
60.00000000000508,-74.85580930484453,intermediate,NX16_1_P20
60.025000000005086,-74.85598930599834,intermediate,NX16_1_P20
60.05000000000509,-74.8561690825328,intermediate,NX16_1_P20
60.0750000000051,-74.85634863472751,intermediate,NX16_1_P20
60.1000000000051,-74.85652796286172,intermediate,NX16_1_P20
60.12500000000511,-74.8567070672143,intermediate,NX16_1_P20
60.15000000000512,-74.85688594806385,intermediate,NX16_1_P20
60.17500000000512,-74.85706460568855,intermediate,NX16_1_P20
60.200000000005126,-74.85724304036628,intermediate,NX16_1_P20
60.22500000000513,-74.85742125237462,intermediate,NX16_1_P20
60.25000000000514,-74.85759924199071,intermediate,NX16_1_P20
60.27500000000514,-74.85777700949146,intermediate,NX16_1_P20
60.30000000000515,-74.85795455515334,intermediate,NX16_1_P20
60.325000000005154,-74.85813187925257,intermediate,NX16_1_P20
60.35000000000516,-74.85830898206495,intermediate,NX16_1_P20
60.375000000005166,-74.85848586386604,intermediate,NX16_1_P20
60.40000000000517,-74.85866252493095,intermediate,NX16_1_P20
60.42500000000518,-74.85883896553455,intermediate,NX16_1_P20
60.45000000000518,-74.85901518595129,intermediate,NX16_1_P20
60.47500000000519,-74.85919118645538,intermediate,NX16_1_P20
60.5000000000052,-74.85936696732058,intermediate,NX16_1_P20
60.5250000000052,-74.85954252882043,intermediate,NX16_1_P20
60.550000000005205,-74.85971787122803,intermediate,NX16_1_P20
60.57500000000521,-74.8598929948162,intermediate,NX16_1_P20
60.60000000000522,-74.86006789985746,intermediate,NX16_1_P20
60.62500000000522,-74.8602425866239,intermediate,NX16_1_P20
60.65000000000523,-74.86041705538736,intermediate,NX16_1_P20
60.675000000005234,-74.86059130641931,intermediate,NX16_1_P20
60.70000000000524,-74.86076533999089,intermediate,NX16_1_P20
60.725000000005245,-74.86093915637292,intermediate,NX16_1_P20
60.75000000000525,-74.86111275583586,intermediate,NX16_1_P20
60.77500000000526,-74.86128613864987,intermediate,NX16_1_P20
60.80000000000526,-74.86145930508475,intermediate,NX16_1_P20
60.82500000000527,-74.86163225541,intermediate,NX16_1_P20
60.85000000000528,-74.86180498989476,intermediate,NX16_1_P20
60.87500000000528,-74.86197750880785,intermediate,NX16_1_P20
60.900000000005285,-74.86214981241777,intermediate,NX16_1_P20
60.92500000000529,-74.86232190099267,intermediate,NX16_1_P20
60.950000000005296,-74.86249377480038,intermediate,NX16_1_P20
60.9750000000053,-74.86266543410841,intermediate,NX16_1_P20
61.00000000000531,-74.86283687918393,intermediate,NX16_1_P20
61.02500000000531,-74.86300811029378,intermediate,NX16_1_P20
61.05000000000532,-74.86317912770448,intermediate,NX16_1_P20
61.075000000005325,-74.86334993168222,intermediate,NX16_1_P20
61.10000000000533,-74.86352052249286,intermediate,NX16_1_P20
61.125000000005336,-74.86369090040193,intermediate,NX16_1_P20
61.15000000000534,-74.86386106567466,intermediate,NX16_1_P20
61.17500000000535,-74.8640310185759,intermediate,NX16_1_P20
61.20000000000535,-74.86420075937023,intermediate,NX16_1_P20
61.22500000000536,-74.86437028832187,intermediate,NX16_1_P20
61.250000000005365,-74.86453960569472,intermediate,NX16_1_P20
61.27500000000537,-74.86470871175237,intermediate,NX16_1_P20
61.300000000005376,-74.86487760675807,intermediate,NX16_1_P20
61.32500000000538,-74.86504629097475,intermediate,NX16_1_P20
61.35000000000539,-74.86521476466503,intermediate,NX16_1_P20
61.37500000000539,-74.86538302809119,intermediate,NX16_1_P20
61.4000000000054,-74.86555108151518,intermediate,NX16_1_P20
61.42500000000541,-74.86571892519865,intermediate,NX16_1_P20
61.45000000000541,-74.86588655940292,intermediate,NX16_1_P20
61.475000000005416,-74.86605398438898,intermediate,NX16_1_P20
61.50000000000542,-74.86622120041751,intermediate,NX16_1_P20
61.52500000000543,-74.86638820774887,intermediate,NX16_1_P20
61.55000000000543,-74.86655500664307,intermediate,NX16_1_P20
61.57500000000544,-74.86672159735983,intermediate,NX16_1_P20
61.60000000000544,-74.86688798015855,intermediate,NX16_1_P20
61.62500000000545,-74.86705415529829,intermediate,NX16_1_P20
61.650000000005456,-74.86722012303782,intermediate,NX16_1_P20
61.67500000000546,-74.86738588363556,intermediate,NX16_1_P20
61.70000000000547,-74.86755143734963,intermediate,NX16_1_P20
61.72500000000547,-74.86771678443783,intermediate,NX16_1_P20
61.75000000000548,-74.86788192515763,intermediate,NX16_1_P20
61.77500000000549,-74.8680468597662,intermediate,NX16_1_P20
61.80000000000549,-74.86821158852038,intermediate,NX16_1_P20
61.825000000005495,-74.86837611167671,intermediate,NX16_1_P20
61.8500000000055,-74.86854042949139,intermediate,NX16_1_P20
61.87500000000551,-74.86870454222031,intermediate,NX16_1_P20
61.90000000000551,-74.86886845011907,intermediate,NX16_1_P20
61.92500000000552,-74.86903215344292,intermediate,NX16_1_P20
61.95000000000552,-74.8691956524468,intermediate,NX16_1_P20
61.97500000000553,-74.86935894738538,intermediate,NX16_1_P20
62.000000000005535,-74.86952203851295,intermediate,NX16_1_P20
62.02500000000554,-74.86968492608352,intermediate,NX16_1_P20
62.05000000000555,-74.8698476103508,intermediate,NX16_1_P20
62.07500000000555,-74.87001009156816,intermediate,NX16_1_P20
62.10000000000556,-74.87017236998868,intermediate,NX16_1_P20
62.12500000000556,-74.8703344458651,intermediate,NX16_1_P20
62.15000000000557,-74.87049631944986,intermediate,NX16_1_P20
62.175000000005575,-74.8706579909951,intermediate,NX16_1_P20
62.20000000000558,-74.87081946075264,intermediate,NX16_1_P20
62.22500000000559,-74.870980728974,intermediate,NX16_1_P20
62.25000000000559,-74.87114179591036,intermediate,NX16_1_P20
62.2750000000056,-74.87130266181263,intermediate,NX16_1_P20
62.3000000000056,-74.87146332693138,intermediate,NX16_1_P20
62.32500000000561,-74.87162379151687,intermediate,NX16_1_P20
62.350000000005615,-74.87178405581906,intermediate,NX16_1_P20
62.37500000000562,-74.8719441200876,intermediate,NX16_1_P20
62.400000000005626,-74.87210398457186,intermediate,NX16_1_P20
62.42500000000563,-74.87226364952086,intermediate,NX16_1_P20
62.45000000000564,-74.87242311518331,intermediate,NX16_1_P20
62.47500000000564,-74.87258238180765,intermediate,NX16_1_P20
62.50000000000565,-74.87274144964198,intermediate,NX16_1_P20
62.52500000000565,-74.87290031893411,intermediate,NX16_1_P20
62.55000000000566,-74.87305898993155,intermediate,NX16_1_P20
62.57500000000567,-74.87321746288148,intermediate,NX16_1_P20
62.60000000000567,-74.8733757380308,intermediate,NX16_1_P20
62.62500000000568,-74.87353381562609,intermediate,NX16_1_P20
62.65000000000568,-74.87369169591362,intermediate,NX16_1_P20
62.67500000000569,-74.87384937913937,intermediate,NX16_1_P20
62.700000000005694,-74.874006865549,intermediate,NX16_1_P20
62.7250000000057,-74.8741641553879,intermediate,NX16_1_P20
62.750000000005706,-74.87432124890111,intermediate,NX16_1_P20
62.77500000000571,-74.8744781463334,intermediate,NX16_1_P20
62.80000000000572,-74.87463484792923,intermediate,NX16_1_P20
62.82500000000572,-74.87479135393274,intermediate,NX16_1_P20
62.85000000000573,-74.87494766458778,intermediate,NX16_1_P20
62.87500000000573,-74.87510378013792,intermediate,NX16_1_P20
62.90000000000574,-74.87525970082639,intermediate,NX16_1_P20
62.92500000000575,-74.87541542689615,intermediate,NX16_1_P20
62.95000000000575,-74.87557095858986,intermediate,NX16_1_P20
62.97500000000576,-74.87572629614984,intermediate,NX16_1_P20
63.00000000000576,-74.87588143981814,intermediate,NX16_1_P20
63.02500000000577,-74.87603638983653,intermediate,NX16_1_P20
63.050000000005774,-74.87619114644644,intermediate,NX16_1_P20
63.07500000000578,-74.87634570988904,intermediate,NX16_1_P20
63.100000000005785,-74.87650008040515,intermediate,NX16_1_P20
63.12500000000579,-74.87665425823535,intermediate,NX16_1_P20
63.1500000000058,-74.87680824361988,intermediate,NX16_1_P20
63.1750000000058,-74.8769620367987,intermediate,NX16_1_P20
63.20000000000581,-74.87711563801147,intermediate,NX16_1_P20
63.22500000000581,-74.87726904749756,intermediate,NX16_1_P20
63.25000000000582,-74.87742226549605,intermediate,NX16_1_P20
63.27500000000583,-74.8775752922457,intermediate,NX16_1_P20
63.30000000000583,-74.87772812798497,intermediate,NX16_1_P20
63.32500000000584,-74.87788077295205,intermediate,NX16_1_P20
63.35000000000584,-74.87803322738483,intermediate,NX16_1_P20
63.37500000000585,-74.87818549152091,intermediate,NX16_1_P20
63.40000000000585,-74.87833756559758,intermediate,NX16_1_P20
63.42500000000586,-74.87848944985183,intermediate,NX16_1_P20
63.450000000005865,-74.87864114452039,intermediate,NX16_1_P20
63.47500000000587,-74.87879264983965,intermediate,NX16_1_P20
63.50000000000588,-74.87894396604577,intermediate,NX16_1_P20
63.52500000000588,-74.87909509337454,intermediate,NX16_1_P20
63.55000000000589,-74.87924603206152,intermediate,NX16_1_P20
63.57500000000589,-74.87939678234196,intermediate,NX16_1_P20
63.6000000000059,-74.8795473444508,intermediate,NX16_1_P20
63.62500000000591,-74.87969771862271,intermediate,NX16_1_P20
63.65000000000591,-74.87984790509206,intermediate,NX16_1_P20
63.67500000000592,-74.87999790409295,intermediate,NX16_1_P20
63.70000000000592,-74.88014771585915,intermediate,NX16_1_P20
63.72500000000593,-74.88029734062418,intermediate,NX16_1_P20
63.75000000000593,-74.88044677862123,intermediate,NX16_1_P20
63.77500000000594,-74.88059603008324,intermediate,NX16_1_P20
63.80000000000594,-74.88074509524286,intermediate,NX16_1_P20
63.82500000000595,-74.8808939743324,intermediate,NX16_1_P20
63.85000000000596,-74.88104266758394,intermediate,NX16_1_P20
63.87500000000596,-74.88119117522925,intermediate,NX16_1_P20
63.90000000000597,-74.88133949749982,intermediate,NX16_1_P20
63.92500000000597,-74.88148763462684,intermediate,NX16_1_P20
63.95000000000598,-74.8816355868412,intermediate,NX16_1_P20
63.975000000005984,-74.88178335437355,intermediate,NX16_1_P20
64.00000000000598,-74.88193093745423,intermediate,NX16_1_P20
64.02500000000599,-74.88207833631326,intermediate,NX16_1_P20
64.050000000006,-74.88222555118044,intermediate,NX16_1_P20
64.075000000006,-74.88237258228523,intermediate,NX16_1_P20
64.100000000006,-74.88251942985684,intermediate,NX16_1_P20
64.12500000000601,-74.88266609412418,intermediate,NX16_1_P20
64.15000000000602,-74.88281257531587,intermediate,NX16_1_P20
64.17500000000602,-74.88295887366026,intermediate,NX16_1_P20
64.20000000000603,-74.88310498938542,intermediate,NX16_1_P20
64.22500000000603,-74.8832509227191,intermediate,NX16_1_P20
64.25000000000604,-74.88339667388884,intermediate,NX16_1_P20
64.27500000000605,-74.88354224312181,intermediate,NX16_1_P20
64.30000000000605,-74.88368763064497,intermediate,NX16_1_P20
64.32500000000606,-74.88383283668496,intermediate,NX16_1_P20
64.35000000000606,-74.88397786146814,intermediate,NX16_1_P20
64.37500000000607,-74.88412270522062,intermediate,NX16_1_P20
64.40000000000607,-74.8842673681682,intermediate,NX16_1_P20
64.42500000000608,-74.88441185053638,intermediate,NX16_1_P20
64.45000000000609,-74.88455615255045,intermediate,NX16_1_P20
64.47500000000609,-74.88470027443533,intermediate,NX16_1_P20
64.5000000000061,-74.88484421641576,intermediate,NX16_1_P20
64.5250000000061,-74.88498797871611,intermediate,NX16_1_P20
64.55000000000611,-74.88513156156053,intermediate,NX16_1_P20
64.57500000000611,-74.88527496517285,intermediate,NX16_1_P20
64.60000000000612,-74.88541818977667,intermediate,NX16_1_P20
64.62500000000612,-74.88556123559529,intermediate,NX16_1_P20
64.65000000000613,-74.8857041028517,intermediate,NX16_1_P20
64.67500000000614,-74.88584679176867,intermediate,NX16_1_P20
64.70000000000614,-74.88598930256866,intermediate,NX16_1_P20
64.72500000000615,-74.88613163547384,intermediate,NX16_1_P20
64.75000000000615,-74.88627379070616,intermediate,NX16_1_P20
64.77500000000616,-74.88641576848724,intermediate,NX16_1_P20
64.80000000000616,-74.88655756903843,intermediate,NX16_1_P20
64.82500000000617,-74.88669919258083,intermediate,NX16_1_P20
64.85000000000618,-74.88684063933526,intermediate,NX16_1_P20
64.87500000000618,-74.88698190952225,intermediate,NX16_1_P20
64.90000000000619,-74.88712300336208,intermediate,NX16_1_P20
64.9250000000062,-74.88726392107472,intermediate,NX16_1_P20
64.9500000000062,-74.8874046628799,intermediate,NX16_1_P20
64.9750000000062,-74.88754522899707,intermediate,NX16_1_P20
65.00000000000621,-74.8876856196454,intermediate,NX16_1_P20
65.02500000000622,-74.88782583504378,intermediate,NX16_1_P20
65.05000000000622,-74.88796587541087,intermediate,NX16_1_P20
65.07500000000623,-74.88810574096499,intermediate,NX16_1_P20
65.10000000000623,-74.88824543192425,intermediate,NX16_1_P20
65.12500000000624,-74.88838494850644,intermediate,NX16_1_P20
65.15000000000624,-74.88852429092914,intermediate,NX16_1_P20
65.17500000000625,-74.8886634594096,intermediate,NX16_1_P20
65.20000000000626,-74.88880245416483,intermediate,NX16_1_P20
65.22500000000626,-74.88894127541157,intermediate,NX16_1_P20
65.25000000000627,-74.88907992336627,intermediate,NX16_1_P20
65.27500000000627,-74.88921839824515,intermediate,NX16_1_P20
65.30000000000628,-74.8893567002641,intermediate,NX16_1_P20
65.32500000000628,-74.88949482963882,intermediate,NX16_1_P20
65.35000000000629,-74.88963278658468,intermediate,NX16_1_P20
65.3750000000063,-74.88977057131682,intermediate,NX16_1_P20
65.4000000000063,-74.88990818405007,intermediate,NX16_1_P20
65.4250000000063,-74.89004562499903,intermediate,NX16_1_P20
65.45000000000631,-74.89018289437803,intermediate,NX16_1_P20
65.47500000000632,-74.89031999240112,intermediate,NX16_1_P20
65.50000000000632,-74.89045691928209,intermediate,NX16_1_P20
65.52500000000633,-74.89059367523446,intermediate,NX16_1_P20
65.55000000000634,-74.89073026047149,intermediate,NX16_1_P20
65.57500000000634,-74.89086667520617,intermediate,NX16_1_P20
65.60000000000635,-74.89100291965124,intermediate,NX16_1_P20
65.62500000000635,-74.89113899401917,intermediate,NX16_1_P20
65.65000000000636,-74.89127489852214,intermediate,NX16_1_P20
65.67500000000636,-74.8914106333721,intermediate,NX16_1_P20
65.70000000000637,-74.89154619878072,intermediate,NX16_1_P20
65.72500000000637,-74.8916815949594,intermediate,NX16_1_P20
65.75000000000638,-74.8918168221193,intermediate,NX16_1_P20
65.77500000000639,-74.8919518804713,intermediate,NX16_1_P20
65.80000000000639,-74.892086770226,intermediate,NX16_1_P20
65.8250000000064,-74.8922214915938,intermediate,NX16_1_P20
65.8500000000064,-74.89235604478478,intermediate,NX16_1_P20
65.87500000000641,-74.89249043000876,intermediate,NX16_1_P20
65.90000000000641,-74.89262464747534,intermediate,NX16_1_P20
65.92500000000642,-74.89275869739383,intermediate,NX16_1_P20
65.95000000000643,-74.89289257997328,intermediate,NX16_1_P20
65.97500000000643,-74.89302629542247,intermediate,NX16_1_P20
66.00000000000644,-74.89315984394997,intermediate,NX16_1_P20
66.02500000000644,-74.89329322576403,intermediate,NX16_1_P20
66.05000000000645,-74.89342644107268,intermediate,NX16_1_P20
66.07500000000645,-74.89355949008367,intermediate,NX16_1_P20
66.10000000000646,-74.89369237300451,intermediate,NX16_1_P20
66.12500000000647,-74.89382509004243,intermediate,NX16_1_P20
66.15000000000647,-74.89395764140441,intermediate,NX16_1_P20
66.17500000000648,-74.8940900272972,intermediate,NX16_1_P20
66.20000000000648,-74.89422224792725,intermediate,NX16_1_P20
66.22500000000649,-74.89435430350078,intermediate,NX16_1_P20
66.2500000000065,-74.89448619422373,intermediate,NX16_1_P20
66.2750000000065,-74.89461792030183,intermediate,NX16_1_P20
66.3000000000065,-74.8947494819405,intermediate,NX16_1_P20
66.32500000000651,-74.89488087934492,intermediate,NX16_1_P20
66.35000000000652,-74.89501211272005,intermediate,NX16_1_P20
66.37500000000652,-74.89514318227056,intermediate,NX16_1_P20
66.40000000000653,-74.89527408820085,intermediate,NX16_1_P20
66.42500000000653,-74.89540483071512,intermediate,NX16_1_P20
66.45000000000654,-74.89553541001726,intermediate,NX16_1_P20
66.47500000000655,-74.89566582631095,intermediate,NX16_1_P20
66.50000000000655,-74.8957960797996,intermediate,NX16_1_P20
66.52500000000656,-74.89592617068634,intermediate,NX16_1_P20
66.55000000000656,-74.89605609917407,intermediate,NX16_1_P20
66.57500000000657,-74.89618586546548,intermediate,NX16_1_P20
66.60000000000657,-74.89631546976294,intermediate,NX16_1_P20
66.62500000000658,-74.89644491226858,intermediate,NX16_1_P20
66.65000000000659,-74.89657419318432,intermediate,NX16_1_P20
66.67500000000659,-74.8967033127118,intermediate,NX16_1_P20
66.7000000000066,-74.89683227105239,intermediate,NX16_1_P20
66.7250000000066,-74.89696106840724,intermediate,NX16_1_P20
66.75000000000661,-74.89708970497725,intermediate,NX16_1_P20
66.77500000000661,-74.89721818096305,intermediate,NX16_1_P20
66.80000000000662,-74.89734649656505,intermediate,NX16_1_P20
66.82500000000663,-74.89747465198336,intermediate,NX16_1_P20
66.85000000000663,-74.89760264741788,intermediate,NX16_1_P20
66.87500000000664,-74.89773048306827,intermediate,NX16_1_P20
66.90000000000664,-74.89785815913392,intermediate,NX16_1_P20
66.92500000000665,-74.89798567581397,intermediate,NX16_1_P20
66.95000000000665,-74.89811303330731,intermediate,NX16_1_P20
66.97500000000666,-74.89824023181261,intermediate,NX16_1_P20
67.00000000000666,-74.89836727152826,intermediate,NX16_1_P20
67.02500000000667,-74.8984941526524,intermediate,NX16_1_P20
67.05000000000668,-74.89862087538299,intermediate,NX16_1_P20
67.07500000000668,-74.89874743991764,intermediate,NX16_1_P20
67.10000000000669,-74.8988738464538,intermediate,NX16_1_P20
67.1250000000067,-74.89900009518863,intermediate,NX16_1_P20
67.1500000000067,-74.89912618631905,intermediate,NX16_1_P20
67.1750000000067,-74.89925212004175,intermediate,NX16_1_P20
67.20000000000671,-74.89937789655316,intermediate,NX16_1_P20
67.22500000000672,-74.89950351604949,intermediate,NX16_1_P20
67.25000000000672,-74.89962897872667,intermediate,NX16_1_P20
67.27500000000673,-74.89975428478039,intermediate,NX16_1_P20
67.30000000000673,-74.89987943440613,intermediate,NX16_1_P20
67.32500000000674,-74.9000044277991,intermediate,NX16_1_P20
67.35000000000674,-74.90012926515428,intermediate,NX16_1_P20
67.37500000000675,-74.90025394666638,intermediate,NX16_1_P20
67.40000000000676,-74.90037847252991,intermediate,NX16_1_P20
67.42500000000676,-74.9005028429391,intermediate,NX16_1_P20
67.45000000000677,-74.90062705808796,intermediate,NX16_1_P20
67.47500000000677,-74.90075111817026,intermediate,NX16_1_P20
67.50000000000678,-74.90087502337951,intermediate,NX16_1_P20
67.52500000000678,-74.90099877390898,intermediate,NX16_1_P20
67.55000000000679,-74.90112236995174,intermediate,NX16_1_P20
67.5750000000068,-74.90124581170055,intermediate,NX16_1_P20
67.6000000000068,-74.90136909934799,intermediate,NX16_1_P20
67.6250000000068,-74.90149223308637,intermediate,NX16_1_P20
67.65000000000681,-74.90161521310777,intermediate,NX16_1_P20
67.67500000000682,-74.90173803960406,intermediate,NX16_1_P20
67.70000000000682,-74.90186071276679,intermediate,NX16_1_P20
67.72500000000683,-74.90198323278734,intermediate,NX16_1_P20
67.75000000000684,-74.90210559985685,intermediate,NX16_1_P20
67.77500000000684,-74.90222781416621,intermediate,NX16_1_P20
67.80000000000685,-74.90234987590604,intermediate,NX16_1_P20
67.82500000000685,-74.90247178526675,intermediate,NX16_1_P20
67.85000000000686,-74.90259354243855,intermediate,NX16_1_P20
67.87500000000686,-74.90271514761135,intermediate,NX16_1_P20
67.90000000000687,-74.90283660097484,intermediate,NX16_1_P20
67.92500000000688,-74.9029579027185,intermediate,NX16_1_P20
67.95000000000688,-74.90307905303155,intermediate,NX16_1_P20
67.97500000000689,-74.90320005210299,intermediate,NX16_1_P20
68.00000000000689,-74.90332090012157,intermediate,NX16_1_P20
68.0250000000069,-74.90344159727582,intermediate,NX16_1_P20
68.0500000000069,-74.903562143754,intermediate,NX16_1_P20
68.07500000000691,-74.9036825397442,intermediate,NX16_1_P20
68.10000000000692,-74.9038027854342,intermediate,NX16_1_P20
68.12500000000692,-74.9039228810116,intermediate,NX16_1_P20
68.15000000000693,-74.90404282666375,intermediate,NX16_1_P20
68.17500000000693,-74.90416262257777,intermediate,NX16_1_P20
68.20000000000694,-74.90428226894055,intermediate,NX16_1_P20
68.22500000000694,-74.90440176593872,intermediate,NX16_1_P20
68.25000000000695,-74.9045211137587,intermediate,NX16_1_P20
68.27500000000695,-74.9046403125867,intermediate,NX16_1_P20
68.30000000000696,-74.90475936260863,intermediate,NX16_1_P20
68.32500000000697,-74.90487826401025,intermediate,NX16_1_P20
68.35000000000697,-74.90499701697703,intermediate,NX16_1_P20
68.37500000000698,-74.90511562169424,intermediate,NX16_1_P20
68.40000000000698,-74.90523407834691,intermediate,NX16_1_P20
68.42500000000699,-74.90535238711982,intermediate,NX16_1_P20
68.450000000007,-74.90547054819756,intermediate,NX16_1_P20
68.475000000007,-74.90558856176445,intermediate,NX16_1_P20
68.500000000007,-74.9057064280046,intermediate,NX16_1_P20
68.52500000000701,-74.90582414710191,intermediate,NX16_1_P20
68.55000000000702,-74.90594171923999,intermediate,NX16_1_P20
68.57500000000702,-74.9060591446023,intermediate,NX16_1_P20
68.60000000000703,-74.906176423372,intermediate,NX16_1_P20
68.62500000000703,-74.90629355573208,intermediate,NX16_1_P20
68.65000000000704,-74.90641054186526,intermediate,NX16_1_P20
68.67500000000705,-74.90652738195404,intermediate,NX16_1_P20
68.70000000000705,-74.90664407618071,intermediate,NX16_1_P20
68.72500000000706,-74.90676062472733,intermediate,NX16_1_P20
68.75000000000706,-74.90687702777572,intermediate,NX16_1_P20
68.77500000000707,-74.90699328550747,intermediate,NX16_1_P20
68.80000000000707,-74.90710939810397,intermediate,NX16_1_P20
68.82500000000708,-74.90722536574636,intermediate,NX16_1_P20
68.85000000000709,-74.90734118861556,intermediate,NX16_1_P20
68.87500000000709,-74.90745686689226,intermediate,NX16_1_P20
68.9000000000071,-74.90757240075695,intermediate,NX16_1_P20
68.9250000000071,-74.90768779038984,intermediate,NX16_1_P20
68.95000000000711,-74.90780303597099,intermediate,NX16_1_P20
68.97500000000711,-74.90791813768017,intermediate,NX16_1_P20
69.00000000000712,-74.90803309569698,intermediate,NX16_1_P20
69.02500000000713,-74.90814791020074,intermediate,NX16_1_P20
69.05000000000713,-74.90826258137058,intermediate,NX16_1_P20
69.07500000000714,-74.90837710938541,intermediate,NX16_1_P20
69.10000000000714,-74.90849149442391,intermediate,NX16_1_P20
69.12500000000715,-74.90860573666454,intermediate,NX16_1_P20
69.15000000000715,-74.90871983628553,intermediate,NX16_1_P20
69.17500000000716,-74.90883379346488,intermediate,NX16_1_P20
69.20000000000717,-74.90894760838039,intermediate,NX16_1_P20
69.22500000000717,-74.90906128120962,intermediate,NX16_1_P20
69.25000000000718,-74.90917481212993,intermediate,NX16_1_P20
69.27500000000718,-74.90928820131843,intermediate,NX16_1_P20
69.30000000000719,-74.90940144895205,intermediate,NX16_1_P20
69.3250000000072,-74.90951455520745,intermediate,NX16_1_P20
69.3500000000072,-74.9096275202611,intermediate,NX16_1_P20
69.3750000000072,-74.90974034428923,intermediate,NX16_1_P20
69.40000000000721,-74.9098530274679,intermediate,NX16_1_P20
69.42500000000722,-74.9099655699729,intermediate,NX16_1_P20
69.45000000000722,-74.91007797197979,intermediate,NX16_1_P20
69.47500000000723,-74.91019023366397,intermediate,NX16_1_P20
69.50000000000723,-74.91030235520057,intermediate,NX16_1_P20
69.52500000000724,-74.91041433676452,intermediate,NX16_1_P20
69.55000000000724,-74.91052617853055,intermediate,NX16_1_P20
69.57500000000725,-74.91063788067312,intermediate,NX16_1_P20
69.60000000000726,-74.91074944336654,intermediate,NX16_1_P20
69.62500000000726,-74.91086086678486,intermediate,NX16_1_P20
69.65000000000727,-74.9109721511019,intermediate,NX16_1_P20
69.67500000000727,-74.91108329649131,intermediate,NX16_1_P20
69.70000000000728,-74.91119430312649,intermediate,NX16_1_P20
69.72500000000728,-74.91130517118064,intermediate,NX16_1_P20
69.75000000000729,-74.91141590082674,intermediate,NX16_1_P20
69.7750000000073,-74.91152649223753,intermediate,NX16_1_P20
69.8000000000073,-74.91163694558557,intermediate,NX16_1_P20
69.82500000000731,-74.91174726104319,intermediate,NX16_1_P20
69.85000000000731,-74.91185743878249,intermediate,NX16_1_P20
69.87500000000732,-74.9119674789754,intermediate,NX16_1_P20
69.90000000000732,-74.91207738179358,intermediate,NX16_1_P20
69.92500000000733,-74.91218714740852,intermediate,NX16_1_P20
69.95000000000734,-74.91229677599146,intermediate,NX16_1_P20
69.97500000000734,-74.91240626771346,intermediate,NX16_1_P20
70.00000000000735,-74.91251562274536,intermediate,NX16_1_P20
70.02500000000735,-74.91262484125777,intermediate,NX16_1_P20
70.05000000000736,-74.91273392342107,intermediate,NX16_1_P20
70.07500000000736,-74.9128428694055,intermediate,NX16_1_P20
70.10000000000737,-74.91295167938101,intermediate,NX16_1_P20
70.12500000000738,-74.91306035351738,intermediate,NX16_1_P20
70.15000000000738,-74.91316889198417,intermediate,NX16_1_P20
70.17500000000739,-74.91327729495072,intermediate,NX16_1_P20
70.20000000000739,-74.91338556258616,intermediate,NX16_1_P20
70.2250000000074,-74.91349369505942,intermediate,NX16_1_P20
70.2500000000074,-74.91360169253922,intermediate,NX16_1_P20
70.27500000000741,-74.91370955519406,intermediate,NX16_1_P20
70.30000000000742,-74.91381728319223,intermediate,NX16_1_P20
70.32500000000742,-74.91392487670181,intermediate,NX16_1_P20
70.35000000000743,-74.91403233589068,intermediate,NX16_1_P20
70.37500000000743,-74.91413966092651,intermediate,NX16_1_P20
70.40000000000744,-74.91424685197673,intermediate,NX16_1_P20
70.42500000000744,-74.91435390920861,intermediate,NX16_1_P20
70.45000000000745,-74.91446083278919,intermediate,NX16_1_P20
70.47500000000746,-74.91456762288529,intermediate,NX16_1_P20
70.50000000000746,-74.91467427966352,intermediate,NX16_1_P20
70.52500000000747,-74.9147808032903,intermediate,NX16_1_P20
70.55000000000747,-74.91488719393185,intermediate,NX16_1_P20
70.57500000000748,-74.91499345175416,intermediate,NX16_1_P20
70.60000000000748,-74.91509957692301,intermediate,NX16_1_P20
70.62500000000749,-74.91520556960401,intermediate,NX16_1_P20
70.6500000000075,-74.91531142996253,intermediate,NX16_1_P20
70.6750000000075,-74.91541715816372,intermediate,NX16_1_P20
70.7000000000075,-74.91552275437257,intermediate,NX16_1_P20
70.72500000000751,-74.91562821875382,intermediate,NX16_1_P20
70.75000000000752,-74.91573355147206,intermediate,NX16_1_P20
70.77500000000752,-74.9158387526916,intermediate,NX16_1_P20
70.80000000000753,-74.91594382257661,intermediate,NX16_1_P20
70.82500000000753,-74.91604876129101,intermediate,NX16_1_P20
70.85000000000754,-74.91615356899855,intermediate,NX16_1_P20
70.87500000000755,-74.91625824586276,intermediate,NX16_1_P20
70.90000000000755,-74.91636279204697,intermediate,NX16_1_P20
70.92500000000756,-74.91646720771429,intermediate,NX16_1_P20
70.95000000000756,-74.91657149302766,intermediate,NX16_1_P20
70.97500000000757,-74.91667564814978,intermediate,NX16_1_P20
71.00000000000757,-74.91677967324317,intermediate,NX16_1_P20
71.02500000000758,-74.91688356847014,intermediate,NX16_1_P20
71.05000000000759,-74.9169873339928,intermediate,NX16_1_P20
71.07500000000759,-74.91709096997305,intermediate,NX16_1_P20
71.1000000000076,-74.9171944765726,intermediate,NX16_1_P20
71.1250000000076,-74.91729785395296,intermediate,NX16_1_P20
71.15000000000761,-74.91740110227542,intermediate,NX16_1_P20
71.17500000000761,-74.91750422170108,intermediate,NX16_1_P20
71.20000000000762,-74.91760721239085,intermediate,NX16_1_P20
71.22500000000763,-74.91771007450542,intermediate,NX16_1_P20
71.25000000000763,-74.9178128082053,intermediate,NX16_1_P20
71.27500000000764,-74.91791541365077,intermediate,NX16_1_P20
71.30000000000764,-74.91801789100194,intermediate,NX16_1_P20
71.32500000000765,-74.9181202404187,intermediate,NX16_1_P20
71.35000000000765,-74.91822246206075,intermediate,NX16_1_P20
71.37500000000766,-74.9183245560876,intermediate,NX16_1_P20
71.40000000000767,-74.91842652265855,intermediate,NX16_1_P20
71.42500000000767,-74.91852836193269,intermediate,NX16_1_P20
71.45000000000768,-74.91863007406891,intermediate,NX16_1_P20
71.47500000000768,-74.91873165922595,intermediate,NX16_1_P20
71.50000000000769,-74.9188331175623,intermediate,NX16_1_P20
71.5250000000077,-74.91893444923627,intermediate,NX16_1_P20
71.5500000000077,-74.91903565440597,intermediate,NX16_1_P20
71.5750000000077,-74.91913673322932,intermediate,NX16_1_P20
71.60000000000771,-74.91923768586403,intermediate,NX16_1_P20
71.62500000000772,-74.91933851246763,intermediate,NX16_1_P20
71.65000000000772,-74.91943921319745,intermediate,NX16_1_P20
71.67500000000773,-74.9195397882106,intermediate,NX16_1_P20
71.70000000000773,-74.91964023766401,intermediate,NX16_1_P20
71.72500000000774,-74.91974056171445,intermediate,NX16_1_P20
71.75000000000774,-74.91984076051843,intermediate,NX16_1_P20
71.77500000000775,-74.91994083423229,intermediate,NX16_1_P20
71.80000000000776,-74.9200407830122,intermediate,NX16_1_P20
71.82500000000776,-74.92014060701412,intermediate,NX16_1_P20
71.85000000000777,-74.9202403063938,intermediate,NX16_1_P20
71.87500000000777,-74.92033988130679,intermediate,NX16_1_P20
71.90000000000778,-74.9204393319085,intermediate,NX16_1_P20
71.92500000000778,-74.92053865835408,intermediate,NX16_1_P20
71.95000000000779,-74.92063786079852,intermediate,NX16_1_P20
71.9750000000078,-74.92073693939663,intermediate,NX16_1_P20
72.0000000000078,-74.920835894303,intermediate,NX16_1_P20
72.02500000000781,-74.92093472567201,intermediate,NX16_1_P20
72.05000000000781,-74.92103343365791,intermediate,NX16_1_P20
72.07500000000782,-74.92113201841471,intermediate,NX16_1_P20
72.10000000000782,-74.92123048009623,intermediate,NX16_1_P20
72.12500000000783,-74.92132881885611,intermediate,NX16_1_P20
72.15000000000784,-74.9214270348478,intermediate,NX16_1_P20
72.17500000000784,-74.92152512822454,intermediate,NX16_1_P20
72.20000000000785,-74.92162309913942,intermediate,NX16_1_P20
72.22500000000785,-74.92172094774529,intermediate,NX16_1_P20
72.25000000000786,-74.92181867419484,intermediate,NX16_1_P20
72.27500000000786,-74.92191627864054,intermediate,NX16_1_P20
72.30000000000787,-74.92201376123472,intermediate,NX16_1_P20
72.32500000000788,-74.92211112212948,intermediate,NX16_1_P20
72.35000000000788,-74.92220836147672,intermediate,NX16_1_P20
72.37500000000789,-74.9223054794282,intermediate,NX16_1_P20
72.40000000000789,-74.92240247613545,intermediate,NX16_1_P20
72.4250000000079,-74.92249935174982,intermediate,NX16_1_P20
72.4500000000079,-74.92259610642247,intermediate,NX16_1_P20
72.47500000000791,-74.92269274030438,intermediate,NX16_1_P20
72.50000000000792,-74.92278925354634,intermediate,NX16_1_P20
72.52500000000792,-74.92288564629895,intermediate,NX16_1_P20
72.55000000000793,-74.92298191871261,intermediate,NX16_1_P20
72.57500000000793,-74.92307807093755,intermediate,NX16_1_P20
72.60000000000794,-74.9231741031238,intermediate,NX16_1_P20
72.62500000000794,-74.92327001542122,intermediate,NX16_1_P20
72.65000000000795,-74.92336580797945,intermediate,NX16_1_P20
72.67500000000796,-74.92346148094799,intermediate,NX16_1_P20
72.70000000000796,-74.92355703447612,intermediate,NX16_1_P20
72.72500000000797,-74.92365246871292,intermediate,NX16_1_P20
72.75000000000797,-74.92374778380733,intermediate,NX16_1_P20
72.77500000000798,-74.92384297990807,intermediate,NX16_1_P20
72.80000000000798,-74.9239380571637,intermediate,NX16_1_P20
72.82500000000799,-74.92403301572256,intermediate,NX16_1_P20
72.850000000008,-74.92412785573283,intermediate,NX16_1_P20
72.875000000008,-74.92422257734249,intermediate,NX16_1_P20
72.900000000008,-74.92431718069936,intermediate,NX16_1_P20
72.92500000000801,-74.92441166595106,intermediate,NX16_1_P20
72.95000000000802,-74.92450603324501,intermediate,NX16_1_P20
72.97500000000802,-74.92460028272848,intermediate,NX16_1_P20
73.00000000000803,-74.92469441454853,intermediate,NX16_1_P20
73.02500000000803,-74.92478842885203,intermediate,NX16_1_P20
73.05000000000804,-74.92488232578569,intermediate,NX16_1_P20
73.07500000000805,-74.92497610549604,intermediate,NX16_1_P20
73.10000000000805,-74.92506976812942,intermediate,NX16_1_P20
73.12500000000806,-74.92516331383196,intermediate,NX16_1_P20
73.15000000000806,-74.92525674274964,intermediate,NX16_1_P20
73.17500000000807,-74.92535005502825,intermediate,NX16_1_P20
73.20000000000807,-74.92544325081339,intermediate,NX16_1_P20
73.22500000000808,-74.92553633025048,intermediate,NX16_1_P20
73.25000000000809,-74.92562929348479,intermediate,NX16_1_P20
73.27500000000809,-74.92572214066136,intermediate,NX16_1_P20
73.3000000000081,-74.92581487192507,intermediate,NX16_1_P20
73.3250000000081,-74.92590748742063,intermediate,NX16_1_P20
73.35000000000811,-74.92599998729256,intermediate,NX16_1_P20
73.37500000000811,-74.92609237168519,intermediate,NX16_1_P20
73.40000000000812,-74.92618464074268,intermediate,NX16_1_P20
73.42500000000813,-74.92627679460901,intermediate,NX16_1_P20
73.45000000000813,-74.92636883342799,intermediate,NX16_1_P20
73.47500000000814,-74.92646075734322,intermediate,NX16_1_P20
73.50000000000814,-74.92655256649815,intermediate,NX16_1_P20
73.52500000000815,-74.92664426103605,intermediate,NX16_1_P20
73.55000000000815,-74.9267358411,intermediate,NX16_1_P20
73.57500000000816,-74.92682730683289,intermediate,NX16_1_P20
73.60000000000817,-74.92691865837747,intermediate,NX16_1_P20
73.62500000000817,-74.92700989587628,intermediate,NX16_1_P20
73.65000000000818,-74.92710101947168,intermediate,NX16_1_P20
73.67500000000818,-74.92719202930586,intermediate,NX16_1_P20
73.70000000000819,-74.92728292552084,intermediate,NX16_1_P20
73.7250000000082,-74.92737370825847,intermediate,NX16_1_P20
73.7500000000082,-74.92746437766041,intermediate,NX16_1_P20
73.7750000000082,-74.92755493386812,intermediate,NX16_1_P20
73.80000000000821,-74.92764537702294,intermediate,NX16_1_P20
73.82500000000822,-74.92773570726597,intermediate,NX16_1_P20
73.85000000000822,-74.92782592473819,intermediate,NX16_1_P20
73.87500000000823,-74.92791602958036,intermediate,NX16_1_P20
73.90000000000823,-74.92800602193309,intermediate,NX16_1_P20
73.92500000000824,-74.92809590193681,intermediate,NX16_1_P20
73.95000000000825,-74.92818566973179,intermediate,NX16_1_P20
73.97500000000825,-74.92827532545807,intermediate,NX16_1_P20
74.00000000000826,-74.92836486925559,intermediate,NX16_1_P20
74.02500000000826,-74.92845430126404,intermediate,NX16_1_P20
74.05000000000827,-74.928543621623,intermediate,NX16_1_P20
74.07500000000827,-74.92863283047186,intermediate,NX16_1_P20
74.10000000000828,-74.9287219279498,intermediate,NX16_1_P20
74.12500000000828,-74.92881091419586,intermediate,NX16_1_P20
74.15000000000829,-74.92889978934892,intermediate,NX16_1_P20
74.1750000000083,-74.92898855354763,intermediate,NX16_1_P20
74.2000000000083,-74.92907720693051,intermediate,NX16_1_P20
74.22500000000831,-74.92916574963593,intermediate,NX16_1_P20
74.25000000000831,-74.92925418180202,intermediate,NX16_1_P20
74.27500000000832,-74.9293425035668,intermediate,NX16_1_P20
74.30000000000832,-74.92943071506807,intermediate,NX16_1_P20
74.32500000000833,-74.92951881644349,intermediate,NX16_1_P20
74.35000000000834,-74.92960680783055,intermediate,NX16_1_P20
74.37500000000834,-74.92969468936654,intermediate,NX16_1_P20
74.40000000000835,-74.92978246118861,intermediate,NX16_1_P20
74.42500000000835,-74.9298701234337,intermediate,NX16_1_P20
74.45000000000836,-74.92995767623863,intermediate,NX16_1_P20
74.47500000000836,-74.93004511974,intermediate,NX16_1_P20
74.50000000000837,-74.93013245407428,intermediate,NX16_1_P20
74.52500000000838,-74.93021967937774,intermediate,NX16_1_P20
74.55000000000838,-74.9303067957865,intermediate,NX16_1_P20
74.57500000000839,-74.93039380343652,intermediate,NX16_1_P20
74.6000000000084,-74.93048070246353,intermediate,NX16_1_P20
74.6250000000084,-74.93056749300314,intermediate,NX16_1_P20
74.6500000000084,-74.93065417519081,intermediate,NX16_1_P20
74.67500000000841,-74.9307407491618,intermediate,NX16_1_P20
74.70000000000842,-74.93082721505118,intermediate,NX16_1_P20
74.72500000000842,-74.9309135729939,intermediate,NX16_1_P20
74.75000000000843,-74.93099982312471,intermediate,NX16_1_P20
74.77500000000843,-74.9310859655782,intermediate,NX16_1_P20
74.80000000000844,-74.9311720004888,intermediate,NX16_1_P20
74.82500000000844,-74.93125792799077,intermediate,NX16_1_P20
74.85000000000845,-74.93134374821817,intermediate,NX16_1_P20
74.87500000000846,-74.93142946130494,intermediate,NX16_1_P20
74.90000000000846,-74.93151506738484,intermediate,NX16_1_P20
74.92500000000847,-74.93160056659143,intermediate,NX16_1_P20
74.95000000000847,-74.93168595905814,intermediate,NX16_1_P20
74.97500000000848,-74.93177124491824,intermediate,NX16_1_P20
75.00000000000848,-74.9318564243048,intermediate,NX16_1_P20
75.02500000000849,-74.93194149735073,intermediate,NX16_1_P20
75.0500000000085,-74.93202646418881,intermediate,NX16_1_P20
75.0750000000085,-74.9321113249516,intermediate,NX16_1_P20
75.1000000000085,-74.93219607977154,intermediate,NX16_1_P20
75.12500000000851,-74.9322807287809,intermediate,NX16_1_P20
75.15000000000852,-74.93236527211174,intermediate,NX16_1_P20
75.17500000000852,-74.932449709896,intermediate,NX16_1_P20
75.20000000000853,-74.93253404226547,intermediate,NX16_1_P20
75.22500000000854,-74.93261826935172,intermediate,NX16_1_P20
75.25000000000854,-74.93270239128618,intermediate,NX16_1_P20
75.27500000000855,-74.93278640820014,intermediate,NX16_1_P20
75.30000000000855,-74.93287032022471,intermediate,NX16_1_P20
75.32500000000856,-74.9329541274908,intermediate,NX16_1_P20
75.35000000000856,-74.93303783012922,intermediate,NX16_1_P20
75.37500000000857,-74.93312142827058,intermediate,NX16_1_P20
75.40000000000857,-74.93320492204533,intermediate,NX16_1_P20
75.42500000000858,-74.93328831158375,intermediate,NX16_1_P20
75.45000000000859,-74.93337159701599,intermediate,NX16_1_P20
75.47500000000859,-74.933454778472,intermediate,NX16_1_P20
75.5000000000086,-74.93353785608159,intermediate,NX16_1_P20
75.5250000000086,-74.93362082997439,intermediate,NX16_1_P20
75.55000000000861,-74.93370370027988,intermediate,NX16_1_P20
75.57500000000861,-74.93378646712739,intermediate,NX16_1_P20
75.60000000000862,-74.93386913064607,intermediate,NX16_1_P20
75.62500000000863,-74.93395169096492,intermediate,NX16_1_P20
75.65000000000863,-74.93403414821277,intermediate,NX16_1_P20
75.67500000000864,-74.9341165025183,intermediate,NX16_1_P20
75.70000000000864,-74.93419875401,intermediate,NX16_1_P20
75.72500000000865,-74.93428090281625,intermediate,NX16_1_P20
75.75000000000865,-74.93436294906523,intermediate,NX16_1_P20
75.77500000000866,-74.93444489288497,intermediate,NX16_1_P20
75.80000000000867,-74.93452673440333,intermediate,NX16_1_P20
75.82500000000867,-74.93460847374806,intermediate,NX16_1_P20
75.85000000000868,-74.93469011104668,intermediate,NX16_1_P20
75.87500000000868,-74.93477164642658,intermediate,NX16_1_P20
75.90000000000869,-74.93485308001503,intermediate,NX16_1_P20
75.9250000000087,-74.93493441193908,intermediate,NX16_1_P20
75.9500000000087,-74.93501564232565,intermediate,NX16_1_P20
75.9750000000087,-74.9350967713015,intermediate,NX16_1_P20
76.00000000000871,-74.93517779899324,intermediate,NX16_1_P20
76.02500000000872,-74.9352587255273,intermediate,NX16_1_P20
76.05000000000872,-74.93533955102998,intermediate,NX16_1_P20
76.07500000000873,-74.9354202756274,intermediate,NX16_1_P20
76.10000000000873,-74.93550089944551,intermediate,NX16_1_P20
76.12500000000874,-74.93558142261017,intermediate,NX16_1_P20
76.15000000000875,-74.935661845247,intermediate,NX16_1_P20
76.17500000000875,-74.9357421674815,intermediate,NX16_1_P20
76.20000000000876,-74.93582238943901,intermediate,NX16_1_P20
76.22500000000876,-74.93590251124473,intermediate,NX16_1_P20
76.25000000000877,-74.93598253302369,intermediate,NX16_1_P20
76.27500000000877,-74.93606245490076,intermediate,NX16_1_P20
76.30000000000878,-74.93614227700066,intermediate,NX16_1_P20
76.32500000000879,-74.93622199944792,intermediate,NX16_1_P20
76.35000000000879,-74.936301622367,intermediate,NX16_1_P20
76.3750000000088,-74.93638114588212,intermediate,NX16_1_P20
76.4000000000088,-74.93646057011739,intermediate,NX16_1_P20
76.42500000000881,-74.93653989519673,intermediate,NX16_1_P20
76.45000000000881,-74.93661912124395,intermediate,NX16_1_P20
76.47500000000882,-74.93669824838265,intermediate,NX16_1_P20
76.50000000000882,-74.93677727673635,intermediate,NX16_1_P20
76.52500000000883,-74.93685620642836,intermediate,NX16_1_P20
76.55000000000884,-74.93693503758183,intermediate,NX16_1_P20
76.57500000000884,-74.9370137703198,intermediate,NX16_1_P20
76.60000000000885,-74.9370924047651,intermediate,NX16_1_P20
76.62500000000885,-74.93717094104046,intermediate,NX16_1_P20
76.65000000000886,-74.93724937926845,intermediate,NX16_1_P20
76.67500000000886,-74.93732771957146,intermediate,NX16_1_P20
76.70000000000887,-74.93740596207174,intermediate,NX16_1_P20
76.72500000000888,-74.93748410689138,intermediate,NX16_1_P20
76.75000000000888,-74.93756215415233,intermediate,NX16_1_P20
76.77500000000889,-74.93764010397639,intermediate,NX16_1_P20
76.8000000000089,-74.9377179564852,intermediate,NX16_1_P20
76.8250000000089,-74.93779571180023,intermediate,NX16_1_P20
76.8500000000089,-74.93787337004284,intermediate,NX16_1_P20
76.87500000000891,-74.93795093133421,intermediate,NX16_1_P20
76.90000000000892,-74.93802839579537,intermediate,NX16_1_P20
76.92500000000892,-74.93810576354721,intermediate,NX16_1_P20
76.95000000000893,-74.93818303471045,intermediate,NX16_1_P20
76.97500000000893,-74.93826020940568,intermediate,NX16_1_P20
77.00000000000894,-74.93833728775334,intermediate,NX16_1_P20
77.02500000000894,-74.9384142698737,intermediate,NX16_1_P20
77.05000000000895,-74.93849115588691,intermediate,NX16_1_P20
77.07500000000896,-74.93856794591292,intermediate,NX16_1_P20
77.10000000000896,-74.93864464007157,intermediate,NX16_1_P20
77.12500000000897,-74.93872123848256,intermediate,NX16_1_P20
77.15000000000897,-74.9387977412654,intermediate,NX16_1_P20
77.17500000000898,-74.9388741485395,intermediate,NX16_1_P20
77.20000000000898,-74.93895046042407,intermediate,NX16_1_P20
77.22500000000899,-74.9390266770382,intermediate,NX16_1_P20
77.250000000009,-74.93910279850084,intermediate,NX16_1_P20
77.275000000009,-74.93917882493076,intermediate,NX16_1_P20
77.300000000009,-74.93925475644662,intermediate,NX16_1_P20
77.32500000000901,-74.93933059316689,intermediate,NX16_1_P20
77.35000000000902,-74.93940633520991,intermediate,NX16_1_P20
77.37500000000902,-74.9394819826939,intermediate,NX16_1_P20
77.40000000000903,-74.93955753573691,intermediate,NX16_1_P20
77.42500000000904,-74.93963299445682,intermediate,NX16_1_P20
77.45000000000904,-74.9397083589714,intermediate,NX16_1_P20
77.47500000000905,-74.93978362939825,intermediate,NX16_1_P20
77.50000000000905,-74.93985880585483,intermediate,NX16_1_P20
77.52500000000906,-74.93993388845844,intermediate,NX16_1_P20
77.55000000000906,-74.94000887732628,intermediate,NX16_1_P20
77.57500000000907,-74.94008377257535,intermediate,NX16_1_P20
77.60000000000908,-74.94015857432252,intermediate,NX16_1_P20
77.62500000000908,-74.94023328268455,intermediate,NX16_1_P20
77.65000000000909,-74.94030789777797,intermediate,NX16_1_P20
77.67500000000909,-74.94038241971927,intermediate,NX16_1_P20
77.7000000000091,-74.9404568486247,intermediate,NX16_1_P20
77.7250000000091,-74.94053118461045,intermediate,NX16_1_P20
77.75000000000911,-74.94060542779249,intermediate,NX16_1_P20
77.77500000000911,-74.94067957828669,intermediate,NX16_1_P20
77.80000000000912,-74.94075363620877,intermediate,NX16_1_P20
77.82500000000913,-74.94082760167427,intermediate,NX16_1_P20
77.85000000000913,-74.94090147479865,intermediate,NX16_1_P20
77.87500000000914,-74.94097525569717,intermediate,NX16_1_P20
77.90000000000914,-74.94104894448496,intermediate,NX16_1_P20
77.92500000000915,-74.94112254127704,intermediate,NX16_1_P20
77.95000000000915,-74.94119604618822,intermediate,NX16_1_P20
77.97500000000916,-74.94126945933324,intermediate,NX16_1_P20
78.00000000000917,-74.94134278082664,intermediate,NX16_1_P20
78.02500000000917,-74.94141601078286,intermediate,NX16_1_P20
78.05000000000918,-74.94148914931615,intermediate,NX16_1_P20
78.07500000000918,-74.94156219654067,intermediate,NX16_1_P20
78.10000000000919,-74.9416351525704,intermediate,NX16_1_P20
78.1250000000092,-74.94170801751919,intermediate,NX16_1_P20
78.1500000000092,-74.94178079150075,intermediate,NX16_1_P20
78.1750000000092,-74.94185347462863,intermediate,NX16_1_P20
78.20000000000921,-74.94192606701627,intermediate,NX16_1_P20
78.22500000000922,-74.94199856877694,intermediate,NX16_1_P20
78.25000000000922,-74.9420709800238,intermediate,NX16_1_P20
78.27500000000923,-74.94214330086983,intermediate,NX16_1_P20
78.30000000000923,-74.94221553142789,intermediate,NX16_1_P20
78.32500000000924,-74.9422876718107,intermediate,NX16_1_P20
78.35000000000925,-74.94235972213085,intermediate,NX16_1_P20
78.37500000000925,-74.94243168250074,intermediate,NX16_1_P20
78.40000000000926,-74.94250355303271,intermediate,NX16_1_P20
78.42500000000926,-74.94257533383887,intermediate,NX16_1_P20
78.45000000000927,-74.94264702503129,intermediate,NX16_1_P20
78.47500000000927,-74.9427186267218,intermediate,NX16_1_P20
78.50000000000928,-74.94279013902215,intermediate,NX16_1_P20
78.52500000000929,-74.94286156204394,intermediate,NX16_1_P20
78.55000000000929,-74.94293289589862,intermediate,NX16_1_P20
78.5750000000093,-74.94300414069752,intermediate,NX16_1_P20
78.6000000000093,-74.94307529655181,intermediate,NX16_1_P20
78.62500000000931,-74.94314636357252,intermediate,NX16_1_P20
78.65000000000931,-74.94321734187058,intermediate,NX16_1_P20
78.67500000000932,-74.94328823155674,intermediate,NX16_1_P20
78.70000000000933,-74.9433590327416,intermediate,NX16_1_P20
78.72500000000933,-74.94342974553568,intermediate,NX16_1_P20
78.75000000000934,-74.94350037004932,intermediate,NX16_1_P20
78.77500000000934,-74.94357090639272,intermediate,NX16_1_P20
78.80000000000935,-74.94364135467598,intermediate,NX16_1_P20
78.82500000000935,-74.943711715009,intermediate,NX16_1_P20
78.85000000000936,-74.9437819875016,intermediate,NX16_1_P20
78.87500000000936,-74.94385217226343,intermediate,NX16_1_P20
78.90000000000937,-74.94392226940404,intermediate,NX16_1_P20
78.92500000000938,-74.9439922790328,intermediate,NX16_1_P20
78.95000000000938,-74.94406220125896,intermediate,NX16_1_P20
78.97500000000939,-74.94413203619163,intermediate,NX16_1_P20
79.0000000000094,-74.9442017839398,intermediate,NX16_1_P20
79.0250000000094,-74.94427144461233,intermediate,NX16_1_P20
79.0500000000094,-74.94434101831789,intermediate,NX16_1_P20
79.07500000000941,-74.94441050516508,intermediate,NX16_1_P20
79.10000000000942,-74.94447990526231,intermediate,NX16_1_P20
79.12500000000942,-74.94454921871791,intermediate,NX16_1_P20
79.15000000000943,-74.94461844564003,intermediate,NX16_1_P20
79.17500000000943,-74.94468758613671,intermediate,NX16_1_P20
79.20000000000944,-74.94475664031583,intermediate,NX16_1_P20
79.22500000000944,-74.94482560828516,intermediate,NX16_1_P20
79.25000000000945,-74.94489449015231,intermediate,NX16_1_P20
79.27500000000946,-74.9449632860248,intermediate,NX16_1_P20
79.30000000000946,-74.94503199600997,intermediate,NX16_1_P20
79.32500000000947,-74.94510062021506,intermediate,NX16_1_P20
79.35000000000947,-74.94516915874713,intermediate,NX16_1_P20
79.37500000000948,-74.94523761171317,intermediate,NX16_1_P20
79.40000000000948,-74.94530597921997,intermediate,NX16_1_P20
79.42500000000949,-74.94537426137424,intermediate,NX16_1_P20
79.4500000000095,-74.94544245828254,intermediate,NX16_1_P20
79.4750000000095,-74.94551057005128,intermediate,NX16_1_P20
79.5000000000095,-74.94557859678677,intermediate,NX16_1_P20
79.52500000000951,-74.94564653859514,intermediate,NX16_1_P20
79.55000000000952,-74.94571439558243,intermediate,NX16_1_P20
79.57500000000952,-74.94578216785453,intermediate,NX16_1_P20
79.60000000000953,-74.94584985551721,intermediate,NX16_1_P20
79.62500000000954,-74.94591745867608,intermediate,NX16_1_P20
79.65000000000954,-74.94598497743665,intermediate,NX16_1_P20
79.67500000000955,-74.94605241190429,intermediate,NX16_1_P20
79.70000000000955,-74.94611976218421,intermediate,NX16_1_P20
79.72500000000956,-74.94618702838154,intermediate,NX16_1_P20
79.75000000000956,-74.94625421060124,intermediate,NX16_1_P20
79.77500000000957,-74.94632130894813,intermediate,NX16_1_P20
79.80000000000958,-74.94638832352695,intermediate,NX16_1_P20
79.82500000000958,-74.94645525444226,intermediate,NX16_1_P20
79.85000000000959,-74.94652210179852,intermediate,NX16_1_P20
79.87500000000959,-74.94658886570004,intermediate,NX16_1_P20
79.9000000000096,-74.946655546251,intermediate,NX16_1_P20
79.9250000000096,-74.94672214355546,intermediate,NX16_1_P20
79.95000000000961,-74.94678865771736,intermediate,NX16_1_P20
79.97500000000962,-74.9468550888405,intermediate,NX16_1_P20
80.00000000000962,-74.94692143702851,intermediate,NX16_1_P20
80.02500000000963,-74.94698770238497,intermediate,NX16_1_P20
80.05000000000963,-74.94705388501328,intermediate,NX16_1_P20
80.07500000000964,-74.9471199850167,intermediate,NX16_1_P20
80.10000000000964,-74.9471860024984,intermediate,NX16_1_P20
80.12500000000965,-74.94725193756139,intermediate,NX16_1_P20
80.15000000000965,-74.94731779030857,intermediate,NX16_1_P20
80.17500000000966,-74.94738356084272,intermediate,NX16_1_P20
80.20000000000967,-74.94744924926646,intermediate,NX16_1_P20
80.22500000000967,-74.9475148556823,intermediate,NX16_1_P20
80.25000000000968,-74.94758038019262,intermediate,NX16_1_P20
80.27500000000968,-74.94764582289967,intermediate,NX16_1_P20
80.30000000000969,-74.9477111839056,intermediate,NX16_1_P20
80.3250000000097,-74.94777646331238,intermediate,NX16_1_P20
80.3500000000097,-74.94784166122189,intermediate,NX16_1_P20
80.3750000000097,-74.94790677773587,intermediate,NX16_1_P20
80.40000000000971,-74.94797181295594,intermediate,NX16_1_P20
80.42500000000972,-74.94803676698359,intermediate,NX16_1_P20
80.45000000000972,-74.94810163992018,intermediate,NX16_1_P20
80.47500000000973,-74.94816643186695,intermediate,NX16_1_P20
80.50000000000973,-74.94823114292501,intermediate,NX16_1_P20
80.52500000000974,-74.94829577319534,intermediate,NX16_1_P20
80.55000000000975,-74.94836032277881,intermediate,NX16_1_P20
80.57500000000975,-74.94842479177613,intermediate,NX16_1_P20
80.60000000000976,-74.94848918028792,intermediate,NX16_1_P20
80.62500000000976,-74.94855348841467,intermediate,NX16_1_P20
80.65000000000977,-74.94861771625672,intermediate,NX16_1_P20
80.67500000000977,-74.94868186391429,intermediate,NX16_1_P20
80.70000000000978,-74.94874593148751,intermediate,NX16_1_P20
80.72500000000979,-74.94880991907634,intermediate,NX16_1_P20
80.75000000000979,-74.94887382678064,intermediate,NX16_1_P20
80.7750000000098,-74.94893765470015,intermediate,NX16_1_P20
80.8000000000098,-74.94900140293446,intermediate,NX16_1_P20
80.82500000000981,-74.94906507158306,intermediate,NX16_1_P20
80.85000000000981,-74.9491286607453,intermediate,NX16_1_P20
80.87500000000982,-74.94919217052043,intermediate,NX16_1_P20
80.90000000000983,-74.94925560100755,intermediate,NX16_1_P20
80.92500000000983,-74.94931895230563,intermediate,NX16_1_P20
80.95000000000984,-74.94938222451356,intermediate,NX16_1_P20
80.97500000000984,-74.94944541773006,intermediate,NX16_1_P20
81.00000000000985,-74.94950853205376,intermediate,NX16_1_P20
81.02500000000985,-74.94957156758312,intermediate,NX16_1_P20
81.05000000000986,-74.94963452441654,intermediate,NX16_1_P20
81.07500000000987,-74.94969740265226,intermediate,NX16_1_P20
81.10000000000987,-74.9497602023884,intermediate,NX16_1_P20
81.12500000000988,-74.94982292372296,intermediate,NX16_1_P20
81.15000000000988,-74.94988556675382,intermediate,NX16_1_P20
81.17500000000989,-74.94994813157874,intermediate,NX16_1_P20
81.2000000000099,-74.95001061829535,intermediate,NX16_1_P20
81.2250000000099,-74.95007302700117,intermediate,NX16_1_P20
81.2500000000099,-74.95013535779358,intermediate,NX16_1_P20
81.27500000000991,-74.95019761076986,intermediate,NX16_1_P20
81.30000000000992,-74.95025978602716,intermediate,NX16_1_P20
81.32500000000992,-74.95032188366248,intermediate,NX16_1_P20
81.35000000000993,-74.95038390377276,intermediate,NX16_1_P20
81.37500000000993,-74.95044584645477,intermediate,NX16_1_P20
81.40000000000994,-74.95050771180517,intermediate,NX16_1_P20
81.42500000000994,-74.95056949992052,intermediate,NX16_1_P20
81.45000000000995,-74.95063121089721,intermediate,NX16_1_P20
81.47500000000996,-74.95069284483158,intermediate,NX16_1_P20
81.50000000000996,-74.95075440181978,intermediate,NX16_1_P20
81.52500000000997,-74.9508158819579,intermediate,NX16_1_P20
81.55000000000997,-74.95087728534186,intermediate,NX16_1_P20
81.57500000000998,-74.95093861206749,intermediate,NX16_1_P20
81.60000000000998,-74.9509998622305,intermediate,NX16_1_P20
81.62500000000999,-74.95106103592646,intermediate,NX16_1_P20
81.65000000001,-74.95112213325085,intermediate,NX16_1_P20
81.67500000001,-74.95118315429899,intermediate,NX16_1_P20
81.70000000001001,-74.95124409916613,intermediate,NX16_1_P20
81.72500000001001,-74.95130496794737,intermediate,NX16_1_P20
81.75000000001002,-74.95136576073769,intermediate,NX16_1_P20
81.77500000001002,-74.95142647763195,intermediate,NX16_1_P20
81.80000000001003,-74.95148711872494,intermediate,NX16_1_P20
81.82500000001004,-74.95154768411126,intermediate,NX16_1_P20
81.85000000001004,-74.95160817388543,intermediate,NX16_1_P20
81.87500000001005,-74.95166858814186,intermediate,NX16_1_P20
81.90000000001005,-74.95172892697481,intermediate,NX16_1_P20
81.92500000001006,-74.95178919047845,intermediate,NX16_1_P20
81.95000000001006,-74.95184937874683,intermediate,NX16_1_P20
81.97500000001007,-74.95190949187386,intermediate,NX16_1_P20
82.00000000001008,-74.95196952995336,intermediate,NX16_1_P20
82.02500000001008,-74.95202949307902,intermediate,NX16_1_P20
82.05000000001009,-74.95208938134442,intermediate,NX16_1_P20
82.07500000001009,-74.952149194843,intermediate,NX16_1_P20
82.1000000000101,-74.95220893366813,intermediate,NX16_1_P20
82.1250000000101,-74.952268597913,intermediate,NX16_1_P20
82.15000000001011,-74.95232818767076,intermediate,NX16_1_P20
82.17500000001012,-74.95238770303436,intermediate,NX16_1_P20
82.20000000001012,-74.95244714409671,intermediate,NX16_1_P20
82.22500000001013,-74.95250651095054,intermediate,NX16_1_P20
82.25000000001013,-74.95256580368851,intermediate,NX16_1_P20
82.27500000001014,-74.95262502240315,intermediate,NX16_1_P20
82.30000000001014,-74.95268416718689,intermediate,NX16_1_P20
82.32500000001015,-74.95274323813199,intermediate,NX16_1_P20
82.35000000001016,-74.95280223533065,intermediate,NX16_1_P20
82.37500000001016,-74.95286115887495,intermediate,NX16_1_P20
82.40000000001017,-74.95292000885684,intermediate,NX16_1_P20
82.42500000001017,-74.95297878536813,intermediate,NX16_1_P20
82.45000000001018,-74.95303748850057,intermediate,NX16_1_P20
82.47500000001018,-74.95309611834575,intermediate,NX16_1_P20
82.50000000001019,-74.95315467499519,intermediate,NX16_1_P20
82.5250000000102,-74.95321315854025,intermediate,NX16_1_P20
82.5500000000102,-74.9532715690722,intermediate,NX16_1_P20
82.5750000000102,-74.9533299066822,intermediate,NX16_1_P20
82.60000000001021,-74.95338817146128,intermediate,NX16_1_P20
82.62500000001022,-74.95344636350036,intermediate,NX16_1_P20
82.65000000001022,-74.95350448289027,intermediate,NX16_1_P20
82.67500000001023,-74.95356252972168,intermediate,NX16_1_P20
82.70000000001023,-74.9536205040852,intermediate,NX16_1_P20
82.72500000001024,-74.95367840607128,intermediate,NX16_1_P20
82.75000000001025,-74.95373623577028,intermediate,NX16_1_P20
82.77500000001025,-74.95379399327247,intermediate,NX16_1_P20
82.80000000001026,-74.95385167866796,intermediate,NX16_1_P20
82.82500000001026,-74.95390929204679,intermediate,NX16_1_P20
82.85000000001027,-74.95396683349884,intermediate,NX16_1_P20
82.87500000001027,-74.95402430311393,intermediate,NX16_1_P20
82.90000000001028,-74.95408170098173,intermediate,NX16_1_P20
82.92500000001029,-74.95413902719183,intermediate,NX16_1_P20
82.95000000001029,-74.95419628183366,intermediate,NX16_1_P20
82.9750000000103,-74.9542534649966,intermediate,NX16_1_P20
83.0000000000103,-74.95431057676986,intermediate,NX16_1_P20
83.02500000001031,-74.95436761724258,intermediate,NX16_1_P20
83.05000000001031,-74.95442458650378,intermediate,NX16_1_P20
83.07500000001032,-74.95448148464234,intermediate,NX16_1_P20
83.10000000001033,-74.95453831174707,intermediate,NX16_1_P20
83.12500000001033,-74.95459506790665,intermediate,NX16_1_P20
83.15000000001034,-74.95465175320965,intermediate,NX16_1_P20
83.17500000001034,-74.95470836774452,intermediate,NX16_1_P20
83.20000000001035,-74.95476491159963,intermediate,NX16_1_P20
83.22500000001035,-74.9548213848632,intermediate,NX16_1_P20
83.25000000001036,-74.95487778762335,intermediate,NX16_1_P20
83.27500000001037,-74.95493411996812,intermediate,NX16_1_P20
83.30000000001037,-74.95499038198541,intermediate,NX16_1_P20
83.32500000001038,-74.95504657376303,intermediate,NX16_1_P20
83.35000000001038,-74.95510269538866,intermediate,NX16_1_P20
83.37500000001039,-74.95515874694988,intermediate,NX16_1_P20
83.4000000000104,-74.95521472853416,intermediate,NX16_1_P20
83.4250000000104,-74.95527064022886,intermediate,NX16_1_P20
83.4500000000104,-74.95532648212124,intermediate,NX16_1_P20
83.47500000001041,-74.95538225429844,intermediate,NX16_1_P20
83.50000000001042,-74.95543795684749,intermediate,NX16_1_P20
83.52500000001042,-74.95549358985532,intermediate,NX16_1_P20
83.55000000001043,-74.95554915340875,intermediate,NX16_1_P20
83.57500000001043,-74.9556046475945,intermediate,NX16_1_P20
83.60000000001044,-74.95566007249914,intermediate,NX16_1_P20
83.62500000001044,-74.9557154282092,intermediate,NX16_1_P20
83.65000000001045,-74.95577071481104,intermediate,NX16_1_P20
83.67500000001046,-74.95582593239094,intermediate,NX16_1_P20
83.70000000001046,-74.95588108103507,intermediate,NX16_1_P20
83.72500000001047,-74.9559361608295,intermediate,NX16_1_P20
83.75000000001047,-74.95599117186018,intermediate,NX16_1_P20
83.77500000001048,-74.95604611421295,intermediate,NX16_1_P20
83.80000000001048,-74.95610098797357,intermediate,NX16_1_P20
83.82500000001049,-74.95615579322765,intermediate,NX16_1_P20
83.8500000000105,-74.95621053006072,intermediate,NX16_1_P20
83.8750000000105,-74.95626519855821,intermediate,NX16_1_P20
83.90000000001051,-74.95631979880542,intermediate,NX16_1_P20
83.92500000001051,-74.95637433088757,intermediate,NX16_1_P20
83.95000000001052,-74.95642879488976,intermediate,NX16_1_P20
83.97500000001052,-74.95648319089696,intermediate,NX16_1_P20
84.00000000001053,-74.95653751899408,intermediate,NX16_1_P20
84.02500000001054,-74.95659177926589,intermediate,NX16_1_P20
84.05000000001054,-74.95664597179709,intermediate,NX16_1_P20
84.07500000001055,-74.95670009667221,intermediate,NX16_1_P20
84.10000000001055,-74.95675415397574,intermediate,NX16_1_P20
84.12500000001056,-74.95680814379203,intermediate,NX16_1_P20
84.15000000001056,-74.95686206620533,intermediate,NX16_1_P20
84.17500000001057,-74.95691592129981,intermediate,NX16_1_P20
84.20000000001058,-74.9569697091595,intermediate,NX16_1_P20
84.22500000001058,-74.95702342986831,intermediate,NX16_1_P20
84.25000000001059,-74.95707708351013,intermediate,NX16_1_P20
84.27500000001059,-74.95713067016864,intermediate,NX16_1_P20
84.3000000000106,-74.95718418992749,intermediate,NX16_1_P20
84.3250000000106,-74.95723764287018,intermediate,NX16_1_P20
84.35000000001061,-74.95729102908015,intermediate,NX16_1_P20
84.37500000001062,-74.9573443486407,intermediate,NX16_1_P20
84.40000000001062,-74.95739760163504,intermediate,NX16_1_P20
84.42500000001063,-74.95745078814626,intermediate,NX16_1_P20
84.45000000001063,-74.95750390825738,intermediate,NX16_1_P20
84.47500000001064,-74.95755696205129,intermediate,NX16_1_P20
84.50000000001064,-74.95760994961077,intermediate,NX16_1_P20
84.52500000001065,-74.95766287101853,intermediate,NX16_1_P20
84.55000000001066,-74.95771572635714,intermediate,NX16_1_P20
84.57500000001066,-74.95776851570909,intermediate,NX16_1_P20
84.60000000001067,-74.95782123915676,intermediate,NX16_1_P20
84.62500000001067,-74.95787389678242,intermediate,NX16_1_P20
84.65000000001068,-74.95792648866825,intermediate,NX16_1_P20
84.67500000001068,-74.95797901489632,intermediate,NX16_1_P20
84.70000000001069,-74.95803147554861,intermediate,NX16_1_P20
84.7250000000107,-74.95808387070699,intermediate,NX16_1_P20
84.7500000000107,-74.9581362004532,intermediate,NX16_1_P20
84.7750000000107,-74.95818846486891,intermediate,NX16_1_P20
84.80000000001071,-74.9582406640357,intermediate,NX16_1_P20
84.82500000001072,-74.95829279803502,intermediate,NX16_1_P20
84.85000000001072,-74.95834486694821,intermediate,NX16_1_P20
84.87500000001073,-74.95839687085655,intermediate,NX16_1_P20
84.90000000001073,-74.95844880984119,intermediate,NX16_1_P20
84.92500000001074,-74.95850068398316,intermediate,NX16_1_P20
84.95000000001075,-74.95855249336344,intermediate,NX16_1_P20
84.97500000001075,-74.95860423806288,intermediate,NX16_1_P20
85.00000000001076,-74.95865591816221,intermediate,NX16_1_P20
85.02500000001076,-74.9587075337421,intermediate,NX16_1_P20
85.05000000001077,-74.95875908488307,intermediate,NX16_1_P20
85.07500000001077,-74.9588105716656,intermediate,NX16_1_P20
85.10000000001078,-74.95886199417002,intermediate,NX16_1_P20
85.12500000001079,-74.95891335247659,intermediate,NX16_1_P20
85.15000000001079,-74.95896464666544,intermediate,NX16_1_P20
85.1750000000108,-74.95901587681662,intermediate,NX16_1_P20
85.2000000000108,-74.95906704301008,intermediate,NX16_1_P20
85.22500000001081,-74.95911814532568,intermediate,NX16_1_P20
85.25000000001081,-74.95916918384314,intermediate,NX16_1_P20
85.27500000001082,-74.95922015864214,intermediate,NX16_1_P20
85.30000000001083,-74.9592710698022,intermediate,NX16_1_P20
85.32500000001083,-74.95932191740279,intermediate,NX16_1_P20
85.35000000001084,-74.95937270152325,intermediate,NX16_1_P20
85.37500000001084,-74.95942342224282,intermediate,NX16_1_P20
85.40000000001085,-74.95947407964069,intermediate,NX16_1_P20
85.42500000001085,-74.95952467379587,intermediate,NX16_1_P20
85.45000000001086,-74.95957520478733,intermediate,NX16_1_P20
85.47500000001087,-74.95962567269393,intermediate,NX16_1_P20
85.50000000001087,-74.95967607759442,intermediate,NX16_1_P20
85.52500000001088,-74.95972641956747,intermediate,NX16_1_P20
85.55000000001088,-74.95977669869164,intermediate,NX16_1_P20
85.57500000001089,-74.9598269150454,intermediate,NX16_1_P20
85.6000000000109,-74.95987706870709,intermediate,NX16_1_P20
85.6250000000109,-74.95992715975498,intermediate,NX16_1_P20
85.6500000000109,-74.95997718826726,intermediate,NX16_1_P20
85.67500000001091,-74.96002715432199,intermediate,NX16_1_P20
85.70000000001092,-74.96007705799715,intermediate,NX16_1_P20
85.72500000001092,-74.96012689937061,intermediate,NX16_1_P20
85.75000000001093,-74.96017667852014,intermediate,NX16_1_P20
85.77500000001093,-74.96022639552345,intermediate,NX16_1_P20
85.80000000001094,-74.9602760504581,intermediate,NX16_1_P20
85.82500000001095,-74.9603256434016,intermediate,NX16_1_P20
85.85000000001095,-74.96037517443133,intermediate,NX16_1_P20
85.87500000001096,-74.96042464362459,intermediate,NX16_1_P20
85.90000000001096,-74.96047405105857,intermediate,NX16_1_P20
85.92500000001097,-74.96052339681037,intermediate,NX16_1_P20
85.95000000001097,-74.96057268095703,intermediate,NX16_1_P20
85.97500000001098,-74.96062190357542,intermediate,NX16_1_P20
86.00000000001098,-74.96067106474236,intermediate,NX16_1_P20
86.02500000001099,-74.96072016453459,intermediate,NX16_1_P20
86.050000000011,-74.96076920302872,intermediate,NX16_1_P20
86.075000000011,-74.96081818030126,intermediate,NX16_1_P20
86.10000000001101,-74.96086709642867,intermediate,NX16_1_P20
86.12500000001101,-74.96091595148728,intermediate,NX16_1_P20
86.15000000001102,-74.96096474555331,intermediate,NX16_1_P20
86.17500000001102,-74.96101347870294,intermediate,NX16_1_P20
86.20000000001103,-74.96106215101219,intermediate,NX16_1_P20
86.22500000001104,-74.96111076255701,intermediate,NX16_1_P20
86.25000000001104,-74.96115931341329,intermediate,NX16_1_P20
86.27500000001105,-74.96120780365678,intermediate,NX16_1_P20
86.30000000001105,-74.96125623336316,intermediate,NX16_1_P20
86.32500000001106,-74.961304602608,intermediate,NX16_1_P20
86.35000000001106,-74.96135291146678,intermediate,NX16_1_P20
86.37500000001107,-74.96140116001487,intermediate,NX16_1_P20
86.40000000001108,-74.9614493483276,intermediate,NX16_1_P20
86.42500000001108,-74.96149747648016,intermediate,NX16_1_P20
86.45000000001109,-74.96154554454765,intermediate,NX16_1_P20
86.4750000000111,-74.96159355260508,intermediate,NX16_1_P20
86.5000000000111,-74.96164150072738,intermediate,NX16_1_P20
86.5250000000111,-74.96168938898936,intermediate,NX16_1_P20
86.55000000001111,-74.96173721746575,intermediate,NX16_1_P20
86.57500000001112,-74.96178498623121,intermediate,NX16_1_P20
86.60000000001112,-74.96183269536027,intermediate,NX16_1_P20
86.62500000001113,-74.9618803449274,intermediate,NX16_1_P20
86.65000000001113,-74.96192793500693,intermediate,NX16_1_P20
86.67500000001114,-74.96197546567313,intermediate,NX16_1_P20
86.70000000001114,-74.9620229370002,intermediate,NX16_1_P20
86.72500000001115,-74.9620703490622,intermediate,NX16_1_P20
86.75000000001116,-74.96211770193314,intermediate,NX16_1_P20
86.77500000001116,-74.96216499568689,intermediate,NX16_1_P20
86.80000000001117,-74.96221223039726,intermediate,NX16_1_P20
86.82500000001117,-74.96225940613797,intermediate,NX16_1_P20
86.85000000001118,-74.96230652298264,intermediate,NX16_1_P20
86.87500000001118,-74.9623535810048,intermediate,NX16_1_P20
86.90000000001119,-74.96240058027789,intermediate,NX16_1_P20
86.9250000000112,-74.96244752087523,intermediate,NX16_1_P20
86.9500000000112,-74.96249440287009,intermediate,NX16_1_P20
86.9750000000112,-74.96254122633565,intermediate,NX16_1_P20
87.00000000001121,-74.96258799134493,intermediate,NX16_1_P20
87.02500000001122,-74.96263469797097,intermediate,NX16_1_P20
87.05000000001122,-74.96268134628662,intermediate,NX16_1_P20
87.07500000001123,-74.96272793636467,intermediate,NX16_1_P20
87.10000000001124,-74.96277446827784,intermediate,NX16_1_P20
87.12500000001124,-74.96282094209876,intermediate,NX16_1_P20
87.15000000001125,-74.96286735789994,intermediate,NX16_1_P20
87.17500000001125,-74.96291371575381,intermediate,NX16_1_P20
87.20000000001126,-74.96296001573272,intermediate,NX16_1_P20
87.22500000001126,-74.96300625790893,intermediate,NX16_1_P20
87.25000000001127,-74.96305244235458,intermediate,NX16_1_P20
87.27500000001127,-74.96309856914176,intermediate,NX16_1_P20
87.30000000001128,-74.96314463834246,intermediate,NX16_1_P20
87.32500000001129,-74.96319065002855,intermediate,NX16_1_P20
87.35000000001129,-74.96323660427186,intermediate,NX16_1_P20
87.3750000000113,-74.96328250114409,intermediate,NX16_1_P20
87.4000000000113,-74.96332834071686,intermediate,NX16_1_P20
87.42500000001131,-74.96337412306171,intermediate,NX16_1_P20
87.45000000001131,-74.9634198482501,intermediate,NX16_1_P20
87.47500000001132,-74.96346551635335,intermediate,NX16_1_P20
87.50000000001133,-74.96351112744276,intermediate,NX16_1_P20
87.52500000001133,-74.9635566815895,intermediate,NX16_1_P20
87.55000000001134,-74.96360217886465,intermediate,NX16_1_P20
87.57500000001134,-74.96364761933921,intermediate,NX16_1_P20
87.60000000001135,-74.96369300308412,intermediate,NX16_1_P20
87.62500000001135,-74.96373833017017,intermediate,NX16_1_P20
87.65000000001136,-74.96378360066811,intermediate,NX16_1_P20
87.67500000001137,-74.96382881464858,intermediate,NX16_1_P20
87.70000000001137,-74.96387397218214,intermediate,NX16_1_P20
87.72500000001138,-74.96391907333928,intermediate,NX16_1_P20
87.75000000001138,-74.96396411819036,intermediate,NX16_1_P20
87.77500000001139,-74.96400910680568,intermediate,NX16_1_P20
87.8000000000114,-74.96405403925544,intermediate,NX16_1_P20
87.8250000000114,-74.96409891560977,intermediate,NX16_1_P20
87.8500000000114,-74.9641437359387,intermediate,NX16_1_P20
87.87500000001141,-74.96418850031218,intermediate,NX16_1_P20
87.90000000001142,-74.96423320880004,intermediate,NX16_1_P20
87.92500000001142,-74.96427786147208,intermediate,NX16_1_P20
87.95000000001143,-74.96432245839797,intermediate,NX16_1_P20
87.97500000001143,-74.96436699964732,intermediate,NX16_1_P20
88.00000000001144,-74.96441148528962,intermediate,NX16_1_P20
88.02500000001145,-74.9644559153943,intermediate,NX16_1_P20
88.05000000001145,-74.96450029003068,intermediate,NX16_1_P20
88.07500000001146,-74.96454460926803,intermediate,NX16_1_P20
88.10000000001146,-74.96458887317552,intermediate,NX16_1_P20
88.12500000001147,-74.96463308182219,intermediate,NX16_1_P20
88.15000000001147,-74.96467723527705,intermediate,NX16_1_P20
88.17500000001148,-74.96472133360902,intermediate,NX16_1_P20
88.20000000001149,-74.96476537688689,intermediate,NX16_1_P20
88.22500000001149,-74.9648093651794,intermediate,NX16_1_P20
88.2500000000115,-74.9648532985552,intermediate,NX16_1_P20
88.2750000000115,-74.96489717708285,intermediate,NX16_1_P20
88.30000000001151,-74.96494100083082,intermediate,NX16_1_P20
88.32500000001151,-74.96498476986751,intermediate,NX16_1_P20
88.35000000001152,-74.96502848426121,intermediate,NX16_1_P20
88.37500000001153,-74.96507214408015,intermediate,NX16_1_P20
88.40000000001153,-74.96511574939245,intermediate,NX16_1_P20
88.42500000001154,-74.96515930026618,intermediate,NX16_1_P20
88.45000000001154,-74.96520279676928,intermediate,NX16_1_P20
88.47500000001155,-74.96524623896964,intermediate,NX16_1_P20
88.50000000001155,-74.96528962693505,intermediate,NX16_1_P20
88.52500000001156,-74.9653329607332,intermediate,NX16_1_P20
88.55000000001156,-74.96537624043177,intermediate,NX16_1_P20
88.57500000001157,-74.96541946609824,intermediate,NX16_1_P20
88.60000000001158,-74.9654626378001,intermediate,NX16_1_P20
88.62500000001158,-74.96550575560471,intermediate,NX16_1_P20
88.65000000001159,-74.96554881957935,intermediate,NX16_1_P20
88.6750000000116,-74.96559182979125,intermediate,NX16_1_P20
88.7000000000116,-74.9656347863075,intermediate,NX16_1_P20
88.7250000000116,-74.96567768919515,intermediate,NX16_1_P20
88.75000000001161,-74.96572053852115,intermediate,NX16_1_P20
88.77500000001162,-74.96576333435236,intermediate,NX16_1_P20
88.80000000001162,-74.96580607675558,intermediate,NX16_1_P20
88.82500000001163,-74.9658487657975,intermediate,NX16_1_P20
88.85000000001163,-74.96589140154475,intermediate,NX16_1_P20
88.87500000001164,-74.96593398406387,intermediate,NX16_1_P20
88.90000000001164,-74.96597651342128,intermediate,NX16_1_P20
88.92500000001165,-74.96601898968338,intermediate,NX16_1_P20
88.95000000001166,-74.96606141291643,intermediate,NX16_1_P20
88.97500000001166,-74.96610378318667,intermediate,NX16_1_P20
89.00000000001167,-74.96614610056018,intermediate,NX16_1_P20
89.02500000001167,-74.96618836510302,intermediate,NX16_1_P20
89.05000000001168,-74.96623057688116,intermediate,NX16_1_P20
89.07500000001168,-74.96627273596044,intermediate,NX16_1_P20
89.10000000001169,-74.96631484240667,intermediate,NX16_1_P20
89.1250000000117,-74.96635689628557,intermediate,NX16_1_P20
89.1500000000117,-74.96639889766276,intermediate,NX16_1_P20
89.1750000000117,-74.96644084660376,intermediate,NX16_1_P20
89.20000000001171,-74.96648274317405,intermediate,NX16_1_P20
89.22500000001172,-74.96652458743904,intermediate,NX16_1_P20
89.25000000001172,-74.96656637946398,intermediate,NX16_1_P20
89.27500000001173,-74.96660811931413,intermediate,NX16_1_P20
89.30000000001174,-74.96664980705461,intermediate,NX16_1_P20
89.32500000001174,-74.96669144275047,intermediate,NX16_1_P20
89.35000000001175,-74.96673302646668,intermediate,NX16_1_P20
89.37500000001175,-74.96677455826817,intermediate,NX16_1_P20
89.40000000001176,-74.9668160382197,intermediate,NX16_1_P20
89.42500000001176,-74.96685746638605,intermediate,NX16_1_P20
89.45000000001177,-74.96689884283184,intermediate,NX16_1_P20
89.47500000001178,-74.96694016762164,intermediate,NX16_1_P20
89.50000000001178,-74.96698144081995,intermediate,NX16_1_P20
89.52500000001179,-74.96702266249119,intermediate,NX16_1_P20
89.55000000001179,-74.96706383269965,intermediate,NX16_1_P20
89.5750000000118,-74.96710495150963,intermediate,NX16_1_P20
89.6000000000118,-74.96714601898525,intermediate,NX16_1_P20
89.62500000001181,-74.96718703519063,intermediate,NX16_1_P20
89.65000000001181,-74.96722800018976,intermediate,NX16_1_P20
89.67500000001182,-74.96726891404658,intermediate,NX16_1_P20
89.70000000001183,-74.96730977682493,intermediate,NX16_1_P20
89.72500000001183,-74.96735058858859,intermediate,NX16_1_P20
89.75000000001184,-74.96739134940123,intermediate,NX16_1_P20
89.77500000001184,-74.96743205932646,intermediate,NX16_1_P20
89.80000000001185,-74.96747271842783,intermediate,NX16_1_P20
89.82500000001185,-74.96751332676877,intermediate,NX16_1_P20
89.85000000001186,-74.96755388441267,intermediate,NX16_1_P20
89.87500000001187,-74.96759439142281,intermediate,NX16_1_P20
89.90000000001187,-74.9676348478624,intermediate,NX16_1_P20
89.92500000001188,-74.96767525379458,intermediate,NX16_1_P20
89.95000000001188,-74.96771560928241,intermediate,NX16_1_P20
89.97500000001189,-74.96775591438886,intermediate,NX16_1_P20
90.0000000000119,-74.96779616917682,intermediate,NX16_1_P20
90.0250000000119,-74.96783637370913,intermediate,NX16_1_P20
90.0500000000119,-74.96787652804852,intermediate,NX16_1_P20
90.07500000001193,-74.96791663225765,intermediate,NX16_1_P20
90.10000000001192,-74.96795668639912,intermediate,NX16_1_P20
90.12500000001192,-74.96799669053541,intermediate,NX16_1_P20
90.15000000001191,-74.96803664472897,intermediate,NX16_1_P20
90.17500000001192,-74.96807654904214,intermediate,NX16_1_P20
90.20000000001194,-74.9681164035372,intermediate,NX16_1_P20
90.22500000001196,-74.96815620827633,intermediate,NX16_1_P20
90.25000000001197,-74.96819596332166,intermediate,NX16_1_P20
90.27500000001196,-74.96823566873523,intermediate,NX16_1_P20
90.30000000001196,-74.968275324579,intermediate,NX16_1_P20
90.32500000001195,-74.96831493091486,intermediate,NX16_1_P20
90.35000000001196,-74.9683544878046,intermediate,NX16_1_P20
90.37500000001198,-74.96839399530997,intermediate,NX16_1_P20
90.400000000012,-74.96843345349261,intermediate,NX16_1_P20
90.425000000012,-74.9684728624141,intermediate,NX16_1_P20
90.450000000012,-74.96851222213596,intermediate,NX16_1_P20
90.475000000012,-74.96855153271957,intermediate,NX16_1_P20
90.500000000012,-74.96859079422632,intermediate,NX16_1_P20
90.525000000012,-74.96863000671745,intermediate,NX16_1_P20
90.55000000001202,-74.96866917025417,intermediate,NX16_1_P20
90.57500000001204,-74.96870828489759,intermediate,NX16_1_P20
90.60000000001205,-74.96874735070874,intermediate,NX16_1_P20
90.62500000001204,-74.9687863677486,intermediate,NX16_1_P20
90.65000000001204,-74.96882533607805,intermediate,NX16_1_P20
90.67500000001203,-74.96886425575791,intermediate,NX16_1_P20
90.70000000001204,-74.9689031268489,intermediate,NX16_1_P20
90.72500000001206,-74.9689419494117,intermediate,NX16_1_P20
90.75000000001208,-74.96898072350687,intermediate,NX16_1_P20
90.77500000001208,-74.96901944919495,intermediate,NX16_1_P20
90.80000000001208,-74.96905812653635,intermediate,NX16_1_P20
90.82500000001208,-74.96909675559144,intermediate,NX16_1_P20
90.85000000001207,-74.96913533642049,intermediate,NX16_1_P20
90.8750000000121,-74.96917386908372,intermediate,NX16_1_P20
90.9000000000121,-74.96921235364125,intermediate,NX16_1_P20
90.9250000000121,-74.96925079015315,intermediate,NX16_1_P20
90.95000000001212,-74.96928917867939,intermediate,NX16_1_P20
90.97500000001212,-74.96932751927989,intermediate,NX16_1_P20
91.00000000001212,-74.96936581201447,intermediate,NX16_1_P20
91.02500000001211,-74.96940405694289,intermediate,NX16_1_P20
91.05000000001212,-74.96944225412484,intermediate,NX16_1_P20
91.07500000001214,-74.96948040361993,intermediate,NX16_1_P20
91.10000000001214,-74.96951850548767,intermediate,NX16_1_P20
91.12500000001216,-74.96955655978756,intermediate,NX16_1_P20
91.15000000001216,-74.96959456657895,intermediate,NX16_1_P20
91.17500000001216,-74.96963252592117,intermediate,NX16_1_P20
91.20000000001215,-74.96967043787346,intermediate,NX16_1_P20
91.22500000001216,-74.96970830249496,intermediate,NX16_1_P20
91.25000000001218,-74.96974611984479,intermediate,NX16_1_P20
91.27500000001218,-74.96978388998194,intermediate,NX16_1_P20
91.3000000000122,-74.96982161296538,intermediate,NX16_1_P20
91.3250000000122,-74.96985928885395,intermediate,NX16_1_P20
91.3500000000122,-74.96989691770646,intermediate,NX16_1_P20
91.3750000000122,-74.96993449958163,intermediate,NX16_1_P20
91.4000000000122,-74.9699720345381,intermediate,NX16_1_P20
91.42500000001222,-74.97000952263446,intermediate,NX16_1_P20
91.45000000001222,-74.9700469639292,intermediate,NX16_1_P20
91.47500000001224,-74.97008435848076,intermediate,NX16_1_P20
91.50000000001224,-74.97012170634748,intermediate,NX16_1_P20
91.52500000001224,-74.97015900758767,intermediate,NX16_1_P20
91.55000000001225,-74.9701962622595,intermediate,NX16_1_P20
91.57500000001224,-74.97023347042115,intermediate,NX16_1_P20
91.60000000001226,-74.97027063213066,intermediate,NX16_1_P20
91.62500000001226,-74.97030774744603,intermediate,NX16_1_P20
91.65000000001228,-74.97034481642517,intermediate,NX16_1_P20
91.67500000001228,-74.97038183912595,intermediate,NX16_1_P20
91.70000000001228,-74.97041881560612,intermediate,NX16_1_P20
91.72500000001229,-74.9704557459234,intermediate,NX16_1_P20
91.75000000001228,-74.97049263013542,intermediate,NX16_1_P20
91.7750000000123,-74.97052946829973,intermediate,NX16_1_P20
91.8000000000123,-74.97056626047383,intermediate,NX16_1_P20
91.82500000001232,-74.97060300671514,intermediate,NX16_1_P20
91.85000000001232,-74.97063970708098,intermediate,NX16_1_P20
91.87500000001232,-74.97067636162865,intermediate,NX16_1_P20
91.90000000001233,-74.97071297041533,intermediate,NX16_1_P20
91.92500000001232,-74.97074953349816,intermediate,NX16_1_P20
91.95000000001234,-74.97078605093421,intermediate,NX16_1_P20
91.97500000001234,-74.97082252278044,intermediate,NX16_1_P20
92.00000000001236,-74.97085894909378,intermediate,NX16_1_P20
92.02500000001235,-74.97089532993108,intermediate,NX16_1_P20
92.05000000001236,-74.97093166534911,intermediate,NX16_1_P20
92.07500000001237,-74.97096795540457,intermediate,NX16_1_P20
92.10000000001236,-74.9710042001541,intermediate,NX16_1_P20
92.12500000001238,-74.97104039965426,intermediate,NX16_1_P20
92.15000000001238,-74.97107655396154,intermediate,NX16_1_P20
92.1750000000124,-74.97111266313235,intermediate,NX16_1_P20
92.2000000000124,-74.97114872722305,intermediate,NX16_1_P20
92.2250000000124,-74.97118474628992,intermediate,NX16_1_P20
92.2500000000124,-74.97122072038917,intermediate,NX16_1_P20
92.2750000000124,-74.97125664957694,intermediate,NX16_1_P20
92.30000000001242,-74.97129253390929,intermediate,NX16_1_P20
92.32500000001242,-74.97132837344223,intermediate,NX16_1_P20
92.35000000001244,-74.97136416823169,intermediate,NX16_1_P20
92.37500000001243,-74.97139991833352,intermediate,NX16_1_P20
92.40000000001244,-74.97143562380352,intermediate,NX16_1_P20
92.42500000001245,-74.97147128469739,intermediate,NX16_1_P20
92.45000000001244,-74.9715069010708,intermediate,NX16_1_P20
92.47500000001246,-74.97154247297934,intermediate,NX16_1_P20
92.50000000001246,-74.97157800047849,intermediate,NX16_1_P20
92.52500000001248,-74.97161348362371,intermediate,NX16_1_P20
92.55000000001247,-74.9716489224704,intermediate,NX16_1_P20
92.57500000001248,-74.97168431707381,intermediate,NX16_1_P20
92.60000000001249,-74.97171966748921,intermediate,NX16_1_P20
92.62500000001248,-74.97175497377177,intermediate,NX16_1_P20
92.6500000000125,-74.97179023597657,intermediate,NX16_1_P20
92.6750000000125,-74.97182545415863,intermediate,NX16_1_P20
92.70000000001252,-74.97186062837294,intermediate,NX16_1_P20
92.72500000001251,-74.97189575867438,intermediate,NX16_1_P20
92.75000000001252,-74.97193084511775,intermediate,NX16_1_P20
92.77500000001253,-74.97196588775783,intermediate,NX16_1_P20
92.80000000001252,-74.9720008866493,intermediate,NX16_1_P20
92.82500000001254,-74.97203584184678,intermediate,NX16_1_P20
92.85000000001254,-74.97207075340481,intermediate,NX16_1_P20
92.87500000001256,-74.97210562137786,intermediate,NX16_1_P20
92.90000000001255,-74.97214044582037,intermediate,NX16_1_P20
92.92500000001256,-74.97217522678667,intermediate,NX16_1_P20
92.95000000001257,-74.97220996433106,intermediate,NX16_1_P20
92.97500000001256,-74.97224465850772,intermediate,NX16_1_P20
93.00000000001258,-74.97227930937079,intermediate,NX16_1_P20
93.02500000001258,-74.97231391697437,intermediate,NX16_1_P20
93.0500000000126,-74.97234848137245,intermediate,NX16_1_P20
93.0750000000126,-74.97238300261898,intermediate,NX16_1_P20
93.1000000000126,-74.97241748076782,intermediate,NX16_1_P20
93.1250000000126,-74.97245191587278,intermediate,NX16_1_P20
93.1500000000126,-74.97248630798761,intermediate,NX16_1_P20
93.17500000001262,-74.97252065716596,intermediate,NX16_1_P20
93.20000000001262,-74.97255496346143,intermediate,NX16_1_P20
93.22500000001264,-74.97258922692758,intermediate,NX16_1_P20
93.25000000001263,-74.97262344761786,intermediate,NX16_1_P20
93.27500000001264,-74.9726576255857,intermediate,NX16_1_P20
93.30000000001264,-74.9726917608844,intermediate,NX16_1_P20
93.32500000001264,-74.97272585356727,intermediate,NX16_1_P20
93.35000000001266,-74.97275990368748,intermediate,NX16_1_P20
93.37500000001266,-74.97279391129817,intermediate,NX16_1_P20
93.40000000001268,-74.97282787645243,intermediate,NX16_1_P20
93.42500000001267,-74.97286179920324,intermediate,NX16_1_P20
93.45000000001268,-74.97289567960355,intermediate,NX16_1_P20
93.47500000001268,-74.97292951770625,intermediate,NX16_1_P20
93.50000000001268,-74.97296331356412,intermediate,NX16_1_P20
93.5250000000127,-74.97299706722991,intermediate,NX16_1_P20
93.5500000000127,-74.9730307787563,intermediate,NX16_1_P20
93.57500000001272,-74.97306444819588,intermediate,NX16_1_P20
93.60000000001271,-74.97309807560121,intermediate,NX16_1_P20
93.62500000001272,-74.97313166102477,intermediate,NX16_1_P20
93.65000000001272,-74.97316520451895,intermediate,NX16_1_P20
93.67500000001272,-74.97319870613612,intermediate,NX16_1_P20
93.70000000001274,-74.97323216592854,intermediate,NX16_1_P20
93.72500000001274,-74.97326558394845,intermediate,NX16_1_P20
93.75000000001276,-74.97329896024797,intermediate,NX16_1_P20
93.77500000001277,-74.97333229487921,intermediate,NX16_1_P20
93.80000000001276,-74.97336558789418,intermediate,NX16_1_P20
93.82500000001276,-74.97339883934485,intermediate,NX16_1_P20
93.85000000001276,-74.97343204928309,intermediate,NX16_1_P20
93.87500000001278,-74.97346521776073,intermediate,NX16_1_P20
93.90000000001278,-74.97349834482954,intermediate,NX16_1_P20
93.9250000000128,-74.97353143054121,intermediate,NX16_1_P20
93.9500000000128,-74.97356447494738,intermediate,NX16_1_P20
93.9750000000128,-74.9735974780996,intermediate,NX16_1_P20
94.0000000000128,-74.9736304400494,intermediate,NX16_1_P20
94.0250000000128,-74.97366336084819,intermediate,NX16_1_P20
94.05000000001282,-74.97369624054737,intermediate,NX16_1_P20
94.07500000001282,-74.97372907919822,intermediate,NX16_1_P20
94.10000000001284,-74.97376187685201,intermediate,NX16_1_P20
94.12500000001285,-74.97379463355992,intermediate,NX16_1_P20
94.15000000001284,-74.97382734937307,intermediate,NX16_1_P20
94.17500000001284,-74.9738600243425,intermediate,NX16_1_P20
94.20000000001284,-74.9738926585192,intermediate,NX16_1_P20
94.22500000001286,-74.97392525195413,intermediate,NX16_1_P20
94.25000000001286,-74.97395780469812,intermediate,NX16_1_P20
94.27500000001288,-74.97399031680199,intermediate,NX16_1_P20
94.30000000001289,-74.97402278831646,intermediate,NX16_1_P20
94.32500000001288,-74.97405521929221,intermediate,NX16_1_P20
94.35000000001288,-74.97408760977986,intermediate,NX16_1_P20
94.37500000001288,-74.97411995982993,intermediate,NX16_1_P20
94.4000000000129,-74.97415226949293,intermediate,NX16_1_P20
94.4250000000129,-74.97418453881929,intermediate,NX16_1_P20
94.4500000000129,-74.97421676785933,intermediate,NX16_1_P20
94.47500000001293,-74.97424895666337,intermediate,NX16_1_P20
94.50000000001292,-74.97428110528165,intermediate,NX16_1_P20
94.52500000001292,-74.97431321376432,intermediate,NX16_1_P20
94.55000000001291,-74.9743452821615,intermediate,NX16_1_P20
94.57500000001292,-74.97437731052322,intermediate,NX16_1_P20
94.60000000001294,-74.97440929889947,intermediate,NX16_1_P20
94.62500000001296,-74.97444124734018,intermediate,NX16_1_P20
94.65000000001297,-74.9744731558952,intermediate,NX16_1_P20
94.67500000001296,-74.9745050246143,intermediate,NX16_1_P20
94.70000000001296,-74.97453685354725,intermediate,NX16_1_P20
94.72500000001295,-74.9745686427437,intermediate,NX16_1_P20
94.75000000001296,-74.97460039225328,intermediate,NX16_1_P20
94.77500000001298,-74.97463210212551,intermediate,NX16_1_P20
94.800000000013,-74.97466377240988,intermediate,NX16_1_P20
94.825000000013,-74.97469540315582,intermediate,NX16_1_P20
94.850000000013,-74.97472699441269,intermediate,NX16_1_P20
94.875000000013,-74.9747585462298,intermediate,NX16_1_P20
94.900000000013,-74.97479005865637,intermediate,NX16_1_P20
94.925000000013,-74.97482153174158,intermediate,NX16_1_P20
94.95000000001302,-74.97485296553455,intermediate,NX16_1_P20
94.97500000001304,-74.97488436008435,intermediate,NX16_1_P20
95.00000000001305,-74.97491571543993,intermediate,NX16_1_P20
95.02500000001304,-74.97494703165027,intermediate,NX16_1_P20
95.05000000001304,-74.97497830876421,intermediate,NX16_1_P20
95.07500000001303,-74.97500954683058,intermediate,NX16_1_P20
95.10000000001304,-74.9750407458981,intermediate,NX16_1_P20
95.12500000001306,-74.97507190601547,intermediate,NX16_1_P20
95.15000000001308,-74.97510302723134,intermediate,NX16_1_P20
95.17500000001309,-74.97513410959425,intermediate,NX16_1_P20
95.20000000001308,-74.9751651531527,intermediate,NX16_1_P20
95.22500000001308,-74.97519615795517,intermediate,NX16_1_P20
95.25000000001307,-74.97522712405001,intermediate,NX16_1_P20
95.2750000000131,-74.97525805148555,intermediate,NX16_1_P20
95.3000000000131,-74.97528894031007,intermediate,NX16_1_P20
95.3250000000131,-74.97531979057176,intermediate,NX16_1_P20
95.35000000001313,-74.97535060231877,intermediate,NX16_1_P20
95.37500000001312,-74.97538137559917,intermediate,NX16_1_P20
95.40000000001312,-74.97541211046101,intermediate,NX16_1_P20
95.42500000001311,-74.97544280695222,intermediate,NX16_1_P20
95.45000000001312,-74.97547346512073,intermediate,NX16_1_P20
95.47500000001314,-74.97550408501436,intermediate,NX16_1_P20
95.50000000001316,-74.97553466668093,intermediate,NX16_1_P20
95.52500000001316,-74.97556521016813,intermediate,NX16_1_P20
95.55000000001316,-74.97559571552364,intermediate,NX16_1_P20
95.57500000001316,-74.97562618279505,intermediate,NX16_1_P20
95.60000000001315,-74.97565661202994,intermediate,NX16_1_P20
95.62500000001316,-74.97568700327575,intermediate,NX16_1_P20
95.65000000001318,-74.97571735657993,intermediate,NX16_1_P20
95.67500000001318,-74.97574767198986,intermediate,NX16_1_P20
95.7000000000132,-74.97577794955285,intermediate,NX16_1_P20
95.7250000000132,-74.97580818931611,intermediate,NX16_1_P20
95.7500000000132,-74.97583839132687,intermediate,NX16_1_P20
95.7750000000132,-74.97586855563225,intermediate,NX16_1_P20
95.8000000000132,-74.97589868227932,intermediate,NX16_1_P20
95.82500000001322,-74.9759287713151,intermediate,NX16_1_P20
95.85000000001322,-74.97595882278654,intermediate,NX16_1_P20
95.87500000001324,-74.97598883674053,intermediate,NX16_1_P20
95.90000000001324,-74.97601881322392,intermediate,NX16_1_P20
95.92500000001324,-74.97604875228349,intermediate,NX16_1_P20
95.95000000001323,-74.97607865396596,intermediate,NX16_1_P20
95.97500000001324,-74.97610851831799,intermediate,NX16_1_P20
96.00000000001326,-74.97613834538618,intermediate,NX16_1_P20
96.02500000001326,-74.97616813521708,intermediate,NX16_1_P20
96.05000000001328,-74.97619788785718,intermediate,NX16_1_P20
96.07500000001328,-74.97622760335291,intermediate,NX16_1_P20
96.10000000001328,-74.97625728175065,intermediate,NX16_1_P20
96.12500000001327,-74.97628692309671,intermediate,NX16_1_P20
96.15000000001328,-74.97631652743735,intermediate,NX16_1_P20
96.1750000000133,-74.97634609481875,intermediate,NX16_1_P20
96.2000000000133,-74.97637562528706,intermediate,NX16_1_P20
96.22500000001332,-74.9764051188884,intermediate,NX16_1_P20
96.25000000001332,-74.97643457566873,intermediate,NX16_1_P20
96.27500000001332,-74.97646399567407,intermediate,NX16_1_P20
96.30000000001333,-74.97649337895031,intermediate,NX16_1_P20
96.32500000001332,-74.97652272554332,intermediate,NX16_1_P20
96.35000000001334,-74.97655203549887,intermediate,NX16_1_P20
96.37500000001334,-74.97658130886273,intermediate,NX16_1_P20
96.40000000001336,-74.97661054568056,intermediate,NX16_1_P20
96.42500000001336,-74.976639745998,intermediate,NX16_1_P20
96.45000000001336,-74.9766689098606,intermediate,NX16_1_P20
96.47500000001337,-74.9766980373139,intermediate,NX16_1_P20
96.50000000001336,-74.97672712840333,intermediate,NX16_1_P20
96.52500000001338,-74.9767561831743,intermediate,NX16_1_P20
96.55000000001338,-74.97678520167214,intermediate,NX16_1_P20
96.5750000000134,-74.97681418394215,intermediate,NX16_1_P20
96.6000000000134,-74.97684313002956,intermediate,NX16_1_P20
96.6250000000134,-74.97687203997953,intermediate,NX16_1_P20
96.6500000000134,-74.97690091383717,intermediate,NX16_1_P20
96.6750000000134,-74.97692975164755,intermediate,NX16_1_P20
96.70000000001342,-74.97695855345566,intermediate,NX16_1_P20
96.72500000001342,-74.97698731930647,intermediate,NX16_1_P20
96.75000000001344,-74.97701604924485,intermediate,NX16_1_P20
96.77500000001343,-74.97704474331566,intermediate,NX16_1_P20
96.80000000001344,-74.97707340156364,intermediate,NX16_1_P20
96.82500000001345,-74.97710202403354,intermediate,NX16_1_P20
96.85000000001344,-74.97713061077002,intermediate,NX16_1_P20
96.87500000001346,-74.9771591618177,intermediate,NX16_1_P20
96.90000000001346,-74.97718767722111,intermediate,NX16_1_P20
96.92500000001348,-74.97721615702477,intermediate,NX16_1_P20
96.95000000001347,-74.97724460127313,intermediate,NX16_1_P20
96.97500000001348,-74.97727301001056,intermediate,NX16_1_P20
97.00000000001349,-74.9773013832814,intermediate,NX16_1_P20
97.02500000001348,-74.97732972112993,intermediate,NX16_1_P20
97.0500000000135,-74.97735802360039,intermediate,NX16_1_P20
97.0750000000135,-74.97738629073692,intermediate,NX16_1_P20
97.10000000001352,-74.97741452258363,intermediate,NX16_1_P20
97.12500000001351,-74.9774427191846,intermediate,NX16_1_P20
97.15000000001352,-74.97747088058381,intermediate,NX16_1_P20
97.17500000001353,-74.97749900682523,intermediate,NX16_1_P20
97.20000000001352,-74.97752709795274,intermediate,NX16_1_P20
97.22500000001354,-74.97755515401018,intermediate,NX16_1_P20
97.25000000001354,-74.97758317504132,intermediate,NX16_1_P20
97.27500000001356,-74.97761116108991,intermediate,NX16_1_P20
97.30000000001355,-74.97763911219961,intermediate,NX16_1_P20
97.32500000001356,-74.97766702841405,intermediate,NX16_1_P20
97.35000000001357,-74.97769490977677,intermediate,NX16_1_P20
97.37500000001356,-74.97772275633132,intermediate,NX16_1_P20
97.40000000001358,-74.97775056812112,intermediate,NX16_1_P20
97.42500000001358,-74.97777834518959,intermediate,NX16_1_P20
97.4500000000136,-74.97780608758006,intermediate,NX16_1_P20
97.4750000000136,-74.97783379533584,intermediate,NX16_1_P20
97.5000000000136,-74.97786146850018,intermediate,NX16_1_P20
97.5250000000136,-74.97788910711624,intermediate,NX16_1_P20
97.5500000000136,-74.97791671122715,intermediate,NX16_1_P20
97.57500000001362,-74.97794428087602,intermediate,NX16_1_P20
97.60000000001362,-74.97797181610584,intermediate,NX16_1_P20
97.62500000001364,-74.9779993169596,intermediate,NX16_1_P20
97.65000000001363,-74.9780267834802,intermediate,NX16_1_P20
97.67500000001364,-74.97805421571051,intermediate,NX16_1_P20
97.70000000001365,-74.97808161369336,intermediate,NX16_1_P20
97.72500000001364,-74.97810897747148,intermediate,NX16_1_P20
97.75000000001366,-74.97813630708758,intermediate,NX16_1_P20
97.77500000001366,-74.9781636025843,intermediate,NX16_1_P20
97.80000000001368,-74.97819086400426,intermediate,NX16_1_P20
97.82500000001367,-74.97821809138998,intermediate,NX16_1_P20
97.85000000001368,-74.97824528478395,intermediate,NX16_1_P20
97.87500000001369,-74.97827244422864,intermediate,NX16_1_P20
97.90000000001368,-74.97829956976638,intermediate,NX16_1_P20
97.9250000000137,-74.97832666143954,intermediate,NX16_1_P20
97.9500000000137,-74.9783537192904,intermediate,NX16_1_P20
97.97500000001372,-74.97838074336116,intermediate,NX16_1_P20
98.00000000001371,-74.978407733694,intermediate,NX16_1_P20
98.02500000001372,-74.97843469033104,intermediate,NX16_1_P20
98.05000000001372,-74.97846161331437,intermediate,NX16_1_P20
98.07500000001372,-74.97848850268596,intermediate,NX16_1_P20
98.10000000001374,-74.97851535848781,intermediate,NX16_1_P20
98.12500000001374,-74.97854218076182,intermediate,NX16_1_P20
98.15000000001376,-74.97856896954985,intermediate,NX16_1_P20
98.17500000001375,-74.9785957248937,intermediate,NX16_1_P20
98.20000000001376,-74.97862244683512,intermediate,NX16_1_P20
98.22500000001376,-74.97864913541581,intermediate,NX16_1_P20
98.25000000001376,-74.97867579067743,intermediate,NX16_1_P20
98.27500000001378,-74.97870241266156,intermediate,NX16_1_P20
98.30000000001378,-74.97872900140977,intermediate,NX16_1_P20
98.3250000000138,-74.97875555696353,intermediate,NX16_1_P20
98.3500000000138,-74.9787820793643,intermediate,NX16_1_P20
98.3750000000138,-74.97880856865343,intermediate,NX16_1_P20
98.4000000000138,-74.97883502487231,intermediate,NX16_1_P20
98.4250000000138,-74.9788614480622,intermediate,NX16_1_P20
98.45000000001382,-74.97888783826434,intermediate,NX16_1_P20
98.47500000001382,-74.9789141955199,intermediate,NX16_1_P20
98.50000000001384,-74.97894051987004,intermediate,NX16_1_P20
98.52500000001385,-74.9789668113558,intermediate,NX16_1_P20
98.55000000001384,-74.97899307001825,intermediate,NX16_1_P20
98.57500000001384,-74.97901929589835,intermediate,NX16_1_P20
98.60000000001384,-74.97904548903702,intermediate,NX16_1_P20
98.62500000001386,-74.97907164947515,intermediate,NX16_1_P20
98.65000000001386,-74.97909777725354,intermediate,NX16_1_P20
98.67500000001388,-74.979123872413,intermediate,NX16_1_P20
98.70000000001389,-74.97914993499423,intermediate,NX16_1_P20
98.72500000001388,-74.9791759650379,intermediate,NX16_1_P20
98.75000000001388,-74.97920196258464,intermediate,NX16_1_P20
98.77500000001388,-74.97922792767501,intermediate,NX16_1_P20
98.8000000000139,-74.97925386034954,intermediate,NX16_1_P20
98.8250000000139,-74.97927976064871,intermediate,NX16_1_P20
98.8500000000139,-74.9793056286129,intermediate,NX16_1_P20
98.87500000001393,-74.97933146428252,intermediate,NX16_1_P20
98.90000000001392,-74.97935726769788,intermediate,NX16_1_P20
98.92500000001392,-74.97938303889923,intermediate,NX16_1_P20
98.95000000001392,-74.97940877792679,intermediate,NX16_1_P20
98.97500000001394,-74.97943448482073,intermediate,NX16_1_P20
99.00000000001394,-74.97946015962118,intermediate,NX16_1_P20
99.02500000001396,-74.97948580236819,intermediate,NX16_1_P20
99.05000000001397,-74.97951141310179,intermediate,NX16_1_P20
99.07500000001396,-74.97953699186193,intermediate,NX16_1_P20
99.10000000001396,-74.97956253868854,intermediate,NX16_1_P20
99.12500000001396,-74.9795880536215,intermediate,NX16_1_P20
99.15000000001396,-74.9796135367006,intermediate,NX16_1_P20
99.17500000001398,-74.97963898796561,intermediate,NX16_1_P20
99.200000000014,-74.97966440745627,intermediate,NX16_1_P20
99.225000000014,-74.97968979521222,intermediate,NX16_1_P20
99.250000000014,-74.9797151512731,intermediate,NX16_1_P20
99.275000000014,-74.97974047567848,intermediate,NX16_1_P20
99.300000000014,-74.97976576846787,intermediate,NX16_1_P20
99.325000000014,-74.97979102968074,intermediate,NX16_1_P20
99.35000000001402,-74.97981625935653,intermediate,NX16_1_P20
99.37500000001404,-74.97984145753458,intermediate,NX16_1_P20
99.40000000001405,-74.97986662425424,intermediate,NX16_1_P20
99.42500000001404,-74.97989175955477,intermediate,NX16_1_P20
99.45000000001404,-74.97991686347541,intermediate,NX16_1_P20
99.47500000001403,-74.97994193605531,intermediate,NX16_1_P20
99.50000000001404,-74.97996697733362,intermediate,NX16_1_P20
99.52500000001406,-74.97999198734941,intermediate,NX16_1_P20
99.55000000001408,-74.9800169661417,intermediate,NX16_1_P20
99.57500000001409,-74.9800419137495,intermediate,NX16_1_P20
99.60000000001408,-74.98006683021171,intermediate,NX16_1_P20
99.62500000001408,-74.98009171556723,intermediate,NX16_1_P20
99.65000000001407,-74.98011656985489,intermediate,NX16_1_P20
99.6750000000141,-74.98014139311347,intermediate,NX16_1_P20
99.7000000000141,-74.98016618538172,intermediate,NX16_1_P20
99.7250000000141,-74.98019094669833,intermediate,NX16_1_P20
99.75000000001413,-74.98021567710192,intermediate,NX16_1_P20
99.77500000001412,-74.98024037663112,intermediate,NX16_1_P20
99.80000000001412,-74.98026504532444,intermediate,NX16_1_P20
99.82500000001411,-74.98028968322039,intermediate,NX16_1_P20
99.85000000001412,-74.98031429035743,intermediate,NX16_1_P20
99.87500000001414,-74.98033886677393,intermediate,NX16_1_P20
99.90000000001416,-74.98036341250828,intermediate,NX16_1_P20
99.92500000001417,-74.98038792759877,intermediate,NX16_1_P20
99.95000000001416,-74.98041241208364,intermediate,NX16_1_P20
99.97500000001416,-74.98043686600111,intermediate,NX16_1_P20
100.00000000001415,-74.98046128938935,intermediate,NX16_1_P20
100.02500000001416,-74.98048568228648,intermediate,NX16_1_P20
100.05000000001418,-74.98051004473055,intermediate,NX16_1_P20
100.0750000000142,-74.98053437675958,intermediate,NX16_1_P20
100.1000000000142,-74.98055867841154,intermediate,NX16_1_P20
100.1250000000142,-74.98058294972436,intermediate,NX16_1_P20
100.1500000000142,-74.98060719073592,intermediate,NX16_1_P20
100.1750000000142,-74.98063140148406,intermediate,NX16_1_P20
100.2000000000142,-74.98065558200653,intermediate,NX16_1_P20
100.22500000001422,-74.98067973234109,intermediate,NX16_1_P20
100.25000000001424,-74.98070385252541,intermediate,NX16_1_P20
100.27500000001424,-74.98072794259714,intermediate,NX16_1_P20
100.30000000001424,-74.98075200259389,intermediate,NX16_1_P20
100.32500000001424,-74.98077603255318,intermediate,NX16_1_P20
100.35000000001423,-74.98080003251252,intermediate,NX16_1_P20
100.37500000001424,-74.98082400250937,intermediate,NX16_1_P20
100.40000000001426,-74.98084794258112,intermediate,NX16_1_P20
100.42500000001426,-74.98087185276515,intermediate,NX16_1_P20
100.45000000001428,-74.98089573309876,intermediate,NX16_1_P20
100.47500000001428,-74.98091958361921,intermediate,NX16_1_P20
100.50000000001428,-74.98094340436374,intermediate,NX16_1_P20
100.52500000001427,-74.98096719536952,intermediate,NX16_1_P20
100.5500000000143,-74.98099095667365,intermediate,NX16_1_P20
100.5750000000143,-74.98101468831325,intermediate,NX16_1_P20
100.6000000000143,-74.98103839032532,intermediate,NX16_1_P20
100.62500000001432,-74.98106206274687,intermediate,NX16_1_P20
100.65000000001432,-74.98108570561484,intermediate,NX16_1_P20
100.67500000001432,-74.98110931896612,intermediate,NX16_1_P20
100.70000000001431,-74.98113290283756,intermediate,NX16_1_P20
100.72500000001432,-74.98115645726595,intermediate,NX16_1_P20
100.75000000001434,-74.98117998228808,intermediate,NX16_1_P20
100.77500000001434,-74.98120347794064,intermediate,NX16_1_P20
100.80000000001436,-74.9812269442603,intermediate,NX16_1_P20
100.82500000001436,-74.98125038128367,intermediate,NX16_1_P20
100.85000000001436,-74.98127378904735,intermediate,NX16_1_P20
100.87500000001435,-74.98129716758785,intermediate,NX16_1_P20
100.90000000001436,-74.98132051694166,intermediate,NX16_1_P20
100.92500000001438,-74.98134383714522,intermediate,NX16_1_P20
100.95000000001438,-74.98136712823491,intermediate,NX16_1_P20
100.9750000000144,-74.98139039024709,intermediate,NX16_1_P20
101.0000000000144,-74.98141362321805,intermediate,NX16_1_P20
101.0250000000144,-74.98143682718406,intermediate,NX16_1_P20
101.0500000000144,-74.98146000218131,intermediate,NX16_1_P20
101.0750000000144,-74.98148314824599,intermediate,NX16_1_P20
101.10000000001442,-74.98150626541421,intermediate,NX16_1_P20
101.12500000001442,-74.98152935372204,intermediate,NX16_1_P20
101.15000000001444,-74.98155241320552,intermediate,NX16_1_P20
101.17500000001444,-74.98157544390064,intermediate,NX16_1_P20
101.20000000001444,-74.98159844584332,intermediate,NX16_1_P20
101.22500000001445,-74.98162141906947,intermediate,NX16_1_P20
101.25000000001444,-74.98164436361493,intermediate,NX16_1_P20
101.27500000001446,-74.98166727951552,intermediate,NX16_1_P20
101.30000000001446,-74.981690166807,intermediate,NX16_1_P20
101.32500000001448,-74.98171302552508,intermediate,NX16_1_P20
101.35000000001448,-74.98173585570544,intermediate,NX16_1_P20
101.37500000001448,-74.9817586573837,intermediate,NX16_1_P20
101.40000000001449,-74.98178143059545,intermediate,NX16_1_P20
101.42500000001448,-74.98180417537621,intermediate,NX16_1_P20
101.4500000000145,-74.9818268917615,intermediate,NX16_1_P20
101.4750000000145,-74.98184957978675,intermediate,NX16_1_P20
101.50000000001452,-74.98187223948739,intermediate,NX16_1_P20
101.52500000001451,-74.98189487089874,intermediate,NX16_1_P20
101.55000000001452,-74.98191747405616,intermediate,NX16_1_P20
101.57500000001453,-74.9819400489949,intermediate,NX16_1_P20
101.60000000001452,-74.9819625957502,intermediate,NX16_1_P20
101.62500000001454,-74.98198511435724,intermediate,NX16_1_P20
101.65000000001454,-74.98200760485118,intermediate,NX16_1_P20
101.67500000001456,-74.98203006726708,intermediate,NX16_1_P20
101.70000000001455,-74.98205250164001,intermediate,NX16_1_P20
101.72500000001456,-74.982074908005,intermediate,NX16_1_P20
101.75000000001457,-74.98209728639699,intermediate,NX16_1_P20
101.77500000001456,-74.98211963685091,intermediate,NX16_1_P20
101.80000000001458,-74.98214195940166,intermediate,NX16_1_P20
101.82500000001458,-74.98216425408404,intermediate,NX16_1_P20
101.8500000000146,-74.98218652093286,intermediate,NX16_1_P20
101.8750000000146,-74.98220875998287,intermediate,NX16_1_P20
101.9000000000146,-74.98223097126878,intermediate,NX16_1_P20
101.9250000000146,-74.98225315482523,intermediate,NX16_1_P20
101.9500000000146,-74.98227531068686,intermediate,NX16_1_P20
101.97500000001462,-74.98229743888824,intermediate,NX16_1_P20
102.00000000001462,-74.9823195394639,intermediate,NX16_1_P20
102.02500000001464,-74.98234161244834,intermediate,NX16_1_P20
102.05000000001463,-74.98236365787598,intermediate,NX16_1_P20
102.07500000001464,-74.98238567578125,intermediate,NX16_1_P20
102.10000000001465,-74.98240766619848,intermediate,NX16_1_P20
102.12500000001464,-74.98242962916203,intermediate,NX16_1_P20
102.15000000001466,-74.98245156470612,intermediate,NX16_1_P20
102.17500000001466,-74.98247347286504,intermediate,NX16_1_P20
102.20000000001468,-74.98249535367293,intermediate,NX16_1_P20
102.22500000001467,-74.98251720716397,intermediate,NX16_1_P20
102.25000000001468,-74.98253903337225,intermediate,NX16_1_P20
102.27500000001469,-74.98256083233183,intermediate,NX16_1_P20
102.30000000001468,-74.98258260407673,intermediate,NX16_1_P20
102.3250000000147,-74.9826043486409,intermediate,NX16_1_P20
102.3500000000147,-74.98262606605833,intermediate,NX16_1_P20
102.37500000001472,-74.98264775636287,intermediate,NX16_1_P20
102.40000000001471,-74.98266941958838,intermediate,NX16_1_P20
102.42500000001472,-74.98269105576865,intermediate,NX16_1_P20
102.45000000001473,-74.98271266493747,intermediate,NX16_1_P20
102.47500000001472,-74.98273424712855,intermediate,NX16_1_P20
102.50000000001474,-74.98275580237558,intermediate,NX16_1_P20
102.52500000001474,-74.98277733071218,intermediate,NX16_1_P20
102.55000000001476,-74.98279883217195,intermediate,NX16_1_P20
102.57500000001475,-74.98282030678845,intermediate,NX16_1_P20
102.60000000001476,-74.9828417545952,intermediate,NX16_1_P20
102.62500000001477,-74.98286317562565,intermediate,NX16_1_P20
102.65000000001476,-74.98288456991325,intermediate,NX16_1_P20
102.67500000001478,-74.98290593749138,intermediate,NX16_1_P20
102.70000000001478,-74.98292727839339,intermediate,NX16_1_P20
102.7250000000148,-74.98294859265256,intermediate,NX16_1_P20
102.7500000000148,-74.98296988030218,intermediate,NX16_1_P20
102.7750000000148,-74.98299114137545,intermediate,NX16_1_P20
102.8000000000148,-74.98301237590556,intermediate,NX16_1_P20
102.8250000000148,-74.98303358392565,intermediate,NX16_1_P20
102.85000000001482,-74.98305476546881,intermediate,NX16_1_P20
102.87500000001482,-74.98307592056808,intermediate,NX16_1_P20
102.90000000001484,-74.9830970492565,intermediate,NX16_1_P20
102.92500000001483,-74.98311815156704,intermediate,NX16_1_P20
102.95000000001484,-74.98313922753262,intermediate,NX16_1_P20
102.97500000001484,-74.98316027718613,intermediate,NX16_1_P20
103.00000000001484,-74.98318130056042,intermediate,NX16_1_P20
103.02500000001486,-74.9832022976883,intermediate,NX16_1_P20
103.05000000001486,-74.98322326860254,intermediate,NX16_1_P20
103.07500000001488,-74.98324421333587,intermediate,NX16_1_P20
103.10000000001487,-74.98326513192096,intermediate,NX16_1_P20
103.12500000001488,-74.98328602439047,intermediate,NX16_1_P20
103.15000000001488,-74.98330689077699,intermediate,NX16_1_P20
103.17500000001488,-74.98332773111309,intermediate,NX16_1_P20
103.2000000000149,-74.9833485454313,intermediate,NX16_1_P20
103.2250000000149,-74.98336933376409,intermediate,NX16_1_P20
103.25000000001492,-74.98339009614389,intermediate,NX16_1_P20
103.27500000001493,-74.98341083260313,intermediate,NX16_1_P20
103.30000000001492,-74.98343154317416,intermediate,NX16_1_P20
103.32500000001492,-74.98345222788929,intermediate,NX16_1_P20
103.35000000001492,-74.9834728867808,intermediate,NX16_1_P20
103.37500000001494,-74.98349351988095,intermediate,NX16_1_P20
103.40000000001494,-74.98351412722191,intermediate,NX16_1_P20
103.42500000001496,-74.98353470883586,intermediate,NX16_1_P20
103.45000000001497,-74.98355526475491,intermediate,NX16_1_P20
103.47500000001496,-74.98357579501115,intermediate,NX16_1_P20
103.50000000001496,-74.98359629963659,intermediate,NX16_1_P20
103.52500000001496,-74.98361677866326,intermediate,NX16_1_P20
103.55000000001498,-74.9836372321231,intermediate,NX16_1_P20
103.57500000001498,-74.98365766004804,intermediate,NX16_1_P20
103.600000000015,-74.98367806246993,intermediate,NX16_1_P20
103.625000000015,-74.98369843942066,intermediate,NX16_1_P20
103.650000000015,-74.98371879093199,intermediate,NX16_1_P20
103.675000000015,-74.98373911703568,intermediate,NX16_1_P20
103.700000000015,-74.98375941776347,intermediate,NX16_1_P20
103.72500000001502,-74.98377969314703,intermediate,NX16_1_P20
103.75000000001502,-74.983799943218,intermediate,NX16_1_P20
103.77500000001504,-74.983820168008,intermediate,NX16_1_P20
103.80000000001505,-74.98384036754855,intermediate,NX16_1_P20
103.82500000001504,-74.98386054187121,intermediate,NX16_1_P20
103.85000000001504,-74.98388069100744,intermediate,NX16_1_P20
103.87500000001504,-74.9839008149887,intermediate,NX16_1_P20
103.90000000001504,-74.98392091384639,intermediate,NX16_1_P20
103.92500000001506,-74.98394098761187,intermediate,NX16_1_P20
103.95000000001508,-74.98396103631647,intermediate,NX16_1_P20
103.97500000001509,-74.98398105999148,intermediate,NX16_1_P20
104.00000000001508,-74.98400105866813,intermediate,NX16_1_P20
104.02500000001508,-74.98402103237765,intermediate,NX16_1_P20
104.05000000001507,-74.98404098115121,intermediate,NX16_1_P20
104.0750000000151,-74.98406090501993,intermediate,NX16_1_P20
104.1000000000151,-74.98408080401491,intermediate,NX16_1_P20
104.1250000000151,-74.9841006781672,intermediate,NX16_1_P20
104.15000000001513,-74.98412052750781,intermediate,NX16_1_P20
104.17500000001512,-74.98414035206773,intermediate,NX16_1_P20
104.20000000001512,-74.98416015187787,intermediate,NX16_1_P20
104.22500000001511,-74.98417992696915,intermediate,NX16_1_P20
104.25000000001512,-74.98419967737243,intermediate,NX16_1_P20
104.27500000001514,-74.98421940311853,intermediate,NX16_1_P20
104.30000000001516,-74.98423910423823,intermediate,NX16_1_P20
104.32500000001517,-74.98425878076227,intermediate,NX16_1_P20
104.35000000001516,-74.98427843272137,intermediate,NX16_1_P20
104.37500000001516,-74.98429806014617,intermediate,NX16_1_P20
104.40000000001515,-74.98431766306734,intermediate,NX16_1_P20
104.42500000001516,-74.98433724151543,intermediate,NX16_1_P20
104.45000000001518,-74.98435679552104,intermediate,NX16_1_P20
104.4750000000152,-74.98437632511464,intermediate,NX16_1_P20
104.5000000000152,-74.98439583032672,intermediate,NX16_1_P20
104.5250000000152,-74.98441531118773,intermediate,NX16_1_P20
104.5500000000152,-74.98443476772806,intermediate,NX16_1_P20
104.5750000000152,-74.98445419997809,intermediate,NX16_1_P20
104.6000000000152,-74.98447360796813,intermediate,NX16_1_P20
104.62500000001522,-74.98449299172846,intermediate,NX16_1_P20
104.65000000001524,-74.98451235128934,intermediate,NX16_1_P20
104.67500000001525,-74.98453168668098,intermediate,NX16_1_P20
104.70000000001524,-74.98455099793357,intermediate,NX16_1_P20
104.72500000001524,-74.98457028507721,intermediate,NX16_1_P20
104.75000000001523,-74.98458954814203,intermediate,NX16_1_P20
104.77500000001524,-74.98460878715808,intermediate,NX16_1_P20
104.80000000001526,-74.98462800215538,intermediate,NX16_1_P20
104.82500000001528,-74.98464719316392,intermediate,NX16_1_P20
104.85000000001529,-74.98466636021365,intermediate,NX16_1_P20
104.87500000001528,-74.98468550333448,intermediate,NX16_1_P20
104.90000000001528,-74.98470462255628,intermediate,NX16_1_P20
104.92500000001527,-74.98472371790889,intermediate,NX16_1_P20
104.9500000000153,-74.98474278942211,intermediate,NX16_1_P20
104.9750000000153,-74.9847618371257,intermediate,NX16_1_P20
105.0000000000153,-74.98478086104939,intermediate,NX16_1_P20
105.02500000001532,-74.98479986122285,intermediate,NX16_1_P20
105.05000000001532,-74.98481883767576,intermediate,NX16_1_P20
105.07500000001532,-74.98483779043771,intermediate,NX16_1_P20
105.10000000001531,-74.98485671953829,intermediate,NX16_1_P20
105.12500000001532,-74.98487562500702,intermediate,NX16_1_P20
105.15000000001534,-74.98489450687342,intermediate,NX16_1_P20
105.17500000001534,-74.98491336516696,intermediate,NX16_1_P20
105.20000000001536,-74.98493219991705,intermediate,NX16_1_P20
105.22500000001536,-74.98495101115311,intermediate,NX16_1_P20
105.25000000001536,-74.98496979890447,intermediate,NX16_1_P20
105.27500000001535,-74.98498856320047,intermediate,NX16_1_P20
105.30000000001536,-74.98500730407038,intermediate,NX16_1_P20
105.32500000001538,-74.98502602154345,intermediate,NX16_1_P20
105.35000000001538,-74.98504471564888,intermediate,NX16_1_P20
105.3750000000154,-74.98506338641586,intermediate,NX16_1_P20
105.4000000000154,-74.98508203387351,intermediate,NX16_1_P20
105.4250000000154,-74.98510065805095,intermediate,NX16_1_P20
105.4500000000154,-74.98511925897722,intermediate,NX16_1_P20
105.4750000000154,-74.98513783668136,intermediate,NX16_1_P20
105.50000000001542,-74.98515639119238,intermediate,NX16_1_P20
105.52500000001542,-74.9851749225392,intermediate,NX16_1_P20
105.55000000001544,-74.98519343075075,intermediate,NX16_1_P20
105.57500000001544,-74.98521191585593,intermediate,NX16_1_P20
105.60000000001544,-74.98523037788357,intermediate,NX16_1_P20
105.62500000001543,-74.98524881686248,intermediate,NX16_1_P20
105.65000000001544,-74.98526723282146,intermediate,NX16_1_P20
105.67500000001546,-74.98528562578922,intermediate,NX16_1_P20
105.70000000001546,-74.98530399579447,intermediate,NX16_1_P20
105.72500000001548,-74.98532234286589,intermediate,NX16_1_P20
105.75000000001548,-74.98534066703209,intermediate,NX16_1_P20
105.77500000001548,-74.98535896832169,intermediate,NX16_1_P20
105.80000000001549,-74.98537724676324,intermediate,NX16_1_P20
105.82500000001548,-74.98539550238524,intermediate,NX16_1_P20
105.8500000000155,-74.98541373521623,intermediate,NX16_1_P20
105.8750000000155,-74.98543194528462,intermediate,NX16_1_P20
105.90000000001552,-74.98545013261884,intermediate,NX16_1_P20
105.92500000001552,-74.98546829724728,intermediate,NX16_1_P20
105.95000000001552,-74.98548643919828,intermediate,NX16_1_P20
105.97500000001553,-74.98550455850015,intermediate,NX16_1_P20
106.00000000001552,-74.98552265518117,intermediate,NX16_1_P20
106.02500000001554,-74.98554072926959,intermediate,NX16_1_P20
106.05000000001554,-74.9855587807936,intermediate,NX16_1_P20
106.07500000001556,-74.98557680978136,intermediate,NX16_1_P20
106.10000000001556,-74.98559481626103,intermediate,NX16_1_P20
106.12500000001556,-74.9856128002607,intermediate,NX16_1_P20
106.15000000001557,-74.98563076180844,intermediate,NX16_1_P20
106.17500000001556,-74.98564870093227,intermediate,NX16_1_P20
106.20000000001558,-74.9856666176602,intermediate,NX16_1_P20
106.22500000001558,-74.98568451202017,intermediate,NX16_1_P20
106.2500000000156,-74.98570238404011,intermediate,NX16_1_P20
106.2750000000156,-74.98572023374793,intermediate,NX16_1_P20
106.3000000000156,-74.98573806117146,intermediate,NX16_1_P20
106.3250000000156,-74.98575586633854,intermediate,NX16_1_P20
106.3500000000156,-74.98577364927694,intermediate,NX16_1_P20
106.37500000001562,-74.98579141001441,intermediate,NX16_1_P20
106.40000000001562,-74.9858091485787,intermediate,NX16_1_P20
106.42500000001564,-74.98582686499745,intermediate,NX16_1_P20
106.45000000001563,-74.98584455929831,intermediate,NX16_1_P20
106.47500000001564,-74.98586223150893,intermediate,NX16_1_P20
106.50000000001565,-74.98587988165686,intermediate,NX16_1_P20
106.52500000001564,-74.98589750976964,intermediate,NX16_1_P20
106.55000000001566,-74.9859151158748,intermediate,NX16_1_P20
106.57500000001566,-74.9859326999998,intermediate,NX16_1_P20
106.60000000001568,-74.98595026217208,intermediate,NX16_1_P20
106.62500000001567,-74.98596780241905,intermediate,NX16_1_P20
106.65000000001568,-74.9859853207681,intermediate,NX16_1_P20
106.67500000001569,-74.98600281724653,intermediate,NX16_1_P20
106.70000000001568,-74.98602029188167,intermediate,NX16_1_P20
106.7250000000157,-74.9860377447008,intermediate,NX16_1_P20
106.7500000000157,-74.98605517573114,intermediate,NX16_1_P20
106.77500000001572,-74.98607258499989,intermediate,NX16_1_P20
106.80000000001571,-74.98608997253422,intermediate,NX16_1_P20
106.82500000001572,-74.98610733836126,intermediate,NX16_1_P20
106.85000000001573,-74.98612468250812,intermediate,NX16_1_P20
106.87500000001572,-74.98614200500187,intermediate,NX16_1_P20
106.90000000001574,-74.98615930586953,intermediate,NX16_1_P20
106.92500000001574,-74.98617658513811,intermediate,NX16_1_P20
106.95000000001576,-74.98619384283457,intermediate,NX16_1_P20
106.97500000001575,-74.98621107898583,intermediate,NX16_1_P20
107.00000000001576,-74.98622829361881,intermediate,NX16_1_P20
107.02500000001577,-74.98624548676035,intermediate,NX16_1_P20
107.05000000001576,-74.9862626584373,intermediate,NX16_1_P20
107.07500000001578,-74.98627980867646,intermediate,NX16_1_P20
107.10000000001578,-74.98629693750458,intermediate,NX16_1_P20
107.1250000000158,-74.98631404494839,intermediate,NX16_1_P20
107.1500000000158,-74.98633113103459,intermediate,NX16_1_P20
107.1750000000158,-74.98634819578984,intermediate,NX16_1_P20
107.2000000000158,-74.9863652392408,intermediate,NX16_1_P20
107.2250000000158,-74.98638226141402,intermediate,NX16_1_P20
107.25000000001582,-74.9863992623361,intermediate,NX16_1_P20
107.27500000001582,-74.98641624203356,intermediate,NX16_1_P20
107.30000000001584,-74.98643320053289,intermediate,NX16_1_P20
107.32500000001583,-74.98645013786056,intermediate,NX16_1_P20
107.35000000001584,-74.986467054043,intermediate,NX16_1_P20
107.37500000001585,-74.98648394910663,intermediate,NX16_1_P20
107.40000000001584,-74.98650082307778,intermediate,NX16_1_P20
107.42500000001586,-74.9865176759828,intermediate,NX16_1_P20
107.45000000001586,-74.98653450784798,intermediate,NX16_1_P20
107.47500000001588,-74.9865513186996,intermediate,NX16_1_P20
107.50000000001587,-74.98656810856389,intermediate,NX16_1_P20
107.52500000001588,-74.98658487746705,intermediate,NX16_1_P20
107.55000000001588,-74.98660162543526,intermediate,NX16_1_P20
107.57500000001588,-74.98661835249465,intermediate,NX16_1_P20
107.6000000000159,-74.9866350586713,intermediate,NX16_1_P20
107.6250000000159,-74.9866517439913,intermediate,NX16_1_P20
107.65000000001592,-74.9866684084807,intermediate,NX16_1_P20
107.67500000001591,-74.9866850521655,intermediate,NX16_1_P20
107.70000000001592,-74.98670167507166,intermediate,NX16_1_P20
107.72500000001592,-74.98671827722512,intermediate,NX16_1_P20
107.75000000001592,-74.9867348586518,intermediate,NX16_1_P20
107.77500000001594,-74.98675141937757,intermediate,NX16_1_P20
107.80000000001594,-74.98676795942829,intermediate,NX16_1_P20
107.82500000001596,-74.98678447882975,intermediate,NX16_1_P20
107.85000000001595,-74.98680097760774,intermediate,NX16_1_P20
107.87500000001596,-74.986817455788,intermediate,NX16_1_P20
107.90000000001596,-74.98683391339625,intermediate,NX16_1_P20
107.92500000001596,-74.98685035045818,intermediate,NX16_1_P20
107.95000000001598,-74.98686676699943,intermediate,NX16_1_P20
107.97500000001598,-74.98688316304562,intermediate,NX16_1_P20
108.000000000016,-74.98689953862234,intermediate,NX16_1_P20
108.025000000016,-74.98691589375515,intermediate,NX16_1_P20
108.050000000016,-74.98693222846956,intermediate,NX16_1_P20
108.075000000016,-74.98694854279107,intermediate,NX16_1_P20
108.100000000016,-74.98696483674513,intermediate,NX16_1_P20
108.12500000001602,-74.98698111035719,intermediate,NX16_1_P20
108.15000000001602,-74.98699736365262,intermediate,NX16_1_P20
108.17500000001604,-74.9870135966568,intermediate,NX16_1_P20
108.20000000001605,-74.98702980939505,intermediate,NX16_1_P20
108.22500000001604,-74.98704600189268,intermediate,NX16_1_P20
108.25000000001604,-74.98706217417497,intermediate,NX16_1_P20
108.27500000001604,-74.98707832626712,intermediate,NX16_1_P20
108.30000000001606,-74.98709445819438,intermediate,NX16_1_P20
108.32500000001606,-74.98711056998191,intermediate,NX16_1_P20
108.35000000001608,-74.98712666165484,intermediate,NX16_1_P20
108.37500000001609,-74.98714273323829,intermediate,NX16_1_P20
108.40000000001608,-74.98715878475734,intermediate,NX16_1_P20
108.42500000001608,-74.98717481623704,intermediate,NX16_1_P20
108.45000000001608,-74.9871908277024,intermediate,NX16_1_P20
108.4750000000161,-74.98720681917844,intermediate,NX16_1_P20
108.5000000000161,-74.98722279069007,intermediate,NX16_1_P20
108.5250000000161,-74.98723874226224,intermediate,NX16_1_P20
108.55000000001613,-74.98725467391984,intermediate,NX16_1_P20
108.57500000001612,-74.98727058568772,intermediate,NX16_1_P20
108.60000000001612,-74.98728647759074,intermediate,NX16_1_P20
108.62500000001612,-74.98730234965367,intermediate,NX16_1_P20
108.65000000001614,-74.98731820190129,intermediate,NX16_1_P20
108.67500000001614,-74.98733403435834,intermediate,NX16_1_P20
108.70000000001616,-74.98734984704953,intermediate,NX16_1_P20
108.72500000001617,-74.98736563999954,intermediate,NX16_1_P20
108.75000000001616,-74.987381413233,intermediate,NX16_1_P20
108.77500000001616,-74.98739716677453,intermediate,NX16_1_P20
108.80000000001615,-74.9874129006487,intermediate,NX16_1_P20
108.82500000001616,-74.9874286148801,intermediate,NX16_1_P20
108.85000000001618,-74.98744430949324,intermediate,NX16_1_P20
108.8750000000162,-74.9874599845126,intermediate,NX16_1_P20
108.9000000000162,-74.98747563996264,intermediate,NX16_1_P20
108.9250000000162,-74.98749127586781,intermediate,NX16_1_P20
108.9500000000162,-74.9875068922525,intermediate,NX16_1_P20
108.9750000000162,-74.98752248914107,intermediate,NX16_1_P20
109.0000000000162,-74.98753806655787,intermediate,NX16_1_P20
109.02500000001622,-74.98755362452721,intermediate,NX16_1_P20
109.05000000001624,-74.98756916307336,intermediate,NX16_1_P20
109.07500000001625,-74.98758468222059,intermediate,NX16_1_P20
109.10000000001624,-74.98760018199309,intermediate,NX16_1_P20
109.12500000001624,-74.98761566241507,intermediate,NX16_1_P20
109.15000000001623,-74.98763112351068,intermediate,NX16_1_P20
109.17500000001624,-74.98764656530405,intermediate,NX16_1_P20
109.20000000001626,-74.98766198781927,intermediate,NX16_1_P20
109.22500000001628,-74.98767739108041,intermediate,NX16_1_P20
109.25000000001629,-74.98769277511153,intermediate,NX16_1_P20
109.27500000001628,-74.9877081399366,intermediate,NX16_1_P20
109.30000000001628,-74.98772348557962,intermediate,NX16_1_P20
109.32500000001627,-74.98773881206453,intermediate,NX16_1_P20
109.3500000000163,-74.98775411941527,intermediate,NX16_1_P20
109.3750000000163,-74.9877694076557,intermediate,NX16_1_P20
109.4000000000163,-74.9877846768097,intermediate,NX16_1_P20
109.42500000001633,-74.98779992690106,intermediate,NX16_1_P20
109.45000000001632,-74.98781515795362,intermediate,NX16_1_P20
109.47500000001632,-74.98783036999113,intermediate,NX16_1_P20
109.50000000001631,-74.98784556303734,intermediate,NX16_1_P20
109.52500000001632,-74.98786073711594,intermediate,NX16_1_P20
109.55000000001634,-74.98787589225063,intermediate,NX16_1_P20
109.57500000001636,-74.98789102846504,intermediate,NX16_1_P20
109.60000000001637,-74.98790614578282,intermediate,NX16_1_P20
109.62500000001636,-74.98792124422754,intermediate,NX16_1_P20
109.65000000001636,-74.98793632382275,intermediate,NX16_1_P20
109.67500000001635,-74.98795138459201,intermediate,NX16_1_P20
109.70000000001636,-74.98796642655881,intermediate,NX16_1_P20
109.72500000001638,-74.98798144974663,intermediate,NX16_1_P20
109.7500000000164,-74.9879964541789,intermediate,NX16_1_P20
109.7750000000164,-74.98801143987905,intermediate,NX16_1_P20
109.8000000000164,-74.98802640687046,intermediate,NX16_1_P20
109.8250000000164,-74.98804135517649,intermediate,NX16_1_P20
109.8500000000164,-74.98805628482046,intermediate,NX16_1_P20
109.8750000000164,-74.98807119582568,intermediate,NX16_1_P20
109.90000000001642,-74.98808608821541,intermediate,NX16_1_P20
109.92500000001642,-74.9881009620129,intermediate,NX16_1_P20
109.95000000001644,-74.98811581724134,intermediate,NX16_1_P20
109.97500000001644,-74.98813065392393,intermediate,NX16_1_P20
110.00000000001644,-74.98814547208383,intermediate,NX16_1_P20
110.02500000001643,-74.98816027174415,intermediate,NX16_1_P20
110.05000000001644,-74.98817505292799,intermediate,NX16_1_P20
110.07500000001646,-74.98818981565842,intermediate,NX16_1_P20
110.10000000001646,-74.98820455995846,intermediate,NX16_1_P20
110.12500000001648,-74.98821928585114,intermediate,NX16_1_P20
110.15000000001648,-74.98823399335944,intermediate,NX16_1_P20
110.17500000001648,-74.98824868250631,intermediate,NX16_1_P20
110.20000000001647,-74.98826335331466,intermediate,NX16_1_P20
110.2250000000165,-74.9882780058074,intermediate,NX16_1_P20
110.2500000000165,-74.98829264000739,intermediate,NX16_1_P20
110.2750000000165,-74.98830725593747,intermediate,NX16_1_P20
110.30000000001652,-74.98832185362045,intermediate,NX16_1_P20
110.32500000001652,-74.9883364330791,intermediate,NX16_1_P20
110.35000000001652,-74.98835099433617,intermediate,NX16_1_P20
110.37500000001651,-74.98836553741441,intermediate,NX16_1_P20
110.40000000001652,-74.98838006233649,intermediate,NX16_1_P20
110.42500000001654,-74.98839456912508,intermediate,NX16_1_P20
110.45000000001654,-74.98840905780283,intermediate,NX16_1_P20
110.47500000001656,-74.98842352839233,intermediate,NX16_1_P20
110.50000000001656,-74.98843798091619,intermediate,NX16_1_P20
110.52500000001656,-74.98845241539694,intermediate,NX16_1_P20
110.55000000001657,-74.98846683185711,intermediate,NX16_1_P20
110.57500000001656,-74.98848123031921,intermediate,NX16_1_P20
110.60000000001658,-74.9884956108057,intermediate,NX16_1_P20
110.62500000001658,-74.98850997333903,intermediate,NX16_1_P20
110.6500000000166,-74.9885243179416,intermediate,NX16_1_P20
110.6750000000166,-74.98853864463581,intermediate,NX16_1_P20
110.7000000000166,-74.988552953444,intermediate,NX16_1_P20
110.7250000000166,-74.9885672443885,intermediate,NX16_1_P20
110.7500000000166,-74.98858151749164,intermediate,NX16_1_P20
110.77500000001662,-74.98859577277567,intermediate,NX16_1_P20
110.80000000001662,-74.98861001026285,intermediate,NX16_1_P20
110.82500000001664,-74.98862422997537,intermediate,NX16_1_P20
110.85000000001664,-74.98863843193546,intermediate,NX16_1_P20
110.87500000001664,-74.98865261616524,intermediate,NX16_1_P20
110.90000000001665,-74.98866678268689,intermediate,NX16_1_P20
110.92500000001664,-74.98868093152248,intermediate,NX16_1_P20
110.95000000001666,-74.98869506269412,intermediate,NX16_1_P20
110.97500000001666,-74.98870917622384,intermediate,NX16_1_P20
111.00000000001668,-74.98872327213367,intermediate,NX16_1_P20
111.02500000001668,-74.9887373504456,intermediate,NX16_1_P20
111.05000000001668,-74.98875141118162,intermediate,NX16_1_P20
111.07500000001669,-74.98876545436367,intermediate,NX16_1_P20
111.10000000001668,-74.98877948001366,intermediate,NX16_1_P20
111.1250000000167,-74.98879348815348,intermediate,NX16_1_P20
111.1500000000167,-74.98880747880497,intermediate,NX16_1_P20
111.17500000001672,-74.98882145198998,intermediate,NX16_1_P20
111.20000000001671,-74.98883540773032,intermediate,NX16_1_P20
111.22500000001672,-74.98884934604776,intermediate,NX16_1_P20
111.25000000001673,-74.98886326696405,intermediate,NX16_1_P20
111.27500000001672,-74.98887717050091,intermediate,NX16_1_P20
111.30000000001674,-74.98889105668006,intermediate,NX16_1_P20
111.32500000001674,-74.98890492552316,intermediate,NX16_1_P20
111.35000000001676,-74.98891877705185,intermediate,NX16_1_P20
111.37500000001675,-74.98893261128774,intermediate,NX16_1_P20
111.40000000001676,-74.98894642825242,intermediate,NX16_1_P20
111.42500000001677,-74.98896022796745,intermediate,NX16_1_P20
111.45000000001676,-74.98897401045438,intermediate,NX16_1_P20
111.47500000001678,-74.98898777573471,intermediate,NX16_1_P20
111.50000000001678,-74.98900152382993,intermediate,NX16_1_P20
111.5250000000168,-74.98901525476147,intermediate,NX16_1_P20
111.5500000000168,-74.98902896855078,intermediate,NX16_1_P20
111.5750000000168,-74.98904266521926,intermediate,NX16_1_P20
111.6000000000168,-74.98905634478827,intermediate,NX16_1_P20
111.6250000000168,-74.98907000727917,intermediate,NX16_1_P20
111.65000000001682,-74.98908365271328,intermediate,NX16_1_P20
111.67500000001682,-74.98909728111188,intermediate,NX16_1_P20
111.70000000001684,-74.98911089249626,intermediate,NX16_1_P20
111.72500000001683,-74.98912448688765,intermediate,NX16_1_P20
111.75000000001684,-74.98913806430727,intermediate,NX16_1_P20
111.77500000001685,-74.9891516247763,intermediate,NX16_1_P20
111.80000000001684,-74.9891651683159,intermediate,NX16_1_P20
111.82500000001686,-74.98917869494721,intermediate,NX16_1_P20
111.85000000001686,-74.98919220469135,intermediate,NX16_1_P20
111.87500000001688,-74.98920569756939,intermediate,NX16_1_P20
111.90000000001687,-74.9892191736024,intermediate,NX16_1_P20
111.92500000001688,-74.98923263281138,intermediate,NX16_1_P20
111.95000000001689,-74.98924607521735,intermediate,NX16_1_P20
111.97500000001688,-74.9892595008413,intermediate,NX16_1_P20
112.0000000000169,-74.98927290970417,intermediate,NX16_1_P20
112.0250000000169,-74.98928630182688,intermediate,NX16_1_P20
112.05000000001692,-74.98929967723035,intermediate,NX16_1_P20
112.07500000001691,-74.98931303593542,intermediate,NX16_1_P20
112.10000000001692,-74.98932637796297,intermediate,NX16_1_P20
112.12500000001693,-74.9893397033338,intermediate,NX16_1_P20
112.15000000001692,-74.9893530120687,intermediate,NX16_1_P20
112.17500000001694,-74.98936630418847,intermediate,NX16_1_P20
112.20000000001694,-74.98937957971383,intermediate,NX16_1_P20
112.22500000001696,-74.9893928386655,intermediate,NX16_1_P20
112.25000000001695,-74.98940608106416,intermediate,NX16_1_P20
112.27500000001696,-74.9894193069305,intermediate,NX16_1_P20
112.30000000001696,-74.98943251628515,intermediate,NX16_1_P20
112.32500000001696,-74.98944570914871,intermediate,NX16_1_P20
112.35000000001698,-74.98945888554178,intermediate,NX16_1_P20
112.37500000001698,-74.98947204548492,intermediate,NX16_1_P20
112.400000000017,-74.98948518899867,intermediate,NX16_1_P20
112.425000000017,-74.98949831610354,intermediate,NX16_1_P20
112.450000000017,-74.98951142682002,intermediate,NX16_1_P20
112.475000000017,-74.98952452116855,intermediate,NX16_1_P20
112.500000000017,-74.9895375991696,intermediate,NX16_1_P20
112.52500000001702,-74.98955066084353,intermediate,NX16_1_P20
112.55000000001702,-74.98956370621077,intermediate,NX16_1_P20
112.57500000001704,-74.98957673529166,intermediate,NX16_1_P20
112.60000000001703,-74.98958974810652,intermediate,NX16_1_P20
112.62500000001704,-74.98960274467568,intermediate,NX16_1_P20
112.65000000001704,-74.9896157250194,intermediate,NX16_1_P20
112.67500000001704,-74.98962868915795,intermediate,NX16_1_P20
112.70000000001706,-74.98964163711156,intermediate,NX16_1_P20
112.72500000001706,-74.98965456890043,intermediate,NX16_1_P20
112.75000000001708,-74.98966748454475,intermediate,NX16_1_P20
112.77500000001707,-74.98968038406467,intermediate,NX16_1_P20
112.80000000001708,-74.98969326748032,intermediate,NX16_1_P20
112.82500000001708,-74.9897061348118,intermediate,NX16_1_P20
112.85000000001708,-74.9897189860792,intermediate,NX16_1_P20
112.8750000000171,-74.98973182130257,intermediate,NX16_1_P20
112.9000000000171,-74.98974464050194,intermediate,NX16_1_P20
112.9250000000171,-74.98975744369733,intermediate,NX16_1_P20
112.95000000001713,-74.98977023090869,intermediate,NX16_1_P20
112.97500000001712,-74.98978300215599,intermediate,NX16_1_P20
113.00000000001712,-74.98979575745916,intermediate,NX16_1_P20
113.02500000001712,-74.98980849683811,intermediate,NX16_1_P20
113.05000000001714,-74.98982122031272,intermediate,NX16_1_P20
113.07500000001714,-74.98983392790284,intermediate,NX16_1_P20
113.10000000001716,-74.9898466196283,intermediate,NX16_1_P20
113.12500000001717,-74.98985929550891,intermediate,NX16_1_P20
113.15000000001716,-74.98987195556445,intermediate,NX16_1_P20
113.17500000001716,-74.98988459981469,intermediate,NX16_1_P20
113.20000000001716,-74.98989722827933,intermediate,NX16_1_P20
113.22500000001718,-74.98990984097811,intermediate,NX16_1_P20
113.25000000001718,-74.9899224379307,intermediate,NX16_1_P20
113.2750000000172,-74.98993501915676,intermediate,NX16_1_P20
113.3000000000172,-74.98994758467592,intermediate,NX16_1_P20
113.3250000000172,-74.98996013450778,intermediate,NX16_1_P20
113.3500000000172,-74.98997266867194,intermediate,NX16_1_P20
113.3750000000172,-74.98998518718795,intermediate,NX16_1_P20
113.40000000001722,-74.98999769007536,intermediate,NX16_1_P20
113.42500000001722,-74.99001017735367,intermediate,NX16_1_P20
113.45000000001724,-74.99002264904236,intermediate,NX16_1_P20
113.47500000001725,-74.99003510516091,intermediate,NX16_1_P20
113.50000000001724,-74.99004754572876,intermediate,NX16_1_P20
113.52500000001724,-74.9900599707653,intermediate,NX16_1_P20
113.55000000001723,-74.99007238028993,intermediate,NX16_1_P20
113.57500000001724,-74.99008477432204,intermediate,NX16_1_P20
113.60000000001726,-74.99009715288094,intermediate,NX16_1_P20
113.62500000001728,-74.99010951598595,intermediate,NX16_1_P20
113.65000000001729,-74.99012186365638,intermediate,NX16_1_P20
113.67500000001728,-74.9901341959115,intermediate,NX16_1_P20
113.70000000001728,-74.99014651277054,intermediate,NX16_1_P20
113.72500000001727,-74.99015881425272,intermediate,NX16_1_P20
113.7500000000173,-74.99017110037725,intermediate,NX16_1_P20
113.7750000000173,-74.9901833711633,intermediate,NX16_1_P20
113.8000000000173,-74.99019562663001,intermediate,NX16_1_P20
113.82500000001733,-74.99020786679651,intermediate,NX16_1_P20
113.85000000001732,-74.9902200916819,intermediate,NX16_1_P20
113.87500000001732,-74.99023230130527,intermediate,NX16_1_P20
113.90000000001731,-74.99024449568566,intermediate,NX16_1_P20
113.92500000001732,-74.9902566748421,intermediate,NX16_1_P20
113.95000000001734,-74.99026883879361,intermediate,NX16_1_P20
113.97500000001736,-74.99028098755916,intermediate,NX16_1_P20
114.00000000001737,-74.99029312115772,intermediate,NX16_1_P20
114.02500000001736,-74.9903052396082,intermediate,NX16_1_P20
114.05000000001736,-74.99031734292954,intermediate,NX16_1_P20
114.07500000001735,-74.99032943114062,intermediate,NX16_1_P20
114.10000000001736,-74.9903415042603,intermediate,NX16_1_P20
114.12500000001738,-74.99035356230742,intermediate,NX16_1_P20
114.1500000000174,-74.9903656053008,intermediate,NX16_1_P20
114.1750000000174,-74.99037763325921,intermediate,NX16_1_P20
114.2000000000174,-74.99038964620146,intermediate,NX16_1_P20
114.2250000000174,-74.99040164414627,intermediate,NX16_1_P20
114.2500000000174,-74.99041362711239,intermediate,NX16_1_P20
114.2750000000174,-74.9904255951185,intermediate,NX16_1_P20
114.30000000001742,-74.99043754818327,intermediate,NX16_1_P20
114.32500000001744,-74.99044948632536,intermediate,NX16_1_P20
114.35000000001745,-74.99046140956341,intermediate,NX16_1_P20
114.37500000001744,-74.99047331791601,intermediate,NX16_1_P20
114.40000000001744,-74.99048521140176,intermediate,NX16_1_P20
114.42500000001743,-74.99049709003921,intermediate,NX16_1_P20
114.45000000001744,-74.9905089538469,intermediate,NX16_1_P20
114.47500000001746,-74.99052080284335,intermediate,NX16_1_P20
114.50000000001748,-74.99053263704704,intermediate,NX16_1_P20
114.52500000001749,-74.99054445647644,intermediate,NX16_1_P20
114.55000000001748,-74.99055626115,intermediate,NX16_1_P20
114.57500000001748,-74.99056805108614,intermediate,NX16_1_P20
114.60000000001747,-74.99057982630326,intermediate,NX16_1_P20
114.6250000000175,-74.99059158681973,intermediate,NX16_1_P20
114.6500000000175,-74.99060333265392,intermediate,NX16_1_P20
114.6750000000175,-74.99061506382414,intermediate,NX16_1_P20
114.70000000001752,-74.9906267803487,intermediate,NX16_1_P20
114.72500000001752,-74.9906384822459,intermediate,NX16_1_P20
114.75000000001752,-74.99065016953398,intermediate,NX16_1_P20
114.77500000001751,-74.99066184223119,intermediate,NX16_1_P20
114.80000000001752,-74.99067350035574,intermediate,NX16_1_P20
114.82500000001754,-74.99068514392583,intermediate,NX16_1_P20
114.85000000001754,-74.99069677295964,intermediate,NX16_1_P20
114.87500000001756,-74.9907083874753,intermediate,NX16_1_P20
114.90000000001756,-74.99071998749093,intermediate,NX16_1_P20
114.92500000001756,-74.99073157302465,intermediate,NX16_1_P20
114.95000000001755,-74.99074314409452,intermediate,NX16_1_P20
114.97500000001756,-74.99075470071863,intermediate,NX16_1_P20
115.00000000001758,-74.99076624291499,intermediate,NX16_1_P20
115.02500000001758,-74.99077777070161,intermediate,NX16_1_P20
115.0500000000176,-74.9907892840965,intermediate,NX16_1_P20
115.0750000000176,-74.99080078311759,intermediate,NX16_1_P20
115.1000000000176,-74.99081226778287,intermediate,NX16_1_P20
115.1250000000176,-74.99082373811022,intermediate,NX16_1_P20
115.1500000000176,-74.99083519411758,intermediate,NX16_1_P20
115.17500000001762,-74.9908466358228,intermediate,NX16_1_P20
115.20000000001762,-74.99085806324375,intermediate,NX16_1_P20
115.22500000001764,-74.99086947639825,intermediate,NX16_1_P20
115.25000000001764,-74.99088087530411,intermediate,NX16_1_P20
115.27500000001764,-74.99089225997915,intermediate,NX16_1_P20
115.30000000001765,-74.9909036304411,intermediate,NX16_1_P20
115.32500000001764,-74.99091498670771,intermediate,NX16_1_P20
115.35000000001766,-74.9909263287967,intermediate,NX16_1_P20
115.37500000001766,-74.99093765672579,intermediate,NX16_1_P20
115.40000000001768,-74.99094897051265,intermediate,NX16_1_P20
115.42500000001768,-74.99096027017494,intermediate,NX16_1_P20
115.45000000001768,-74.99097155573027,intermediate,NX16_1_P20
115.47500000001769,-74.99098282719628,intermediate,NX16_1_P20
115.50000000001768,-74.99099408459054,intermediate,NX16_1_P20
115.5250000000177,-74.99100532793062,intermediate,NX16_1_P20
115.5500000000177,-74.99101655723408,intermediate,NX16_1_P20
115.57500000001772,-74.99102777251842,intermediate,NX16_1_P20
115.60000000001772,-74.99103897380117,intermediate,NX16_1_P20
115.62500000001772,-74.99105016109979,intermediate,NX16_1_P20
115.65000000001773,-74.99106133443175,intermediate,NX16_1_P20
115.67500000001772,-74.99107249381449,intermediate,NX16_1_P20
115.70000000001774,-74.9910836392654,intermediate,NX16_1_P20
115.72500000001774,-74.9910947708019,intermediate,NX16_1_P20
115.75000000001776,-74.99110588844134,intermediate,NX16_1_P20
115.77500000001776,-74.99111699220109,intermediate,NX16_1_P20
115.80000000001776,-74.99112808209846,intermediate,NX16_1_P20
115.82500000001777,-74.99113915815077,intermediate,NX16_1_P20
115.85000000001776,-74.9911502203753,intermediate,NX16_1_P20
115.87500000001778,-74.99116126878931,intermediate,NX16_1_P20
115.90000000001778,-74.99117230341005,intermediate,NX16_1_P20
115.9250000000178,-74.99118332425473,intermediate,NX16_1_P20
115.9500000000178,-74.99119433134055,intermediate,NX16_1_P20
115.9750000000178,-74.9912053246847,intermediate,NX16_1_P20
116.0000000000178,-74.99121630430432,intermediate,NX16_1_P20
116.0250000000178,-74.99122727021656,intermediate,NX16_1_P20
116.05000000001782,-74.9912382224385,intermediate,NX16_1_P20
116.07500000001782,-74.99124916098727,intermediate,NX16_1_P20
116.10000000001784,-74.99126008587992,intermediate,NX16_1_P20
116.12500000001783,-74.9912709971335,intermediate,NX16_1_P20
116.15000000001784,-74.99128189476504,intermediate,NX16_1_P20
116.17500000001785,-74.99129277879155,intermediate,NX16_1_P20
116.20000000001784,-74.99130364923002,intermediate,NX16_1_P20
116.22500000001786,-74.9913145060974,intermediate,NX16_1_P20
116.25000000001786,-74.99132534941063,intermediate,NX16_1_P20
116.27500000001788,-74.99133617918665,intermediate,NX16_1_P20
116.30000000001787,-74.99134699544234,intermediate,NX16_1_P20
116.32500000001788,-74.9913577981946,intermediate,NX16_1_P20
116.35000000001789,-74.99136858746027,intermediate,NX16_1_P20
116.37500000001788,-74.9913793632562,intermediate,NX16_1_P20
116.4000000000179,-74.9913901255992,intermediate,NX16_1_P20
116.4250000000179,-74.99140087450606,intermediate,NX16_1_P20
116.45000000001792,-74.99141160999356,intermediate,NX16_1_P20
116.47500000001791,-74.99142233207847,intermediate,NX16_1_P20
116.50000000001792,-74.9914330407775,intermediate,NX16_1_P20
116.52500000001793,-74.99144373610736,intermediate,NX16_1_P20
116.55000000001792,-74.99145441808476,intermediate,NX16_1_P20
116.57500000001794,-74.99146508672635,intermediate,NX16_1_P20
116.60000000001794,-74.99147574204879,intermediate,NX16_1_P20
116.62500000001796,-74.99148638406871,intermediate,NX16_1_P20
116.65000000001795,-74.99149701280271,intermediate,NX16_1_P20
116.67500000001796,-74.99150762826737,intermediate,NX16_1_P20
116.70000000001797,-74.99151823047927,intermediate,NX16_1_P20
116.72500000001796,-74.99152881945496,intermediate,NX16_1_P20
116.75000000001798,-74.99153939521094,intermediate,NX16_1_P20
116.77500000001798,-74.99154995776374,intermediate,NX16_1_P20
116.800000000018,-74.99156050712982,intermediate,NX16_1_P20
116.825000000018,-74.99157104332566,intermediate,NX16_1_P20
116.850000000018,-74.9915815663677,intermediate,NX16_1_P20
116.875000000018,-74.99159207627235,intermediate,NX16_1_P20
116.900000000018,-74.99160257305604,intermediate,NX16_1_P20
116.92500000001802,-74.99161305673512,intermediate,NX16_1_P20
116.95000000001802,-74.99162352732596,intermediate,NX16_1_P20
116.97500000001804,-74.9916339848449,intermediate,NX16_1_P20
117.00000000001803,-74.99164442930827,intermediate,NX16_1_P20
117.02500000001804,-74.99165486073235,intermediate,NX16_1_P20
117.05000000001804,-74.99166527913343,intermediate,NX16_1_P20
117.07500000001804,-74.99167568452778,intermediate,NX16_1_P20
117.10000000001806,-74.99168607693161,intermediate,NX16_1_P20
117.12500000001806,-74.99169645636117,intermediate,NX16_1_P20
117.15000000001808,-74.99170682283263,intermediate,NX16_1_P20
117.17500000001807,-74.99171717636217,intermediate,NX16_1_P20
117.20000000001808,-74.99172751696597,intermediate,NX16_1_P20
117.22500000001808,-74.99173784466014,intermediate,NX16_1_P20
117.25000000001808,-74.99174815946081,intermediate,NX16_1_P20
117.2750000000181,-74.99175846138408,intermediate,NX16_1_P20
117.3000000000181,-74.99176875044603,intermediate,NX16_1_P20
117.32500000001812,-74.9917790266627,intermediate,NX16_1_P20
117.35000000001811,-74.99178929005014,intermediate,NX16_1_P20
117.37500000001812,-74.99179954062436,intermediate,NX16_1_P20
117.40000000001812,-74.99180977840135,intermediate,NX16_1_P20
117.42500000001812,-74.99182000339711,intermediate,NX16_1_P20
117.45000000001814,-74.99183021562757,intermediate,NX16_1_P20
117.47500000001814,-74.99184041510868,intermediate,NX16_1_P20
117.50000000001816,-74.99185060185636,intermediate,NX16_1_P20
117.52500000001815,-74.9918607758865,intermediate,NX16_1_P20
117.55000000001816,-74.99187093721497,intermediate,NX16_1_P20
117.57500000001816,-74.99188108585764,intermediate,NX16_1_P20
117.60000000001816,-74.99189122183036,intermediate,NX16_1_P20
117.62500000001818,-74.99190134514892,intermediate,NX16_1_P20
117.65000000001818,-74.99191145582913,intermediate,NX16_1_P20
117.6750000000182,-74.99192155388677,intermediate,NX16_1_P20
117.7000000000182,-74.9919316393376,intermediate,NX16_1_P20
117.7250000000182,-74.99194171219735,intermediate,NX16_1_P20
117.7500000000182,-74.99195177248174,intermediate,NX16_1_P20
117.7750000000182,-74.99196182020648,intermediate,NX16_1_P20
117.80000000001822,-74.99197185538725,intermediate,NX16_1_P20
117.82500000001822,-74.9919818780397,intermediate,NX16_1_P20
117.85000000001824,-74.99199188817947,intermediate,NX16_1_P20
117.87500000001825,-74.99200188582219,intermediate,NX16_1_P20
117.90000000001824,-74.99201187098346,intermediate,NX16_1_P20
117.92500000001824,-74.99202184367886,intermediate,NX16_1_P20
117.95000000001824,-74.99203180392395,intermediate,NX16_1_P20
117.97500000001826,-74.99204175173428,intermediate,NX16_1_P20
118.00000000001826,-74.99205168712537,intermediate,NX16_1_P20
118.02500000001828,-74.99206161011273,intermediate,NX16_1_P20
118.05000000001829,-74.99207152071183,intermediate,NX16_1_P20
118.07500000001828,-74.99208141893816,intermediate,NX16_1_P20
118.10000000001828,-74.99209130480715,intermediate,NX16_1_P20
118.12500000001828,-74.99210117833422,intermediate,NX16_1_P20
118.1500000000183,-74.9921110395348,intermediate,NX16_1_P20
118.1750000000183,-74.99212088842428,intermediate,NX16_1_P20
118.2000000000183,-74.99213072501801,intermediate,NX16_1_P20
118.22500000001833,-74.99214054933135,intermediate,NX16_1_P20
118.25000000001832,-74.99215036137963,intermediate,NX16_1_P20
118.27500000001832,-74.99216016117816,intermediate,NX16_1_P20
118.30000000001831,-74.99216994874223,intermediate,NX16_1_P20
118.32500000001832,-74.99217972408712,intermediate,NX16_1_P20
118.35000000001834,-74.99218948722809,intermediate,NX16_1_P20
118.37500000001836,-74.99219923818036,intermediate,NX16_1_P20
118.40000000001837,-74.99220897695916,intermediate,NX16_1_P20
118.42500000001836,-74.99221870357968,intermediate,NX16_1_P20
118.45000000001836,-74.99222841805711,intermediate,NX16_1_P20
118.47500000001835,-74.9922381204066,intermediate,NX16_1_P20
118.50000000001836,-74.99224781064329,intermediate,NX16_1_P20
118.52500000001838,-74.99225748878231,intermediate,NX16_1_P20
118.5500000000184,-74.99226715483877,intermediate,NX16_1_P20
118.5750000000184,-74.99227680882774,intermediate,NX16_1_P20
118.6000000000184,-74.99228645076428,intermediate,NX16_1_P20
118.6250000000184,-74.99229608066345,intermediate,NX16_1_P20
118.6500000000184,-74.99230569854028,intermediate,NX16_1_P20
118.6750000000184,-74.99231530440977,intermediate,NX16_1_P20
118.70000000001842,-74.99232489828691,intermediate,NX16_1_P20
118.72500000001844,-74.99233448018667,intermediate,NX16_1_P20
118.75000000001845,-74.99234405012402,intermediate,NX16_1_P20
118.77500000001844,-74.99235360811387,intermediate,NX16_1_P20
118.80000000001844,-74.99236315417116,intermediate,NX16_1_P20
118.82500000001843,-74.99237268831077,intermediate,NX16_1_P20
118.85000000001844,-74.99238221054758,intermediate,NX16_1_P20
118.87500000001846,-74.99239172089645,intermediate,NX16_1_P20
118.90000000001848,-74.99240121937224,intermediate,NX16_1_P20
118.92500000001849,-74.99241070598976,intermediate,NX16_1_P20
118.95000000001848,-74.9924201807638,intermediate,NX16_1_P20
118.97500000001848,-74.99242964370916,intermediate,NX16_1_P20
119.00000000001847,-74.9924390948406,intermediate,NX16_1_P20
119.0250000000185,-74.9924485341729,intermediate,NX16_1_P20
119.0500000000185,-74.99245796172075,intermediate,NX16_1_P20
119.0750000000185,-74.99246737749887,intermediate,NX16_1_P20
119.10000000001853,-74.99247678152197,intermediate,NX16_1_P20
119.12500000001852,-74.99248617380472,intermediate,NX16_1_P20
119.15000000001852,-74.99249555436177,intermediate,NX16_1_P20
119.17500000001851,-74.99250492320776,intermediate,NX16_1_P20
119.20000000001852,-74.99251428035731,intermediate,NX16_1_P20
119.22500000001854,-74.99252362582503,intermediate,NX16_1_P20
119.25000000001856,-74.99253295962549,intermediate,NX16_1_P20
119.27500000001857,-74.99254228177328,intermediate,NX16_1_P20
119.30000000001856,-74.99255159228292,intermediate,NX16_1_P20
119.32500000001856,-74.99256089116896,intermediate,NX16_1_P20
119.35000000001855,-74.9925701784459,intermediate,NX16_1_P20
119.37500000001856,-74.99257945412825,intermediate,NX16_1_P20
119.40000000001858,-74.99258871823046,intermediate,NX16_1_P20
119.42500000001858,-74.99259797076701,intermediate,NX16_1_P20
119.4500000000186,-74.99260721175231,intermediate,NX16_1_P20
119.4750000000186,-74.99261644120081,intermediate,NX16_1_P20
119.5000000000186,-74.9926256591269,intermediate,NX16_1_P20
119.5250000000186,-74.99263486554497,intermediate,NX16_1_P20
119.5500000000186,-74.99264406046939,intermediate,NX16_1_P20
119.57500000001862,-74.99265324391449,intermediate,NX16_1_P20
119.60000000001862,-74.99266241589461,intermediate,NX16_1_P20
119.62500000001864,-74.99267157642409,intermediate,NX16_1_P20
119.65000000001864,-74.99268072551719,intermediate,NX16_1_P20
119.67500000001864,-74.9926898631882,intermediate,NX16_1_P20
119.70000000001863,-74.99269898945138,intermediate,NX16_1_P20
119.72500000001864,-74.99270810432098,intermediate,NX16_1_P20
119.75000000001866,-74.99271720781122,intermediate,NX16_1_P20
119.77500000001866,-74.99272629993631,intermediate,NX16_1_P20
119.80000000001868,-74.99273538071041,intermediate,NX16_1_P20
119.82500000001868,-74.99274445014773,intermediate,NX16_1_P20
119.85000000001868,-74.9927535082624,intermediate,NX16_1_P20
119.87500000001867,-74.99276255506857,intermediate,NX16_1_P20
119.9000000000187,-74.99277159058035,intermediate,NX16_1_P20
119.9250000000187,-74.99278061481183,intermediate,NX16_1_P20
119.9500000000187,-74.99278962777711,intermediate,NX16_1_P20
119.97500000001872,-74.99279862949025,intermediate,NX16_1_P20
120.00000000001872,-74.99280761996529,intermediate,NX16_1_P20
0.0,-75.0,distal,NX16_1_P20
0.025,-75.0,distal,NX16_1_P20
0.05,-75.0,distal,NX16_1_P20
0.075,-75.0,distal,NX16_1_P20
0.0999999999999999,-75.0,distal,NX16_1_P20
0.1249999999999999,-75.0,distal,NX16_1_P20
0.15,-75.0,distal,NX16_1_P20
0.175,-75.0,distal,NX16_1_P20
0.2,-75.0,distal,NX16_1_P20
0.225,-75.0,distal,NX16_1_P20
0.25,-75.0,distal,NX16_1_P20
0.2750000000000001,-75.0,distal,NX16_1_P20
0.3000000000000001,-75.0,distal,NX16_1_P20
0.3250000000000001,-75.0,distal,NX16_1_P20
0.3500000000000001,-75.0,distal,NX16_1_P20
0.3750000000000001,-75.0,distal,NX16_1_P20
0.4000000000000002,-75.0,distal,NX16_1_P20
0.4250000000000002,-75.0,distal,NX16_1_P20
0.4500000000000002,-75.0,distal,NX16_1_P20
0.4750000000000002,-75.0,distal,NX16_1_P20
0.5000000000000002,-75.0,distal,NX16_1_P20
0.5250000000000001,-75.0,distal,NX16_1_P20
0.55,-75.0,distal,NX16_1_P20
0.575,-75.0,distal,NX16_1_P20
0.5999999999999999,-75.0,distal,NX16_1_P20
0.6249999999999998,-75.0,distal,NX16_1_P20
0.6499999999999997,-75.0,distal,NX16_1_P20
0.6749999999999996,-75.0,distal,NX16_1_P20
0.6999999999999995,-75.0,distal,NX16_1_P20
0.7249999999999994,-75.0,distal,NX16_1_P20
0.7499999999999993,-75.0,distal,NX16_1_P20
0.7749999999999992,-75.0,distal,NX16_1_P20
0.7999999999999992,-75.0,distal,NX16_1_P20
0.8249999999999991,-75.0,distal,NX16_1_P20
0.849999999999999,-75.0,distal,NX16_1_P20
0.8749999999999989,-75.0,distal,NX16_1_P20
0.8999999999999988,-75.0,distal,NX16_1_P20
0.9249999999999988,-75.0,distal,NX16_1_P20
0.9499999999999986,-75.0,distal,NX16_1_P20
0.9749999999999984,-75.0,distal,NX16_1_P20
0.9999999999999984,-75.0,distal,NX16_1_P20
1.0249999999999984,-75.0,distal,NX16_1_P20
1.0499999999999985,-75.0,distal,NX16_1_P20
1.0749999999999982,-75.0,distal,NX16_1_P20
1.099999999999998,-75.0,distal,NX16_1_P20
1.124999999999998,-75.0,distal,NX16_1_P20
1.149999999999998,-75.0,distal,NX16_1_P20
1.1749999999999978,-75.0,distal,NX16_1_P20
1.1999999999999975,-75.0,distal,NX16_1_P20
1.2249999999999976,-75.0,distal,NX16_1_P20
1.2499999999999976,-75.0,distal,NX16_1_P20
1.2749999999999977,-75.0,distal,NX16_1_P20
1.2999999999999974,-75.0,distal,NX16_1_P20
1.3249999999999973,-75.0,distal,NX16_1_P20
1.3499999999999972,-75.0,distal,NX16_1_P20
1.3749999999999971,-75.0,distal,NX16_1_P20
1.399999999999997,-75.0,distal,NX16_1_P20
1.424999999999997,-75.0,distal,NX16_1_P20
1.4499999999999968,-75.0,distal,NX16_1_P20
1.4749999999999968,-75.0,distal,NX16_1_P20
1.499999999999997,-75.0,distal,NX16_1_P20
1.5249999999999966,-75.0,distal,NX16_1_P20
1.5499999999999965,-75.0,distal,NX16_1_P20
1.5749999999999964,-75.0,distal,NX16_1_P20
1.5999999999999963,-75.0,distal,NX16_1_P20
1.6249999999999962,-75.0,distal,NX16_1_P20
1.649999999999996,-75.0,distal,NX16_1_P20
1.674999999999996,-75.0,distal,NX16_1_P20
1.699999999999996,-75.0,distal,NX16_1_P20
1.724999999999996,-75.0,distal,NX16_1_P20
1.7499999999999958,-75.0,distal,NX16_1_P20
1.7749999999999957,-75.0,distal,NX16_1_P20
1.7999999999999956,-75.0,distal,NX16_1_P20
1.8249999999999955,-75.0,distal,NX16_1_P20
1.8499999999999956,-75.0,distal,NX16_1_P20
1.8749999999999956,-75.0,distal,NX16_1_P20
1.8999999999999952,-75.0,distal,NX16_1_P20
1.9249999999999952,-75.0,distal,NX16_1_P20
1.949999999999995,-75.0,distal,NX16_1_P20
1.974999999999995,-75.0,distal,NX16_1_P20
1.999999999999995,-75.0,distal,NX16_1_P20
2.024999999999995,-75.0,distal,NX16_1_P20
2.0499999999999954,-75.0,distal,NX16_1_P20
2.074999999999996,-75.0,distal,NX16_1_P20
2.099999999999996,-75.0,distal,NX16_1_P20
2.1249999999999964,-75.0,distal,NX16_1_P20
2.149999999999997,-75.0,distal,NX16_1_P20
2.174999999999997,-75.0,distal,NX16_1_P20
2.199999999999997,-75.0,distal,NX16_1_P20
2.224999999999998,-75.0,distal,NX16_1_P20
2.2499999999999982,-75.0,distal,NX16_1_P20
2.2749999999999986,-75.0,distal,NX16_1_P20
2.299999999999999,-75.0,distal,NX16_1_P20
2.3249999999999997,-75.0,distal,NX16_1_P20
2.35,-75.0,distal,NX16_1_P20
2.375,-75.0,distal,NX16_1_P20
2.4000000000000004,-75.0,distal,NX16_1_P20
2.4250000000000007,-75.0,distal,NX16_1_P20
2.450000000000001,-75.0,distal,NX16_1_P20
2.4750000000000014,-75.0,distal,NX16_1_P20
2.5000000000000018,-75.0,distal,NX16_1_P20
2.525000000000002,-75.0,distal,NX16_1_P20
2.5500000000000025,-75.0,distal,NX16_1_P20
2.575000000000003,-75.0,distal,NX16_1_P20
2.600000000000003,-75.0,distal,NX16_1_P20
2.625000000000004,-75.0,distal,NX16_1_P20
2.650000000000004,-75.0,distal,NX16_1_P20
2.6750000000000043,-75.0,distal,NX16_1_P20
2.7000000000000046,-75.0,distal,NX16_1_P20
2.725000000000005,-75.0,distal,NX16_1_P20
2.7500000000000053,-75.0,distal,NX16_1_P20
2.7750000000000057,-75.0,distal,NX16_1_P20
2.800000000000006,-75.0,distal,NX16_1_P20
2.8250000000000064,-75.0,distal,NX16_1_P20
2.8500000000000068,-75.0,distal,NX16_1_P20
2.875000000000007,-75.0,distal,NX16_1_P20
2.9000000000000075,-75.0,distal,NX16_1_P20
2.925000000000008,-75.0,distal,NX16_1_P20
2.950000000000008,-75.0,distal,NX16_1_P20
2.9750000000000085,-75.0,distal,NX16_1_P20
3.000000000000009,-75.0,distal,NX16_1_P20
3.025000000000009,-75.0,distal,NX16_1_P20
3.0500000000000096,-75.0,distal,NX16_1_P20
3.07500000000001,-75.0,distal,NX16_1_P20
3.1000000000000103,-75.0,distal,NX16_1_P20
3.1250000000000107,-75.0,distal,NX16_1_P20
3.150000000000011,-75.0,distal,NX16_1_P20
3.175000000000012,-75.0,distal,NX16_1_P20
3.200000000000012,-75.0,distal,NX16_1_P20
3.225000000000012,-75.0,distal,NX16_1_P20
3.2500000000000124,-75.0,distal,NX16_1_P20
3.275000000000013,-75.0,distal,NX16_1_P20
3.300000000000013,-75.0,distal,NX16_1_P20
3.325000000000013,-75.0,distal,NX16_1_P20
3.350000000000014,-75.0,distal,NX16_1_P20
3.375000000000014,-75.0,distal,NX16_1_P20
3.4000000000000146,-75.0,distal,NX16_1_P20
3.425000000000015,-75.0,distal,NX16_1_P20
3.4500000000000157,-75.0,distal,NX16_1_P20
3.475000000000016,-75.0,distal,NX16_1_P20
3.500000000000016,-75.0,distal,NX16_1_P20
3.5250000000000163,-75.0,distal,NX16_1_P20
3.5500000000000167,-75.0,distal,NX16_1_P20
3.575000000000017,-75.0,distal,NX16_1_P20
3.6000000000000174,-75.0,distal,NX16_1_P20
3.6250000000000178,-75.0,distal,NX16_1_P20
3.650000000000018,-75.0,distal,NX16_1_P20
3.6750000000000185,-75.0,distal,NX16_1_P20
3.700000000000019,-75.0,distal,NX16_1_P20
3.725000000000019,-75.0,distal,NX16_1_P20
3.75000000000002,-75.0,distal,NX16_1_P20
3.77500000000002,-75.0,distal,NX16_1_P20
3.80000000000002,-75.0,distal,NX16_1_P20
3.8250000000000206,-75.0,distal,NX16_1_P20
3.850000000000021,-75.0,distal,NX16_1_P20
3.875000000000021,-75.0,distal,NX16_1_P20
3.9000000000000217,-75.0,distal,NX16_1_P20
3.925000000000022,-75.0,distal,NX16_1_P20
3.9500000000000224,-75.0,distal,NX16_1_P20
3.975000000000023,-75.0,distal,NX16_1_P20
4.000000000000023,-75.0,distal,NX16_1_P20
4.025000000000024,-75.0,distal,NX16_1_P20
4.050000000000024,-75.0,distal,NX16_1_P20
4.075000000000024,-75.0,distal,NX16_1_P20
4.1000000000000245,-75.0,distal,NX16_1_P20
4.125000000000025,-75.0,distal,NX16_1_P20
4.150000000000025,-75.0,distal,NX16_1_P20
4.175000000000026,-75.0,distal,NX16_1_P20
4.200000000000026,-75.0,distal,NX16_1_P20
4.225000000000026,-75.0,distal,NX16_1_P20
4.250000000000027,-75.0,distal,NX16_1_P20
4.275000000000027,-75.0,distal,NX16_1_P20
4.300000000000027,-75.0,distal,NX16_1_P20
4.325000000000028,-75.0,distal,NX16_1_P20
4.350000000000028,-75.0,distal,NX16_1_P20
4.375000000000028,-75.0,distal,NX16_1_P20
4.400000000000029,-75.0,distal,NX16_1_P20
4.425000000000029,-75.0,distal,NX16_1_P20
4.4500000000000295,-75.0,distal,NX16_1_P20
4.47500000000003,-75.0,distal,NX16_1_P20
4.50000000000003,-75.0,distal,NX16_1_P20
4.525000000000031,-75.0,distal,NX16_1_P20
4.550000000000031,-75.0,distal,NX16_1_P20
4.575000000000031,-75.0,distal,NX16_1_P20
4.600000000000032,-75.0,distal,NX16_1_P20
4.625000000000032,-75.0,distal,NX16_1_P20
4.650000000000032,-75.0,distal,NX16_1_P20
4.675000000000033,-75.0,distal,NX16_1_P20
4.700000000000033,-75.0,distal,NX16_1_P20
4.725000000000033,-75.0,distal,NX16_1_P20
4.750000000000034,-75.0,distal,NX16_1_P20
4.775000000000034,-75.0,distal,NX16_1_P20
4.8000000000000345,-75.0,distal,NX16_1_P20
4.825000000000035,-75.0,distal,NX16_1_P20
4.850000000000035,-75.0,distal,NX16_1_P20
4.875000000000036,-75.0,distal,NX16_1_P20
4.900000000000036,-75.0,distal,NX16_1_P20
4.925000000000036,-75.0,distal,NX16_1_P20
4.950000000000037,-75.0,distal,NX16_1_P20
4.975000000000037,-75.0,distal,NX16_1_P20
5.000000000000037,-75.0,distal,NX16_1_P20
5.025000000000038,-75.0,distal,NX16_1_P20
5.050000000000038,-75.0,distal,NX16_1_P20
5.075000000000038,-75.0,distal,NX16_1_P20
5.100000000000039,-75.0,distal,NX16_1_P20
5.125000000000039,-75.0,distal,NX16_1_P20
5.150000000000039,-75.0,distal,NX16_1_P20
5.17500000000004,-75.0,distal,NX16_1_P20
5.20000000000004,-75.0,distal,NX16_1_P20
5.2250000000000405,-75.0,distal,NX16_1_P20
5.250000000000041,-75.0,distal,NX16_1_P20
5.275000000000041,-75.0,distal,NX16_1_P20
5.300000000000042,-75.0,distal,NX16_1_P20
5.325000000000042,-75.0,distal,NX16_1_P20
5.350000000000042,-75.0,distal,NX16_1_P20
5.375000000000043,-75.0,distal,NX16_1_P20
5.400000000000043,-75.0,distal,NX16_1_P20
5.425000000000043,-75.0,distal,NX16_1_P20
5.450000000000044,-75.0,distal,NX16_1_P20
5.475000000000044,-75.0,distal,NX16_1_P20
5.500000000000044,-75.0,distal,NX16_1_P20
5.525000000000045,-75.0,distal,NX16_1_P20
5.550000000000045,-75.0,distal,NX16_1_P20
5.5750000000000455,-75.0,distal,NX16_1_P20
5.600000000000046,-75.0,distal,NX16_1_P20
5.625000000000046,-75.0,distal,NX16_1_P20
5.650000000000047,-75.0,distal,NX16_1_P20
5.675000000000047,-75.0,distal,NX16_1_P20
5.700000000000047,-75.0,distal,NX16_1_P20
5.725000000000048,-75.0,distal,NX16_1_P20
5.750000000000048,-75.0,distal,NX16_1_P20
5.775000000000048,-75.0,distal,NX16_1_P20
5.800000000000049,-75.0,distal,NX16_1_P20
5.825000000000049,-75.0,distal,NX16_1_P20
5.850000000000049,-75.0,distal,NX16_1_P20
5.87500000000005,-75.0,distal,NX16_1_P20
5.90000000000005,-75.0,distal,NX16_1_P20
5.92500000000005,-75.0,distal,NX16_1_P20
5.950000000000051,-75.0,distal,NX16_1_P20
5.975000000000051,-75.0,distal,NX16_1_P20
6.000000000000052,-75.0,distal,NX16_1_P20
6.025000000000052,-75.0,distal,NX16_1_P20
6.050000000000052,-75.0,distal,NX16_1_P20
6.075000000000053,-75.0,distal,NX16_1_P20
6.100000000000053,-75.0,distal,NX16_1_P20
6.125000000000053,-75.0,distal,NX16_1_P20
6.150000000000054,-75.0,distal,NX16_1_P20
6.175000000000054,-75.0,distal,NX16_1_P20
6.200000000000054,-75.0,distal,NX16_1_P20
6.225000000000055,-75.0,distal,NX16_1_P20
6.250000000000055,-75.0,distal,NX16_1_P20
6.275000000000055,-75.0,distal,NX16_1_P20
6.300000000000056,-75.0,distal,NX16_1_P20
6.325000000000056,-75.0,distal,NX16_1_P20
6.3500000000000565,-75.0,distal,NX16_1_P20
6.375000000000057,-75.0,distal,NX16_1_P20
6.400000000000057,-75.0,distal,NX16_1_P20
6.4250000000000576,-75.0,distal,NX16_1_P20
6.450000000000058,-75.0,distal,NX16_1_P20
6.475000000000058,-75.0,distal,NX16_1_P20
6.500000000000059,-75.0,distal,NX16_1_P20
6.525000000000059,-75.0,distal,NX16_1_P20
6.550000000000059,-75.0,distal,NX16_1_P20
6.57500000000006,-75.0,distal,NX16_1_P20
6.60000000000006,-75.0,distal,NX16_1_P20
6.62500000000006,-75.0,distal,NX16_1_P20
6.650000000000061,-75.0,distal,NX16_1_P20
6.675000000000061,-75.0,distal,NX16_1_P20
6.7000000000000615,-75.0,distal,NX16_1_P20
6.725000000000062,-75.0,distal,NX16_1_P20
6.750000000000062,-75.0,distal,NX16_1_P20
6.775000000000063,-75.0,distal,NX16_1_P20
6.800000000000063,-75.0,distal,NX16_1_P20
6.825000000000063,-75.0,distal,NX16_1_P20
6.850000000000064,-75.0,distal,NX16_1_P20
6.875000000000064,-75.0,distal,NX16_1_P20
6.900000000000064,-75.0,distal,NX16_1_P20
6.925000000000065,-75.0,distal,NX16_1_P20
6.950000000000065,-75.0,distal,NX16_1_P20
6.975000000000065,-75.0,distal,NX16_1_P20
7.000000000000066,-75.0,distal,NX16_1_P20
7.025000000000066,-75.0,distal,NX16_1_P20
7.050000000000066,-75.0,distal,NX16_1_P20
7.075000000000067,-75.0,distal,NX16_1_P20
7.100000000000067,-75.0,distal,NX16_1_P20
7.125000000000068,-75.0,distal,NX16_1_P20
7.150000000000068,-75.0,distal,NX16_1_P20
7.175000000000068,-75.0,distal,NX16_1_P20
7.200000000000069,-75.0,distal,NX16_1_P20
7.225000000000069,-75.0,distal,NX16_1_P20
7.250000000000069,-75.0,distal,NX16_1_P20
7.27500000000007,-75.0,distal,NX16_1_P20
7.30000000000007,-75.0,distal,NX16_1_P20
7.32500000000007,-75.0,distal,NX16_1_P20
7.350000000000071,-75.0,distal,NX16_1_P20
7.375000000000071,-75.0,distal,NX16_1_P20
7.400000000000071,-75.0,distal,NX16_1_P20
7.425000000000072,-75.0,distal,NX16_1_P20
7.450000000000072,-75.0,distal,NX16_1_P20
7.475000000000072,-75.0,distal,NX16_1_P20
7.500000000000073,-75.0,distal,NX16_1_P20
7.525000000000073,-75.0,distal,NX16_1_P20
7.5500000000000735,-75.0,distal,NX16_1_P20
7.575000000000074,-75.0,distal,NX16_1_P20
7.600000000000074,-75.0,distal,NX16_1_P20
7.625000000000075,-75.0,distal,NX16_1_P20
7.650000000000075,-75.0,distal,NX16_1_P20
7.675000000000075,-75.0,distal,NX16_1_P20
7.700000000000076,-75.0,distal,NX16_1_P20
7.725000000000076,-75.0,distal,NX16_1_P20
7.750000000000076,-75.0,distal,NX16_1_P20
7.775000000000077,-75.0,distal,NX16_1_P20
7.800000000000077,-75.0,distal,NX16_1_P20
7.825000000000077,-75.0,distal,NX16_1_P20
7.850000000000078,-75.0,distal,NX16_1_P20
7.875000000000078,-75.0,distal,NX16_1_P20
7.9000000000000785,-75.0,distal,NX16_1_P20
7.925000000000079,-75.0,distal,NX16_1_P20
7.950000000000079,-75.0,distal,NX16_1_P20
7.97500000000008,-75.0,distal,NX16_1_P20
8.00000000000008,-75.0,distal,NX16_1_P20
8.025000000000079,-75.0,distal,NX16_1_P20
8.050000000000077,-75.0,distal,NX16_1_P20
8.075000000000076,-75.0,distal,NX16_1_P20
8.100000000000074,-75.0,distal,NX16_1_P20
8.125000000000073,-75.0,distal,NX16_1_P20
8.150000000000071,-75.0,distal,NX16_1_P20
8.17500000000007,-75.0,distal,NX16_1_P20
8.200000000000069,-75.0,distal,NX16_1_P20
8.225000000000067,-75.0,distal,NX16_1_P20
8.250000000000066,-75.0,distal,NX16_1_P20
8.275000000000064,-75.0,distal,NX16_1_P20
8.300000000000063,-75.0,distal,NX16_1_P20
8.325000000000061,-75.0,distal,NX16_1_P20
8.35000000000006,-75.0,distal,NX16_1_P20
8.375000000000059,-75.0,distal,NX16_1_P20
8.400000000000057,-75.0,distal,NX16_1_P20
8.425000000000056,-75.0,distal,NX16_1_P20
8.450000000000054,-75.0,distal,NX16_1_P20
8.475000000000053,-75.0,distal,NX16_1_P20
8.500000000000052,-75.0,distal,NX16_1_P20
8.52500000000005,-75.0,distal,NX16_1_P20
8.550000000000049,-75.0,distal,NX16_1_P20
8.575000000000047,-75.0,distal,NX16_1_P20
8.600000000000046,-75.0,distal,NX16_1_P20
8.625000000000044,-75.0,distal,NX16_1_P20
8.650000000000043,-75.0,distal,NX16_1_P20
8.675000000000042,-75.0,distal,NX16_1_P20
8.70000000000004,-75.0,distal,NX16_1_P20
8.725000000000039,-75.0,distal,NX16_1_P20
8.750000000000037,-75.0,distal,NX16_1_P20
8.775000000000036,-75.0,distal,NX16_1_P20
8.800000000000034,-75.0,distal,NX16_1_P20
8.825000000000033,-75.0,distal,NX16_1_P20
8.850000000000032,-75.0,distal,NX16_1_P20
8.87500000000003,-75.0,distal,NX16_1_P20
8.900000000000029,-75.0,distal,NX16_1_P20
8.925000000000027,-75.0,distal,NX16_1_P20
8.950000000000026,-75.0,distal,NX16_1_P20
8.975000000000025,-75.0,distal,NX16_1_P20
9.000000000000023,-75.0,distal,NX16_1_P20
9.025000000000022,-75.0,distal,NX16_1_P20
9.05000000000002,-75.0,distal,NX16_1_P20
9.07500000000002,-75.0,distal,NX16_1_P20
9.100000000000016,-75.0,distal,NX16_1_P20
9.125000000000016,-75.0,distal,NX16_1_P20
9.150000000000016,-75.0,distal,NX16_1_P20
9.175000000000011,-75.0,distal,NX16_1_P20
9.200000000000012,-75.0,distal,NX16_1_P20
9.22500000000001,-75.0,distal,NX16_1_P20
9.250000000000009,-75.0,distal,NX16_1_P20
9.275000000000007,-75.0,distal,NX16_1_P20
9.300000000000006,-75.0,distal,NX16_1_P20
9.325000000000005,-75.0,distal,NX16_1_P20
9.350000000000003,-75.0,distal,NX16_1_P20
9.375000000000002,-75.0,distal,NX16_1_P20
9.4,-75.0,distal,NX16_1_P20
9.425,-75.0,distal,NX16_1_P20
9.449999999999998,-75.0,distal,NX16_1_P20
9.474999999999996,-75.0,distal,NX16_1_P20
9.499999999999996,-75.0,distal,NX16_1_P20
9.524999999999991,-75.0,distal,NX16_1_P20
9.549999999999992,-75.0,distal,NX16_1_P20
9.57499999999999,-75.0,distal,NX16_1_P20
9.599999999999987,-75.0,distal,NX16_1_P20
9.624999999999988,-75.0,distal,NX16_1_P20
9.649999999999986,-75.0,distal,NX16_1_P20
9.674999999999985,-75.0,distal,NX16_1_P20
9.699999999999983,-75.0,distal,NX16_1_P20
9.724999999999982,-75.0,distal,NX16_1_P20
9.74999999999998,-75.0,distal,NX16_1_P20
9.77499999999998,-75.0,distal,NX16_1_P20
9.799999999999978,-75.0,distal,NX16_1_P20
9.824999999999976,-75.0,distal,NX16_1_P20
9.849999999999977,-75.0,distal,NX16_1_P20
9.874999999999972,-75.0,distal,NX16_1_P20
9.899999999999972,-75.0,distal,NX16_1_P20
9.92499999999997,-75.0,distal,NX16_1_P20
9.949999999999967,-75.0,distal,NX16_1_P20
9.974999999999968,-75.0,distal,NX16_1_P20
9.999999999999966,-75.0,distal,NX16_1_P20
10.024999999999965,-75.0,distal,NX16_1_P20
10.049999999999963,-75.0,distal,NX16_1_P20
10.074999999999962,-75.0,distal,NX16_1_P20
10.09999999999996,-75.0,distal,NX16_1_P20
10.12499999999996,-75.0,distal,NX16_1_P20
10.149999999999958,-75.0,distal,NX16_1_P20
10.174999999999956,-75.0,distal,NX16_1_P20
10.199999999999957,-75.0,distal,NX16_1_P20
10.224999999999952,-75.0,distal,NX16_1_P20
10.249999999999952,-75.0,distal,NX16_1_P20
10.27499999999995,-75.0,distal,NX16_1_P20
10.29999999999995,-75.0,distal,NX16_1_P20
10.324999999999948,-75.0,distal,NX16_1_P20
10.349999999999946,-75.0,distal,NX16_1_P20
10.374999999999943,-75.0,distal,NX16_1_P20
10.399999999999944,-75.0,distal,NX16_1_P20
10.424999999999942,-75.0,distal,NX16_1_P20
10.44999999999994,-75.0,distal,NX16_1_P20
10.47499999999994,-75.0,distal,NX16_1_P20
10.499999999999938,-75.0,distal,NX16_1_P20
10.524999999999936,-75.0,distal,NX16_1_P20
10.549999999999937,-75.0,distal,NX16_1_P20
10.574999999999934,-75.0,distal,NX16_1_P20
10.599999999999932,-75.0,distal,NX16_1_P20
10.62499999999993,-75.0,distal,NX16_1_P20
10.64999999999993,-75.0,distal,NX16_1_P20
10.674999999999928,-75.0,distal,NX16_1_P20
10.699999999999926,-75.0,distal,NX16_1_P20
10.724999999999923,-75.0,distal,NX16_1_P20
10.749999999999924,-75.0,distal,NX16_1_P20
10.774999999999922,-75.0,distal,NX16_1_P20
10.79999999999992,-75.0,distal,NX16_1_P20
10.82499999999992,-75.0,distal,NX16_1_P20
10.849999999999918,-75.0,distal,NX16_1_P20
10.874999999999917,-75.0,distal,NX16_1_P20
10.899999999999917,-75.0,distal,NX16_1_P20
10.924999999999914,-75.0,distal,NX16_1_P20
10.949999999999912,-75.0,distal,NX16_1_P20
10.97499999999991,-75.0,distal,NX16_1_P20
10.99999999999991,-75.0,distal,NX16_1_P20
11.024999999999908,-75.0,distal,NX16_1_P20
11.049999999999908,-75.0,distal,NX16_1_P20
11.074999999999903,-75.0,distal,NX16_1_P20
11.099999999999904,-75.0,distal,NX16_1_P20
11.124999999999902,-75.0,distal,NX16_1_P20
11.1499999999999,-75.0,distal,NX16_1_P20
11.1749999999999,-75.0,distal,NX16_1_P20
11.199999999999898,-75.0,distal,NX16_1_P20
11.224999999999897,-75.0,distal,NX16_1_P20
11.249999999999895,-75.0,distal,NX16_1_P20
11.274999999999894,-75.0,distal,NX16_1_P20
11.299999999999892,-75.0,distal,NX16_1_P20
11.324999999999893,-75.0,distal,NX16_1_P20
11.34999999999989,-75.0,distal,NX16_1_P20
11.374999999999888,-75.0,distal,NX16_1_P20
11.399999999999888,-75.0,distal,NX16_1_P20
11.424999999999883,-75.0,distal,NX16_1_P20
11.449999999999884,-75.0,distal,NX16_1_P20
11.474999999999882,-75.0,distal,NX16_1_P20
11.49999999999988,-75.0,distal,NX16_1_P20
11.52499999999988,-75.0,distal,NX16_1_P20
11.549999999999878,-75.0,distal,NX16_1_P20
11.574999999999877,-75.0,distal,NX16_1_P20
11.599999999999875,-75.0,distal,NX16_1_P20
11.624999999999874,-75.0,distal,NX16_1_P20
11.649999999999872,-75.0,distal,NX16_1_P20
11.674999999999873,-75.0,distal,NX16_1_P20
11.69999999999987,-75.0,distal,NX16_1_P20
11.724999999999868,-75.0,distal,NX16_1_P20
11.749999999999869,-75.0,distal,NX16_1_P20
11.774999999999864,-75.0,distal,NX16_1_P20
11.799999999999864,-75.0,distal,NX16_1_P20
11.824999999999864,-75.0,distal,NX16_1_P20
11.84999999999986,-75.0,distal,NX16_1_P20
11.87499999999986,-75.0,distal,NX16_1_P20
11.899999999999858,-75.0,distal,NX16_1_P20
11.924999999999857,-75.0,distal,NX16_1_P20
11.949999999999855,-75.0,distal,NX16_1_P20
11.974999999999854,-75.0,distal,NX16_1_P20
11.999999999999853,-75.0,distal,NX16_1_P20
12.024999999999851,-75.0,distal,NX16_1_P20
12.04999999999985,-75.0,distal,NX16_1_P20
12.074999999999848,-75.0,distal,NX16_1_P20
12.099999999999849,-75.0,distal,NX16_1_P20
12.124999999999844,-75.0,distal,NX16_1_P20
12.149999999999844,-75.0,distal,NX16_1_P20
12.174999999999844,-75.0,distal,NX16_1_P20
12.19999999999984,-75.0,distal,NX16_1_P20
12.22499999999984,-75.0,distal,NX16_1_P20
12.249999999999838,-75.0,distal,NX16_1_P20
12.274999999999835,-75.0,distal,NX16_1_P20
12.299999999999836,-75.0,distal,NX16_1_P20
12.324999999999834,-75.0,distal,NX16_1_P20
12.349999999999833,-75.0,distal,NX16_1_P20
12.374999999999831,-75.0,distal,NX16_1_P20
12.39999999999983,-75.0,distal,NX16_1_P20
12.424999999999828,-75.0,distal,NX16_1_P20
12.449999999999829,-75.0,distal,NX16_1_P20
12.474999999999826,-75.0,distal,NX16_1_P20
12.499999999999824,-75.0,distal,NX16_1_P20
12.524999999999824,-75.0,distal,NX16_1_P20
12.54999999999982,-75.0,distal,NX16_1_P20
12.57499999999982,-75.0,distal,NX16_1_P20
12.599999999999818,-75.0,distal,NX16_1_P20
12.624999999999815,-75.0,distal,NX16_1_P20
12.649999999999816,-75.0,distal,NX16_1_P20
12.674999999999814,-75.0,distal,NX16_1_P20
12.699999999999813,-75.0,distal,NX16_1_P20
12.724999999999811,-75.0,distal,NX16_1_P20
12.74999999999981,-75.0,distal,NX16_1_P20
12.774999999999809,-75.0,distal,NX16_1_P20
12.799999999999809,-75.0,distal,NX16_1_P20
12.824999999999806,-75.0,distal,NX16_1_P20
12.849999999999804,-75.0,distal,NX16_1_P20
12.874999999999805,-75.0,distal,NX16_1_P20
12.8999999999998,-75.0,distal,NX16_1_P20
12.9249999999998,-75.0,distal,NX16_1_P20
12.9499999999998,-75.0,distal,NX16_1_P20
12.974999999999795,-75.0,distal,NX16_1_P20
12.999999999999796,-75.0,distal,NX16_1_P20
13.024999999999794,-75.0,distal,NX16_1_P20
13.049999999999793,-75.0,distal,NX16_1_P20
13.074999999999791,-75.0,distal,NX16_1_P20
13.09999999999979,-75.0,distal,NX16_1_P20
13.124999999999789,-75.0,distal,NX16_1_P20
13.149999999999787,-75.0,distal,NX16_1_P20
13.174999999999786,-75.0,distal,NX16_1_P20
13.199999999999784,-75.0,distal,NX16_1_P20
13.224999999999785,-75.0,distal,NX16_1_P20
13.249999999999782,-75.0,distal,NX16_1_P20
13.27499999999978,-75.0,distal,NX16_1_P20
13.29999999999978,-75.0,distal,NX16_1_P20
13.324999999999775,-75.0,distal,NX16_1_P20
13.349999999999776,-75.0,distal,NX16_1_P20
13.374999999999774,-75.0,distal,NX16_1_P20
13.399999999999771,-75.0,distal,NX16_1_P20
13.424999999999772,-75.0,distal,NX16_1_P20
13.44999999999977,-75.0,distal,NX16_1_P20
13.474999999999769,-75.0,distal,NX16_1_P20
13.499999999999767,-75.0,distal,NX16_1_P20
13.524999999999766,-75.0,distal,NX16_1_P20
13.549999999999764,-75.0,distal,NX16_1_P20
13.574999999999765,-75.0,distal,NX16_1_P20
13.599999999999762,-75.0,distal,NX16_1_P20
13.62499999999976,-75.0,distal,NX16_1_P20
13.64999999999976,-75.0,distal,NX16_1_P20
13.674999999999756,-75.0,distal,NX16_1_P20
13.699999999999756,-75.0,distal,NX16_1_P20
13.724999999999756,-75.0,distal,NX16_1_P20
13.749999999999751,-75.0,distal,NX16_1_P20
13.774999999999752,-75.0,distal,NX16_1_P20
13.79999999999975,-75.0,distal,NX16_1_P20
13.824999999999749,-75.0,distal,NX16_1_P20
13.849999999999747,-75.0,distal,NX16_1_P20
13.874999999999746,-75.0,distal,NX16_1_P20
13.899999999999745,-75.0,distal,NX16_1_P20
13.924999999999743,-75.0,distal,NX16_1_P20
13.949999999999742,-75.0,distal,NX16_1_P20
13.97499999999974,-75.0,distal,NX16_1_P20
13.99999999999974,-75.0,distal,NX16_1_P20
14.024999999999736,-75.0,distal,NX16_1_P20
14.049999999999736,-75.0,distal,NX16_1_P20
14.074999999999736,-75.0,distal,NX16_1_P20
14.099999999999731,-75.0,distal,NX16_1_P20
14.124999999999732,-75.0,distal,NX16_1_P20
14.14999999999973,-75.0,distal,NX16_1_P20
14.174999999999727,-75.0,distal,NX16_1_P20
14.199999999999728,-75.0,distal,NX16_1_P20
14.224999999999726,-75.0,distal,NX16_1_P20
14.249999999999725,-75.0,distal,NX16_1_P20
14.274999999999723,-75.0,distal,NX16_1_P20
14.299999999999722,-75.0,distal,NX16_1_P20
14.32499999999972,-75.0,distal,NX16_1_P20
14.34999999999972,-75.0,distal,NX16_1_P20
14.374999999999718,-75.0,distal,NX16_1_P20
14.399999999999716,-75.0,distal,NX16_1_P20
14.424999999999716,-75.0,distal,NX16_1_P20
14.449999999999712,-75.0,distal,NX16_1_P20
14.474999999999712,-75.0,distal,NX16_1_P20
14.49999999999971,-75.0,distal,NX16_1_P20
14.524999999999707,-75.0,distal,NX16_1_P20
14.549999999999708,-75.0,distal,NX16_1_P20
14.574999999999706,-75.0,distal,NX16_1_P20
14.599999999999705,-75.0,distal,NX16_1_P20
14.624999999999703,-75.0,distal,NX16_1_P20
14.649999999999702,-75.0,distal,NX16_1_P20
14.6749999999997,-75.0,distal,NX16_1_P20
14.6999999999997,-75.0,distal,NX16_1_P20
14.724999999999698,-75.0,distal,NX16_1_P20
14.749999999999696,-75.0,distal,NX16_1_P20
14.774999999999697,-75.0,distal,NX16_1_P20
14.799999999999692,-75.0,distal,NX16_1_P20
14.824999999999692,-75.0,distal,NX16_1_P20
14.84999999999969,-75.0,distal,NX16_1_P20
14.87499999999969,-75.0,distal,NX16_1_P20
14.899999999999688,-75.0,distal,NX16_1_P20
14.924999999999686,-75.0,distal,NX16_1_P20
14.949999999999685,-75.0,distal,NX16_1_P20
14.974999999999683,-75.0,distal,NX16_1_P20
14.999999999999682,-75.0,distal,NX16_1_P20
15.02499999999968,-75.0,distal,NX16_1_P20
15.04999999999968,-75.0,distal,NX16_1_P20
15.074999999999678,-75.0,distal,NX16_1_P20
15.099999999999676,-75.0,distal,NX16_1_P20
15.124999999999677,-75.0,distal,NX16_1_P20
15.149999999999674,-75.0,distal,NX16_1_P20
15.174999999999672,-75.0,distal,NX16_1_P20
15.19999999999967,-75.0,distal,NX16_1_P20
15.22499999999967,-75.0,distal,NX16_1_P20
15.249999999999668,-75.0,distal,NX16_1_P20
15.274999999999666,-75.0,distal,NX16_1_P20
15.299999999999663,-75.0,distal,NX16_1_P20
15.324999999999664,-75.0,distal,NX16_1_P20
15.349999999999662,-75.0,distal,NX16_1_P20
15.37499999999966,-75.0,distal,NX16_1_P20
15.39999999999966,-75.0,distal,NX16_1_P20
15.424999999999658,-75.0,distal,NX16_1_P20
15.449999999999656,-75.0,distal,NX16_1_P20
15.474999999999657,-75.0,distal,NX16_1_P20
15.499999999999654,-75.0,distal,NX16_1_P20
15.524999999999652,-75.0,distal,NX16_1_P20
15.54999999999965,-75.0,distal,NX16_1_P20
15.57499999999965,-75.0,distal,NX16_1_P20
15.599999999999648,-75.0,distal,NX16_1_P20
15.624999999999648,-75.0,distal,NX16_1_P20
15.649999999999643,-75.0,distal,NX16_1_P20
15.674999999999644,-75.0,distal,NX16_1_P20
15.699999999999642,-75.0,distal,NX16_1_P20
15.72499999999964,-75.0,distal,NX16_1_P20
15.74999999999964,-75.0,distal,NX16_1_P20
15.774999999999638,-75.0,distal,NX16_1_P20
15.799999999999637,-75.0,distal,NX16_1_P20
15.824999999999635,-75.0,distal,NX16_1_P20
15.849999999999634,-75.0,distal,NX16_1_P20
15.874999999999632,-75.0,distal,NX16_1_P20
15.89999999999963,-75.0,distal,NX16_1_P20
15.92499999999963,-75.0,distal,NX16_1_P20
15.949999999999628,-75.0,distal,NX16_1_P20
15.974999999999628,-75.0,distal,NX16_1_P20
15.999999999999623,-75.0,distal,NX16_1_P20
16.024999999999626,-75.0,distal,NX16_1_P20
16.049999999999624,-75.0,distal,NX16_1_P20
16.074999999999623,-75.0,distal,NX16_1_P20
16.09999999999962,-75.0,distal,NX16_1_P20
16.12499999999962,-75.0,distal,NX16_1_P20
16.14999999999962,-75.0,distal,NX16_1_P20
16.174999999999617,-75.0,distal,NX16_1_P20
16.199999999999616,-75.0,distal,NX16_1_P20
16.224999999999614,-75.0,distal,NX16_1_P20
16.249999999999613,-75.0,distal,NX16_1_P20
16.27499999999961,-75.0,distal,NX16_1_P20
16.29999999999961,-75.0,distal,NX16_1_P20
16.32499999999961,-75.0,distal,NX16_1_P20
16.349999999999607,-75.0,distal,NX16_1_P20
16.374999999999606,-75.0,distal,NX16_1_P20
16.399999999999604,-75.0,distal,NX16_1_P20
16.424999999999603,-75.0,distal,NX16_1_P20
16.4499999999996,-75.0,distal,NX16_1_P20
16.4749999999996,-75.0,distal,NX16_1_P20
16.4999999999996,-75.0,distal,NX16_1_P20
16.524999999999597,-75.0,distal,NX16_1_P20
16.549999999999596,-75.0,distal,NX16_1_P20
16.574999999999594,-75.0,distal,NX16_1_P20
16.599999999999593,-75.0,distal,NX16_1_P20
16.62499999999959,-75.0,distal,NX16_1_P20
16.64999999999959,-75.0,distal,NX16_1_P20
16.67499999999959,-75.0,distal,NX16_1_P20
16.699999999999587,-75.0,distal,NX16_1_P20
16.724999999999586,-75.0,distal,NX16_1_P20
16.749999999999584,-75.0,distal,NX16_1_P20
16.774999999999583,-75.0,distal,NX16_1_P20
16.79999999999958,-75.0,distal,NX16_1_P20
16.82499999999958,-75.0,distal,NX16_1_P20
16.84999999999958,-75.0,distal,NX16_1_P20
16.874999999999577,-75.0,distal,NX16_1_P20
16.899999999999576,-75.0,distal,NX16_1_P20
16.924999999999574,-75.0,distal,NX16_1_P20
16.949999999999573,-75.0,distal,NX16_1_P20
16.97499999999957,-75.0,distal,NX16_1_P20
16.99999999999957,-75.0,distal,NX16_1_P20
17.02499999999957,-75.0,distal,NX16_1_P20
17.049999999999567,-75.0,distal,NX16_1_P20
17.074999999999566,-75.0,distal,NX16_1_P20
17.099999999999564,-75.0,distal,NX16_1_P20
17.124999999999563,-75.0,distal,NX16_1_P20
17.14999999999956,-75.0,distal,NX16_1_P20
17.17499999999956,-75.0,distal,NX16_1_P20
17.19999999999956,-75.0,distal,NX16_1_P20
17.224999999999557,-75.0,distal,NX16_1_P20
17.249999999999556,-75.0,distal,NX16_1_P20
17.274999999999554,-75.0,distal,NX16_1_P20
17.299999999999553,-75.0,distal,NX16_1_P20
17.32499999999955,-75.0,distal,NX16_1_P20
17.34999999999955,-75.0,distal,NX16_1_P20
17.37499999999955,-75.0,distal,NX16_1_P20
17.399999999999547,-75.0,distal,NX16_1_P20
17.424999999999546,-75.0,distal,NX16_1_P20
17.449999999999545,-75.0,distal,NX16_1_P20
17.474999999999543,-75.0,distal,NX16_1_P20
17.49999999999954,-75.0,distal,NX16_1_P20
17.52499999999954,-75.0,distal,NX16_1_P20
17.54999999999954,-75.0,distal,NX16_1_P20
17.574999999999537,-75.0,distal,NX16_1_P20
17.599999999999536,-75.0,distal,NX16_1_P20
17.624999999999535,-75.0,distal,NX16_1_P20
17.649999999999533,-75.0,distal,NX16_1_P20
17.67499999999953,-75.0,distal,NX16_1_P20
17.69999999999953,-75.0,distal,NX16_1_P20
17.72499999999953,-75.0,distal,NX16_1_P20
17.749999999999527,-75.0,distal,NX16_1_P20
17.774999999999526,-75.0,distal,NX16_1_P20
17.799999999999525,-75.0,distal,NX16_1_P20
17.824999999999523,-75.0,distal,NX16_1_P20
17.849999999999522,-75.0,distal,NX16_1_P20
17.87499999999952,-75.0,distal,NX16_1_P20
17.89999999999952,-75.0,distal,NX16_1_P20
17.924999999999518,-75.0,distal,NX16_1_P20
17.949999999999516,-75.0,distal,NX16_1_P20
17.974999999999515,-75.0,distal,NX16_1_P20
17.999999999999513,-75.0,distal,NX16_1_P20
18.024999999999512,-75.0,distal,NX16_1_P20
18.04999999999951,-75.0,distal,NX16_1_P20
18.07499999999951,-75.0,distal,NX16_1_P20
18.099999999999508,-75.0,distal,NX16_1_P20
18.124999999999503,-75.0,distal,NX16_1_P20
18.149999999999505,-75.0,distal,NX16_1_P20
18.174999999999503,-75.0,distal,NX16_1_P20
18.199999999999505,-75.0,distal,NX16_1_P20
18.2249999999995,-75.0,distal,NX16_1_P20
18.2499999999995,-75.0,distal,NX16_1_P20
18.274999999999498,-75.0,distal,NX16_1_P20
18.299999999999496,-75.0,distal,NX16_1_P20
18.32499999999949,-75.0,distal,NX16_1_P20
18.349999999999493,-75.0,distal,NX16_1_P20
18.37499999999949,-75.0,distal,NX16_1_P20
18.39999999999949,-75.0,distal,NX16_1_P20
18.42499999999949,-75.0,distal,NX16_1_P20
18.449999999999488,-75.0,distal,NX16_1_P20
18.474999999999486,-75.0,distal,NX16_1_P20
18.499999999999485,-75.0,distal,NX16_1_P20
18.524999999999483,-75.0,distal,NX16_1_P20
18.54999999999948,-75.0,distal,NX16_1_P20
18.57499999999948,-75.0,distal,NX16_1_P20
18.59999999999948,-75.0,distal,NX16_1_P20
18.62499999999948,-75.0,distal,NX16_1_P20
18.64999999999948,-75.0,distal,NX16_1_P20
18.674999999999475,-75.0,distal,NX16_1_P20
18.699999999999477,-75.0,distal,NX16_1_P20
18.724999999999472,-75.0,distal,NX16_1_P20
18.74999999999947,-75.0,distal,NX16_1_P20
18.77499999999947,-75.0,distal,NX16_1_P20
18.799999999999468,-75.0,distal,NX16_1_P20
18.824999999999463,-75.0,distal,NX16_1_P20
18.849999999999465,-75.0,distal,NX16_1_P20
18.874999999999464,-75.0,distal,NX16_1_P20
18.899999999999466,-75.0,distal,NX16_1_P20
18.92499999999946,-75.0,distal,NX16_1_P20
18.94999999999946,-75.0,distal,NX16_1_P20
18.974999999999454,-75.0,distal,NX16_1_P20
18.999999999999456,-75.0,distal,NX16_1_P20
19.02499999999945,-75.0,distal,NX16_1_P20
19.049999999999454,-75.0,distal,NX16_1_P20
19.07499999999945,-75.0,distal,NX16_1_P20
19.09999999999945,-75.0,distal,NX16_1_P20
19.12499999999945,-75.0,distal,NX16_1_P20
19.149999999999448,-75.0,distal,NX16_1_P20
19.174999999999446,-75.0,distal,NX16_1_P20
19.199999999999445,-75.0,distal,NX16_1_P20
19.224999999999444,-75.0,distal,NX16_1_P20
19.24999999999944,-75.0,distal,NX16_1_P20
19.27499999999944,-75.0,distal,NX16_1_P20
19.29999999999944,-75.0,distal,NX16_1_P20
19.32499999999944,-75.0,distal,NX16_1_P20
19.34999999999944,-75.0,distal,NX16_1_P20
19.374999999999435,-75.0,distal,NX16_1_P20
19.399999999999437,-75.0,distal,NX16_1_P20
19.424999999999432,-75.0,distal,NX16_1_P20
19.44999999999943,-75.0,distal,NX16_1_P20
19.47499999999943,-75.0,distal,NX16_1_P20
19.499999999999428,-75.0,distal,NX16_1_P20
19.524999999999427,-75.0,distal,NX16_1_P20
19.549999999999425,-75.0,distal,NX16_1_P20
19.574999999999424,-75.0,distal,NX16_1_P20
19.599999999999422,-75.0,distal,NX16_1_P20
19.62499999999942,-75.0,distal,NX16_1_P20
19.64999999999942,-75.0,distal,NX16_1_P20
19.674999999999415,-75.0,distal,NX16_1_P20
19.699999999999417,-75.0,distal,NX16_1_P20
19.72499999999941,-75.0,distal,NX16_1_P20
19.74999999999941,-75.0,distal,NX16_1_P20
19.77499999999941,-75.0,distal,NX16_1_P20
19.79999999999941,-75.0,distal,NX16_1_P20
19.82499999999941,-75.0,distal,NX16_1_P20
19.849999999999408,-75.0,distal,NX16_1_P20
19.874999999999407,-75.0,distal,NX16_1_P20
19.899999999999405,-75.0,distal,NX16_1_P20
19.924999999999404,-75.0,distal,NX16_1_P20
19.9499999999994,-75.0,distal,NX16_1_P20
19.9749999999994,-75.0,distal,NX16_1_P20
19.9999999999994,-75.0,distal,NX16_1_P20
20.0249999999994,-75.0,distal,NX16_1_P20
20.0499999999994,-74.99999116886528,distal,NX16_1_P20
20.074999999999395,-74.99995825495125,distal,NX16_1_P20
20.099999999999397,-74.99988485295462,distal,NX16_1_P20
20.124999999999392,-74.99975642330814,distal,NX16_1_P20
20.14999999999939,-74.99956111684091,distal,NX16_1_P20
20.17499999999939,-74.999289565717,distal,NX16_1_P20
20.199999999999388,-74.99893440351826,distal,NX16_1_P20
20.224999999999387,-74.99848982351722,distal,NX16_1_P20
20.249999999999385,-74.99795124811072,distal,NX16_1_P20
20.274999999999384,-74.99731509731319,distal,NX16_1_P20
20.299999999999383,-74.99657862654851,distal,NX16_1_P20
20.32499999999938,-74.99573980839767,distal,NX16_1_P20
20.34999999999938,-74.99479724129209,distal,NX16_1_P20
20.37499999999938,-74.993750074918,distal,NX16_1_P20
20.399999999999377,-74.99259794652812,distal,NX16_1_P20
20.424999999999372,-74.99134092496145,distal,NX16_1_P20
20.44999999999937,-74.98997946060535,distal,NX16_1_P20
20.474999999999373,-74.98851434028653,distal,NX16_1_P20
20.49999999999937,-74.98694664645942,distal,NX16_1_P20
20.52499999999937,-74.9852777202497,distal,NX16_1_P20
20.54999999999937,-74.98350912800487,distal,NX16_1_P20
20.574999999999367,-74.9816426310523,distal,NX16_1_P20
20.599999999999365,-74.9796801583943,distal,NX16_1_P20
20.624999999999364,-74.97762378208988,distal,NX16_1_P20
20.649999999999363,-74.97547569509,distal,NX16_1_P20
20.67499999999936,-74.97323819130933,distal,NX16_1_P20
20.69999999999936,-74.97091364773323,distal,NX16_1_P20
20.72499999999936,-74.96850450837354,distal,NX16_1_P20
20.74999999999936,-74.96601326990228,distal,NX16_1_P20
20.77499999999936,-74.9634424688058,distal,NX16_1_P20
20.799999999999358,-74.96079466991601,distal,NX16_1_P20
20.824999999999356,-74.95807245618745,distal,NX16_1_P20
20.84999999999935,-74.95527841960093,distal,NX16_1_P20
20.87499999999935,-74.95241515308545,distal,NX16_1_P20
20.89999999999935,-74.9494852433597,distal,NX16_1_P20
20.924999999999347,-74.9464912646041,distal,NX16_1_P20
20.949999999999346,-74.94343577288238,distal,NX16_1_P20
20.974999999999344,-74.94032130123935,distal,NX16_1_P20
20.999999999999343,-74.93715035540882,distal,NX16_1_P20
21.02499999999934,-74.9339254100714,distal,NX16_1_P20
21.04999999999934,-74.930648905608,distal,NX16_1_P20
21.07499999999934,-74.92732324529997,distal,NX16_1_P20
21.099999999999337,-74.9239507929316,distal,NX16_1_P20
21.124999999999336,-74.92053387075444,distal,NX16_1_P20
21.14999999999933,-74.91707475777767,distal,NX16_1_P20
21.174999999999333,-74.91357568835129,distal,NX16_1_P20
21.19999999999933,-74.91003885101249,distal,NX16_1_P20
21.22499999999933,-74.90646638756863,distal,NX16_1_P20
21.24999999999933,-74.90286039239203,distal,NX16_1_P20
21.274999999999327,-74.89922291190504,distal,NX16_1_P20
21.29999999999933,-74.89555594423523,distal,NX16_1_P20
21.324999999999324,-74.89186143902266,distal,NX16_1_P20
21.349999999999323,-74.88814129736325,distal,NX16_1_P20
21.37499999999932,-74.88439737187295,distal,NX16_1_P20
21.39999999999932,-74.88063146685987,distal,NX16_1_P20
21.42499999999932,-74.87684533859185,distal,NX16_1_P20
21.44999999999932,-74.87304069564888,distal,NX16_1_P20
21.47499999999932,-74.86921919935004,distal,NX16_1_P20
21.499999999999314,-74.86538246424631,distal,NX16_1_P20
21.524999999999316,-74.86153205867087,distal,NX16_1_P20
21.54999999999931,-74.85766950533967,distal,NX16_1_P20
21.57499999999931,-74.8537962819955,distal,NX16_1_P20
21.59999999999931,-74.84991382208952,distal,NX16_1_P20
21.624999999999307,-74.84602351549484,distal,NX16_1_P20
21.649999999999302,-74.84212670924708,distal,NX16_1_P20
21.674999999999304,-74.83822470830765,distal,NX16_1_P20
21.699999999999303,-74.83431877634538,distal,NX16_1_P20
21.7249999999993,-74.83041013653323,distal,NX16_1_P20
21.7499999999993,-74.82649997235639,distal,NX16_1_P20
21.7749999999993,-74.82258942842911,distal,NX16_1_P20
21.799999999999297,-74.8186796113175,distal,NX16_1_P20
21.824999999999296,-74.81477159036571,distal,NX16_1_P20
21.84999999999929,-74.81086639852352,distal,NX16_1_P20
21.874999999999293,-74.80696503317346,distal,NX16_1_P20
21.89999999999929,-74.8030684569554,distal,NX16_1_P20
21.92499999999929,-74.79917759858743,distal,NX16_1_P20
21.94999999999929,-74.79529335368134,distal,NX16_1_P20
21.974999999999287,-74.79141658555169,distal,NX16_1_P20
21.99999999999929,-74.78754812601724,distal,NX16_1_P20
22.024999999999284,-74.7836887761938,distal,NX16_1_P20
22.049999999999283,-74.77983930727771,distal,NX16_1_P20
22.07499999999928,-74.77600046131914,distal,NX16_1_P20
22.09999999999928,-74.77217295198461,distal,NX16_1_P20
22.12499999999928,-74.76835746530809,distal,NX16_1_P20
22.14999999999928,-74.76455466043029,distal,NX16_1_P20
22.17499999999928,-74.7607651703258,distal,NX16_1_P20
22.199999999999275,-74.75698960251744,distal,NX16_1_P20
22.224999999999277,-74.75322853977794,distal,NX16_1_P20
22.24999999999927,-74.74948254081838,distal,NX16_1_P20
22.27499999999927,-74.74575214096349,distal,NX16_1_P20
22.29999999999927,-74.7420378528134,distal,NX16_1_P20
22.324999999999267,-74.73834016689207,distal,NX16_1_P20
22.349999999999262,-74.73465955228207,distal,NX16_1_P20
22.374999999999265,-74.73099645724574,distal,NX16_1_P20
22.399999999999263,-74.72735130983301,distal,NX16_1_P20
22.42499999999926,-74.72372451847548,distal,NX16_1_P20
22.44999999999926,-74.72011647256717,distal,NX16_1_P20
22.47499999999926,-74.71652754303187,distal,NX16_1_P20
22.499999999999257,-74.71295808287721,distal,NX16_1_P20
22.524999999999256,-74.70940842773558,distal,NX16_1_P20
22.54999999999925,-74.7058788963921,distal,NX16_1_P20
22.574999999999253,-74.70236979129959,distal,NX16_1_P20
22.59999999999925,-74.698881399081,distal,NX16_1_P20
22.62499999999925,-74.6954139910192,distal,NX16_1_P20
22.64999999999925,-74.69196782353441,distal,NX16_1_P20
22.674999999999248,-74.68854313864956,distal,NX16_1_P20
22.69999999999925,-74.68514016444361,distal,NX16_1_P20
22.724999999999245,-74.68175911549307,distal,NX16_1_P20
22.749999999999243,-74.67840019330204,distal,NX16_1_P20
22.77499999999924,-74.6750635867209,distal,NX16_1_P20
22.79999999999924,-74.67174947235374,distal,NX16_1_P20
22.82499999999924,-74.66845801495502,distal,NX16_1_P20
22.84999999999924,-74.66518936781539,distal,NX16_1_P20
22.87499999999924,-74.66194367313709,distal,NX16_1_P20
22.899999999999235,-74.6587210623991,distal,NX16_1_P20
22.924999999999237,-74.65552165671211,distal,NX16_1_P20
22.949999999999232,-74.65234556716386,distal,NX16_1_P20
22.97499999999923,-74.64919289515461,distal,NX16_1_P20
22.99999999999923,-74.6460637327234,distal,NX16_1_P20
23.024999999999228,-74.6429581628651,distal,NX16_1_P20
23.049999999999223,-74.63987625983832,distal,NX16_1_P20
23.074999999999225,-74.63681808946474,distal,NX16_1_P20
23.099999999999223,-74.63378370941984,distal,NX16_1_P20
23.124999999999226,-74.6307731695152,distal,NX16_1_P20
23.14999999999922,-74.62778651197269,distal,NX16_1_P20
23.17499999999922,-74.62482377169079,distal,NX16_1_P20
23.199999999999218,-74.62188497650303,distal,NX16_1_P20
23.224999999999216,-74.61897014742897,distal,NX16_1_P20
23.24999999999921,-74.6160792989178,distal,NX16_1_P20
23.274999999999213,-74.6132124390847,distal,NX16_1_P20
23.29999999999921,-74.61036956994032,distal,NX16_1_P20
23.32499999999921,-74.60755068761335,distal,NX16_1_P20
23.34999999999921,-74.60475578256651,distal,NX16_1_P20
23.374999999999208,-74.6019848398061,distal,NX16_1_P20
23.399999999999206,-74.59923783908519,distal,NX16_1_P20
23.424999999999205,-74.59651475510081,distal,NX16_1_P20
23.449999999999203,-74.5938155576851,distal,NX16_1_P20
23.4749999999992,-74.5911402119907,distal,NX16_1_P20
23.4999999999992,-74.58848867867046,distal,NX16_1_P20
23.5249999999992,-74.58586091405176,distal,NX16_1_P20
23.5499999999992,-74.58325687030548,distal,NX16_1_P20
23.5749999999992,-74.58067649560968,distal,NX16_1_P20
23.599999999999195,-74.57811973430844,distal,NX16_1_P20
23.624999999999197,-74.5755865270656,distal,NX16_1_P20
23.649999999999192,-74.57307681101383,distal,NX16_1_P20
23.67499999999919,-74.57059051989917,distal,NX16_1_P20
23.69999999999919,-74.5681275842209,distal,NX16_1_P20
23.724999999999188,-74.56568793136714,distal,NX16_1_P20
23.749999999999183,-74.5632714857462,distal,NX16_1_P20
23.774999999999185,-74.5608781689138,distal,NX16_1_P20
23.799999999999184,-74.5585078996963,distal,NX16_1_P20
23.824999999999186,-74.55616059430997,distal,NX16_1_P20
23.84999999999918,-74.55383616647661,distal,NX16_1_P20
23.87499999999918,-74.5515345275354,distal,NX16_1_P20
23.899999999999174,-74.54925558655118,distal,NX16_1_P20
23.924999999999176,-74.5469992504194,distal,NX16_1_P20
23.94999999999917,-74.54476542396756,distal,NX16_1_P20
23.974999999999174,-74.54255401005346,distal,NX16_1_P20
23.99999999999917,-74.54036490966031,distal,NX16_1_P20
24.02499999999917,-74.53819802198875,distal,NX16_1_P20
24.04999999999917,-74.53605324454585,distal,NX16_1_P20
24.074999999999168,-74.53393047323127,distal,NX16_1_P20
24.099999999999167,-74.5318296024206,distal,NX16_1_P20
24.124999999999165,-74.529750525046,distal,NX16_1_P20
24.149999999999164,-74.52769313267412,distal,NX16_1_P20
24.17499999999916,-74.52565731558153,distal,NX16_1_P20
24.19999999999916,-74.52364296282767,distal,NX16_1_P20
24.22499999999916,-74.52164996232533,distal,NX16_1_P20
24.24999999999916,-74.51967820090886,distal,NX16_1_P20
24.27499999999916,-74.51772756439999,distal,NX16_1_P20
24.299999999999155,-74.51579793767164,distal,NX16_1_P20
24.324999999999157,-74.5138892047094,distal,NX16_1_P20
24.349999999999152,-74.51200124867106,distal,NX16_1_P20
24.37499999999915,-74.51013395194408,distal,NX16_1_P20
24.39999999999915,-74.5082871962012,distal,NX16_1_P20
24.424999999999148,-74.50646086245395,distal,NX16_1_P20
24.449999999999147,-74.50465483110463,distal,NX16_1_P20
24.474999999999145,-74.50286898199623,distal,NX16_1_P20
24.499999999999144,-74.50110319446085,distal,NX16_1_P20
24.524999999999142,-74.49935734736631,distal,NX16_1_P20
24.54999999999914,-74.49763131916117,distal,NX16_1_P20
24.57499999999914,-74.49592498791824,distal,NX16_1_P20
24.599999999999135,-74.49423823137656,distal,NX16_1_P20
24.624999999999137,-74.49257092698178,distal,NX16_1_P20
24.64999999999913,-74.49092295192534,distal,NX16_1_P20
24.67499999999913,-74.48929418318201,distal,NX16_1_P20
24.69999999999913,-74.48768449754633,distal,NX16_1_P20
24.72499999999913,-74.48609377166754,distal,NX16_1_P20
24.74999999999913,-74.48452188208347,distal,NX16_1_P20
24.774999999999128,-74.48296870525294,distal,NX16_1_P20
24.799999999999127,-74.48143411758724,distal,NX16_1_P20
24.824999999999125,-74.4799179954803,distal,NX16_1_P20
24.849999999999124,-74.4784202153378,distal,NX16_1_P20
24.87499999999912,-74.47694065360523,distal,NX16_1_P20
24.89999999999912,-74.47547918679481,distal,NX16_1_P20
24.92499999999912,-74.4740356915116,distal,NX16_1_P20
24.94999999999912,-74.47261004447837,distal,NX16_1_P20
24.97499999999912,-74.47120212255973,distal,NX16_1_P20
24.999999999999115,-74.46981180278524,distal,NX16_1_P20
25.024999999999118,-74.46843896237168,distal,NX16_1_P20
25.049999999999116,-74.46708347874443,distal,NX16_1_P20
25.07499999999911,-74.465745229558,distal,NX16_1_P20
25.09999999999911,-74.46442409271579,distal,NX16_1_P20
25.12499999999911,-74.4631199463891,distal,NX16_1_P20
25.149999999999107,-74.46183266903525,distal,NX16_1_P20
25.174999999999105,-74.46056213941513,distal,NX16_1_P20
25.199999999999104,-74.45930823660991,distal,NX16_1_P20
25.224999999999103,-74.45807084003715,distal,NX16_1_P20
25.2499999999991,-74.45684982946618,distal,NX16_1_P20
25.2749999999991,-74.4556450850329,distal,NX16_1_P20
25.2999999999991,-74.45445648725386,distal,NX16_1_P20
25.324999999999097,-74.45328391703988,distal,NX16_1_P20
25.349999999999092,-74.45212725570893,distal,NX16_1_P20
25.37499999999909,-74.45098638499853,distal,NX16_1_P20
25.399999999999093,-74.44986118707763,distal,NX16_1_P20
25.42499999999909,-74.44875154455785,distal,NX16_1_P20
25.44999999999909,-74.44765734050434,distal,NX16_1_P20
25.47499999999909,-74.44657845844601,distal,NX16_1_P20
25.499999999999087,-74.44551478238539,distal,NX16_1_P20
25.52499999999909,-74.444466196808,distal,NX16_1_P20
25.549999999999084,-74.44343258669116,distal,NX16_1_P20
25.574999999999083,-74.44241383751258,distal,NX16_1_P20
25.59999999999908,-74.44140983525831,distal,NX16_1_P20
25.62499999999908,-74.4404204664304,distal,NX16_1_P20
25.64999999999908,-74.43944561805417,distal,NX16_1_P20
25.67499999999908,-74.43848517768504,distal,NX16_1_P20
25.69999999999908,-74.43753903341502,distal,NX16_1_P20
25.724999999999078,-74.43660707387892,distal,NX16_1_P20
25.749999999999076,-74.43568918825999,distal,NX16_1_P20
25.77499999999907,-74.43478526629555,distal,NX16_1_P20
25.79999999999907,-74.433895198282,distal,NX16_1_P20
25.82499999999907,-74.43301887507971,distal,NX16_1_P20
25.849999999999067,-74.43215618811752,distal,NX16_1_P20
25.874999999999066,-74.43130702939695,distal,NX16_1_P20
25.899999999999064,-74.4304712914962,distal,NX16_1_P20
25.924999999999063,-74.42964886757382,distal,NX16_1_P20
25.94999999999906,-74.42883965137204,distal,NX16_1_P20
25.97499999999906,-74.42804353722008,distal,NX16_1_P20
25.99999999999906,-74.42726042003693,distal,NX16_1_P20
26.024999999999057,-74.4264901953341,distal,NX16_1_P20
26.049999999999056,-74.42573275921805,distal,NX16_1_P20
26.07499999999905,-74.42498800839243,distal,NX16_1_P20
26.099999999999053,-74.4242558401601,distal,NX16_1_P20
26.12499999999905,-74.42353615242492,distal,NX16_1_P20
26.14999999999905,-74.42282884369335,distal,NX16_1_P20
26.17499999999905,-74.42213381307593,distal,NX16_1_P20
26.199999999999047,-74.42145096028844,distal,NX16_1_P20
26.22499999999905,-74.42078018565299,distal,NX16_1_P20
26.249999999999044,-74.42012139009893,distal,NX16_1_P20
26.274999999999043,-74.4194744751635,distal,NX16_1_P20
26.29999999999904,-74.41883934299243,distal,NX16_1_P20
26.32499999999904,-74.41821589634033,distal,NX16_1_P20
26.34999999999904,-74.41760403857094,distal,NX16_1_P20
26.37499999999904,-74.41700367365726,distal,NX16_1_P20
26.39999999999904,-74.41641470618147,distal,NX16_1_P20
26.424999999999034,-74.4158370413348,distal,NX16_1_P20
26.449999999999037,-74.41527058491721,distal,NX16_1_P20
26.47499999999903,-74.41471524333703,distal,NX16_1_P20
26.49999999999903,-74.41417092361033,distal,NX16_1_P20
26.52499999999903,-74.41363753336036,distal,NX16_1_P20
26.549999999999027,-74.41311498081673,distal,NX16_1_P20
26.574999999999022,-74.41260317481455,distal,NX16_1_P20
26.599999999999024,-74.41210202479347,distal,NX16_1_P20
26.624999999999023,-74.4116114407966,distal,NX16_1_P20
26.64999999999902,-74.41113133346936,distal,NX16_1_P20
26.67499999999902,-74.41066161405817,distal,NX16_1_P20
26.69999999999902,-74.4102021944092,distal,NX16_1_P20
26.724999999999017,-74.40975298696685,distal,NX16_1_P20
26.749999999999016,-74.40931390477229,distal,NX16_1_P20
26.77499999999901,-74.40888486146187,distal,NX16_1_P20
26.799999999999013,-74.40846577126545,distal,NX16_1_P20
26.82499999999901,-74.40805654900466,distal,NX16_1_P20
26.84999999999901,-74.40765711009111,distal,NX16_1_P20
26.87499999999901,-74.40726737052452,distal,NX16_1_P20
26.899999999999007,-74.40688724689083,distal,NX16_1_P20
26.92499999999901,-74.40651665636013,distal,NX16_1_P20
26.949999999999005,-74.40615551668465,distal,NX16_1_P20
26.974999999999003,-74.40580374619674,distal,NX16_1_P20
26.999999999999,-74.40546126380656,distal,NX16_1_P20
27.024999999999,-74.40512798900001,distal,NX16_1_P20
27.049999999999,-74.40480384183641,distal,NX16_1_P20
27.074999999999,-74.40448874294623,distal,NX16_1_P20
27.099999999999,-74.40418261352872,distal,NX16_1_P20
27.124999999998995,-74.40388537534955,distal,NX16_1_P20
27.149999999998997,-74.40359695073838,distal,NX16_1_P20
27.17499999999899,-74.4033172625864,distal,NX16_1_P20
27.19999999999899,-74.40304623434385,distal,NX16_1_P20
27.22499999999899,-74.40278379001745,distal,NX16_1_P20
27.249999999998987,-74.40252985416788,distal,NX16_1_P20
27.274999999998983,-74.40228435190717,distal,NX16_1_P20
27.299999999998985,-74.40204720889605,distal,NX16_1_P20
27.324999999998983,-74.40181835134135,distal,NX16_1_P20
27.349999999998985,-74.40159770599331,distal,NX16_1_P20
27.37499999999898,-74.40138520014287,distal,NX16_1_P20
27.39999999999898,-74.40118076161895,distal,NX16_1_P20
27.424999999998978,-74.40098431878567,distal,NX16_1_P20
27.449999999998976,-74.40079580053971,distal,NX16_1_P20
27.47499999999897,-74.40061513630737,distal,NX16_1_P20
27.499999999998973,-74.40044225604187,distal,NX16_1_P20
27.52499999999897,-74.40027709022051,distal,NX16_1_P20
27.54999999999897,-74.40011956984185,distal,NX16_1_P20
27.57499999999897,-74.39996962642282,distal,NX16_1_P20
27.599999999998968,-74.39982719199591,distal,NX16_1_P20
27.62499999999897,-74.3996921991063,distal,NX16_1_P20
27.649999999998965,-74.39956458080894,distal,NX16_1_P20
27.674999999998963,-74.39944427066571,distal,NX16_1_P20
27.69999999999896,-74.39933120274246,distal,NX16_1_P20
27.72499999999896,-74.39922531160616,distal,NX16_1_P20
27.74999999999896,-74.39912653232196,distal,NX16_1_P20
27.77499999999896,-74.39903480045027,distal,NX16_1_P20
27.79999999999896,-74.39895005204384,distal,NX16_1_P20
27.824999999998955,-74.39887222364484,distal,NX16_1_P20
27.849999999998957,-74.39880125228188,distal,NX16_1_P20
27.874999999998952,-74.39873707546717,distal,NX16_1_P20
27.89999999999895,-74.39867963119343,distal,NX16_1_P20
27.92499999999895,-74.39862885793112,distal,NX16_1_P20
27.949999999998948,-74.39858469462537,distal,NX16_1_P20
27.974999999998943,-74.39854708069309,distal,NX16_1_P20
27.999999999998945,-74.39851595602006,distal,NX16_1_P20
28.024999999998943,-74.39849126095793,distal,NX16_1_P20
28.049999999998946,-74.39847293632127,distal,NX16_1_P20
28.07499999999894,-74.39846092338472,distal,NX16_1_P20
28.09999999999894,-74.39845516388002,distal,NX16_1_P20
28.124999999998938,-74.39845559999299,distal,NX16_1_P20
28.149999999998936,-74.39846217436076,distal,NX16_1_P20
28.17499999999893,-74.39847483006872,distal,NX16_1_P20
28.199999999998933,-74.39849351064768,distal,NX16_1_P20
28.22499999999893,-74.39851816007092,distal,NX16_1_P20
28.24999999999893,-74.39854872275126,distal,NX16_1_P20
28.27499999999893,-74.39858514353823,distal,NX16_1_P20
28.299999999998928,-74.39862736771512,distal,NX16_1_P20
28.324999999998926,-74.39867534099614,distal,NX16_1_P20
28.349999999998925,-74.39872900952344,distal,NX16_1_P20
28.374999999998924,-74.39878831986437,distal,NX16_1_P20
28.39999999999892,-74.39885321900853,distal,NX16_1_P20
28.42499999999892,-74.39892365436494,distal,NX16_1_P20
28.44999999999892,-74.39899957375917,distal,NX16_1_P20
28.47499999999892,-74.39908092543055,distal,NX16_1_P20
28.49999999999892,-74.39916765802928,distal,NX16_1_P20
28.524999999998915,-74.39925972061367,distal,NX16_1_P20
28.549999999998917,-74.39935706264724,distal,NX16_1_P20
28.574999999998912,-74.39945963399605,distal,NX16_1_P20
28.59999999999891,-74.39956738492576,distal,NX16_1_P20
28.62499999999891,-74.39968026609898,distal,NX16_1_P20
28.649999999998908,-74.39979822857244,distal,NX16_1_P20
28.674999999998903,-74.3999212237942,distal,NX16_1_P20
28.699999999998905,-74.40004920360097,distal,NX16_1_P20
28.724999999998904,-74.40018212021535,distal,NX16_1_P20
28.749999999998906,-74.40031992624307,distal,NX16_1_P20
28.7749999999989,-74.40046257467031,distal,NX16_1_P20
28.7999999999989,-74.40061001886102,distal,NX16_1_P20
28.824999999998894,-74.40076221255414,distal,NX16_1_P20
28.849999999998897,-74.40091910986106,distal,NX16_1_P20
28.87499999999889,-74.40108066526284,distal,NX16_1_P20
28.899999999998894,-74.40124683360759,distal,NX16_1_P20
28.92499999999889,-74.40141757010785,distal,NX16_1_P20
28.94999999999889,-74.40159283033795,distal,NX16_1_P20
28.97499999999889,-74.40177257023137,distal,NX16_1_P20
28.999999999998888,-74.40195674607821,distal,NX16_1_P20
29.024999999998887,-74.40214531452249,distal,NX16_1_P20
29.049999999998885,-74.40233823255969,distal,NX16_1_P20
29.074999999998884,-74.40253545753409,distal,NX16_1_P20
29.09999999999888,-74.40273694713629,distal,NX16_1_P20
29.12499999999888,-74.40294265940064,distal,NX16_1_P20
29.14999999999888,-74.40315255270272,distal,NX16_1_P20
29.17499999999888,-74.40336658575684,distal,NX16_1_P20
29.19999999999888,-74.40358471761353,distal,NX16_1_P20
29.224999999998875,-74.40380690765707,distal,NX16_1_P20
29.249999999998877,-74.40403311560303,distal,NX16_1_P20
29.274999999998872,-74.40426330149576,distal,NX16_1_P20
29.29999999999887,-74.40449742570604,distal,NX16_1_P20
29.32499999999887,-74.40473544892858,distal,NX16_1_P20
29.349999999998868,-74.40497733217961,distal,NX16_1_P20
29.374999999998867,-74.40522303679455,distal,NX16_1_P20
29.399999999998865,-74.40547252442553,distal,NX16_1_P20
29.424999999998864,-74.40572575703906,distal,NX16_1_P20
29.449999999998862,-74.40598269691371,distal,NX16_1_P20
29.47499999999886,-74.4062433066377,distal,NX16_1_P20
29.49999999999886,-74.40650754910659,distal,NX16_1_P20
29.524999999998855,-74.406775387521,distal,NX16_1_P20
29.549999999998857,-74.40704678538425,distal,NX16_1_P20
29.57499999999885,-74.40732170650013,distal,NX16_1_P20
29.59999999999885,-74.40760011497056,distal,NX16_1_P20
29.62499999999885,-74.40788197519343,distal,NX16_1_P20
29.64999999999885,-74.40816725186022,distal,NX16_1_P20
29.67499999999885,-74.40845590995387,distal,NX16_1_P20
29.699999999998848,-74.40874791474653,distal,NX16_1_P20
29.724999999998847,-74.40904323179734,distal,NX16_1_P20
29.749999999998845,-74.40934182695027,distal,NX16_1_P20
29.774999999998844,-74.40964366633192,distal,NX16_1_P20
29.799999999998843,-74.40994871634936,distal,NX16_1_P20
29.82499999999884,-74.410256943688,distal,NX16_1_P20
29.84999999999884,-74.41056831530942,distal,NX16_1_P20
29.87499999999884,-74.41088279844928,distal,NX16_1_P20
29.89999999999884,-74.4112003606152,distal,NX16_1_P20
29.924999999998835,-74.41152096958464,distal,NX16_1_P20
29.949999999998838,-74.41184459340292,distal,NX16_1_P20
29.974999999998836,-74.412171200381,distal,NX16_1_P20
29.99999999999883,-74.41250075909356,distal,NX16_1_P20
30.02499999999883,-74.41283323837688,distal,NX16_1_P20
30.04999999999883,-74.41316860732685,distal,NX16_1_P20
30.074999999998827,-74.41350683529699,distal,NX16_1_P20
30.099999999998825,-74.41384789189634,distal,NX16_1_P20
30.124999999998824,-74.41419174698761,distal,NX16_1_P20
30.149999999998823,-74.41453837068514,distal,NX16_1_P20
30.17499999999882,-74.41488773335293,distal,NX16_1_P20
30.19999999999882,-74.41523980560271,distal,NX16_1_P20
30.22499999999882,-74.41559455829204,distal,NX16_1_P20
30.249999999998817,-74.41595196252236,distal,NX16_1_P20
30.274999999998816,-74.41631198963707,distal,NX16_1_P20
30.29999999999881,-74.41667461121968,distal,NX16_1_P20
30.324999999998813,-74.4170397990919,distal,NX16_1_P20
30.34999999999881,-74.41740752531177,distal,NX16_1_P20
30.37499999999881,-74.41777776217188,distal,NX16_1_P20
30.39999999999881,-74.41815048219739,distal,NX16_1_P20
30.424999999998807,-74.41852565814435,distal,NX16_1_P20
30.44999999999881,-74.41890326299779,distal,NX16_1_P20
30.474999999998804,-74.41928326996995,distal,NX16_1_P20
30.499999999998803,-74.41966565249852,distal,NX16_1_P20
30.5249999999988,-74.4200503842448,distal,NX16_1_P20
30.5499999999988,-74.420437439092,distal,NX16_1_P20
30.5749999999988,-74.42082679114345,distal,NX16_1_P20
30.5999999999988,-74.42121841472087,distal,NX16_1_P20
30.6249999999988,-74.42161228436267,distal,NX16_1_P20
30.649999999998798,-74.42200837482218,distal,NX16_1_P20
30.674999999998796,-74.42240666106602,distal,NX16_1_P20
30.69999999999879,-74.42280711827235,distal,NX16_1_P20
30.72499999999879,-74.42320972182922,distal,NX16_1_P20
30.74999999999879,-74.42361444733294,distal,NX16_1_P20
30.774999999998787,-74.42402127058634,distal,NX16_1_P20
30.799999999998786,-74.42443016759721,distal,NX16_1_P20
30.824999999998784,-74.42484111457665,distal,NX16_1_P20
30.849999999998783,-74.42525408793742,distal,NX16_1_P20
30.87499999999878,-74.42566906429238,distal,NX16_1_P20
30.89999999999878,-74.42608602045289,distal,NX16_1_P20
30.92499999999878,-74.42650493342718,distal,NX16_1_P20
30.949999999998777,-74.42692578041884,distal,NX16_1_P20
30.974999999998776,-74.42734853882526,distal,NX16_1_P20
30.99999999999877,-74.42777318623602,distal,NX16_1_P20
31.024999999998773,-74.42819970043143,distal,NX16_1_P20
31.04999999999877,-74.42862805938096,distal,NX16_1_P20
31.07499999999877,-74.42905824124172,distal,NX16_1_P20
31.09999999999877,-74.42949022435702,distal,NX16_1_P20
31.124999999998767,-74.42992398725482,distal,NX16_1_P20
31.14999999999877,-74.43035950864628,distal,NX16_1_P20
31.174999999998764,-74.43079676742424,distal,NX16_1_P20
31.199999999998763,-74.43123574266185,distal,NX16_1_P20
31.22499999999876,-74.43167641361109,distal,NX16_1_P20
31.24999999999876,-74.43211875970125,distal,NX16_1_P20
31.27499999999876,-74.43256276053766,distal,NX16_1_P20
31.29999999999876,-74.43300839590015,distal,NX16_1_P20
31.32499999999876,-74.43345564574167,distal,NX16_1_P20
31.349999999998754,-74.433904490187,distal,NX16_1_P20
31.374999999998757,-74.43435490953121,distal,NX16_1_P20
31.39999999999875,-74.43480688423837,distal,NX16_1_P20
31.42499999999875,-74.43526039494023,distal,NX16_1_P20
31.44999999999875,-74.43571542243478,distal,NX16_1_P20
31.474999999998747,-74.43617194768497,distal,NX16_1_P20
31.499999999998742,-74.43662995181735,distal,NX16_1_P20
31.524999999998744,-74.43708941612077,distal,NX16_1_P20
31.549999999998743,-74.43755032204504,distal,NX16_1_P20
31.57499999999874,-74.43801265119967,distal,NX16_1_P20
31.59999999999874,-74.43847638535257,distal,NX16_1_P20
31.62499999999874,-74.43894150642872,distal,NX16_1_P20
31.649999999998737,-74.43940799650895,distal,NX16_1_P20
31.674999999998736,-74.43987583782868,distal,NX16_1_P20
31.69999999999873,-74.44034501277666,distal,NX16_1_P20
31.724999999998733,-74.44081550389369,distal,NX16_1_P20
31.74999999999873,-74.44128729387143,distal,NX16_1_P20
31.77499999999873,-74.44176036555119,distal,NX16_1_P20
31.79999999999873,-74.44223470192267,distal,NX16_1_P20
31.824999999998727,-74.4427102861228,distal,NX16_1_P20
31.84999999999873,-74.44318710143449,distal,NX16_1_P20
31.874999999998725,-74.44366513128553,distal,NX16_1_P20
31.899999999998723,-74.4441443592473,distal,NX16_1_P20
31.92499999999872,-74.44462476903372,distal,NX16_1_P20
31.94999999999872,-74.4451063445,distal,NX16_1_P20
31.97499999999872,-74.44558906964157,distal,NX16_1_P20
31.99999999999872,-74.44607292859286,distal,NX16_1_P20
32.02499999999872,-74.4465579056262,distal,NX16_1_P20
32.049999999998725,-74.44704398515071,distal,NX16_1_P20
32.07499999999873,-74.44753115171122,distal,NX16_1_P20
32.09999999999874,-74.44801938998707,distal,NX16_1_P20
32.12499999999874,-74.4485086847911,distal,NX16_1_P20
32.14999999999875,-74.44899902106849,distal,NX16_1_P20
32.174999999998754,-74.44949038389578,distal,NX16_1_P20
32.19999999999876,-74.44998275847968,distal,NX16_1_P20
32.224999999998765,-74.45047613015609,distal,NX16_1_P20
32.24999999999877,-74.45097048438902,distal,NX16_1_P20
32.274999999998776,-74.45146580676952,distal,NX16_1_P20
32.29999999999878,-74.45196208301472,distal,NX16_1_P20
32.32499999999879,-74.4524592989667,distal,NX16_1_P20
32.34999999999879,-74.4529574405915,distal,NX16_1_P20
32.3749999999988,-74.45345649397818,distal,NX16_1_P20
32.399999999998805,-74.45395644533771,distal,NX16_1_P20
32.42499999999881,-74.45445728100201,distal,NX16_1_P20
32.449999999998816,-74.45495898742298,distal,NX16_1_P20
32.47499999999882,-74.45546155117152,distal,NX16_1_P20
32.49999999999883,-74.4559649589365,distal,NX16_1_P20
32.52499999999883,-74.45646919752389,distal,NX16_1_P20
32.54999999999884,-74.45697425385566,distal,NX16_1_P20
32.574999999998845,-74.45748011496897,distal,NX16_1_P20
32.59999999999885,-74.45798676801518,distal,NX16_1_P20
32.624999999998856,-74.45849420025884,distal,NX16_1_P20
32.64999999999886,-74.45900239907688,distal,NX16_1_P20
32.67499999999887,-74.45951135195757,distal,NX16_1_P20
32.69999999999887,-74.46002104649972,distal,NX16_1_P20
32.72499999999888,-74.46053147041167,distal,NX16_1_P20
32.749999999998884,-74.46104261151046,distal,NX16_1_P20
32.77499999999889,-74.46155445772092,distal,NX16_1_P20
32.799999999998896,-74.46206699707476,distal,NX16_1_P20
32.8249999999989,-74.4625802177097,distal,NX16_1_P20
32.84999999999891,-74.46309410786864,distal,NX16_1_P20
32.87499999999891,-74.46360865589872,distal,NX16_1_P20
32.89999999999892,-74.46412385025053,distal,NX16_1_P20
32.924999999998924,-74.46463967947722,distal,NX16_1_P20
32.94999999999893,-74.46515613223364,distal,NX16_1_P20
32.974999999998936,-74.4656731972756,distal,NX16_1_P20
32.99999999999894,-74.4661908634589,distal,NX16_1_P20
33.02499999999895,-74.46670911973861,distal,NX16_1_P20
33.04999999999895,-74.46722795516817,distal,NX16_1_P20
33.07499999999896,-74.46774735889868,distal,NX16_1_P20
33.099999999998964,-74.468267320178,distal,NX16_1_P20
33.12499999999897,-74.46878782835,distal,NX16_1_P20
33.149999999998975,-74.46930887285377,distal,NX16_1_P20
33.17499999999898,-74.46983044322279,distal,NX16_1_P20
33.19999999999899,-74.47035252908422,distal,NX16_1_P20
33.22499999999899,-74.47087512015806,distal,NX16_1_P20
33.249999999999,-74.47139820625642,distal,NX16_1_P20
33.274999999999004,-74.47192177728276,distal,NX16_1_P20
33.29999999999901,-74.47244582323111,distal,NX16_1_P20
33.324999999999015,-74.47297033418535,distal,NX16_1_P20
33.34999999999902,-74.47349530031843,distal,NX16_1_P20
33.37499999999903,-74.4740207118917,distal,NX16_1_P20
33.39999999999903,-74.47454655925411,distal,NX16_1_P20
33.42499999999904,-74.47507283284149,distal,NX16_1_P20
33.449999999999044,-74.4755995231759,distal,NX16_1_P20
33.47499999999905,-74.47612662086485,distal,NX16_1_P20
33.499999999999055,-74.47665411660056,distal,NX16_1_P20
33.52499999999906,-74.47718200115939,distal,NX16_1_P20
33.549999999999066,-74.47771026540102,distal,NX16_1_P20
33.57499999999907,-74.4782389002678,distal,NX16_1_P20
33.59999999999908,-74.47876789678406,distal,NX16_1_P20
33.62499999999908,-74.47929724605547,distal,NX16_1_P20
33.64999999999909,-74.47982693926829,distal,NX16_1_P20
33.674999999999095,-74.48035696768879,distal,NX16_1_P20
33.6999999999991,-74.4808873226625,distal,NX16_1_P20
33.724999999999106,-74.4814179956136,distal,NX16_1_P20
33.74999999999911,-74.48194897804427,distal,NX16_1_P20
33.77499999999912,-74.48248026153404,distal,NX16_1_P20
33.79999999999912,-74.48301183773911,distal,NX16_1_P20
33.82499999999913,-74.48354369839177,distal,NX16_1_P20
33.849999999999135,-74.48407583529972,distal,NX16_1_P20
33.87499999999914,-74.4846082403455,distal,NX16_1_P20
33.899999999999146,-74.48514090548576,distal,NX16_1_P20
33.92499999999915,-74.4856738227508,distal,NX16_1_P20
33.94999999999916,-74.48620698424382,distal,NX16_1_P20
33.97499999999916,-74.48674038214038,distal,NX16_1_P20
33.99999999999917,-74.4872740086878,distal,NX16_1_P20
34.024999999999174,-74.48780785620453,distal,NX16_1_P20
34.04999999999918,-74.48834191707957,distal,NX16_1_P20
34.074999999999186,-74.48887618377191,distal,NX16_1_P20
34.09999999999919,-74.48941064880991,distal,NX16_1_P20
34.1249999999992,-74.48994530479074,distal,NX16_1_P20
34.1499999999992,-74.49048014437982,distal,NX16_1_P20
34.17499999999921,-74.49101516031021,distal,NX16_1_P20
34.199999999999214,-74.4915503453821,distal,NX16_1_P20
34.22499999999922,-74.4920856924622,distal,NX16_1_P20
34.249999999999226,-74.49262119448322,distal,NX16_1_P20
34.27499999999923,-74.49315684444332,distal,NX16_1_P20
34.29999999999924,-74.49369263540552,distal,NX16_1_P20
34.32499999999924,-74.49422856049723,distal,NX16_1_P20
34.34999999999925,-74.49476461290965,distal,NX16_1_P20
34.374999999999254,-74.49530078589724,distal,NX16_1_P20
34.39999999999926,-74.49583707277726,distal,NX16_1_P20
34.424999999999265,-74.49637346692919,distal,NX16_1_P20
34.44999999999927,-74.49690996179416,distal,NX16_1_P20
34.47499999999928,-74.49744655087459,distal,NX16_1_P20
34.49999999999928,-74.4979832277335,distal,NX16_1_P20
34.52499999999929,-74.49851998599414,distal,NX16_1_P20
34.549999999999294,-74.49905681933939,distal,NX16_1_P20
34.5749999999993,-74.49959372151133,distal,NX16_1_P20
34.599999999999305,-74.50013068631071,distal,NX16_1_P20
34.62499999999931,-74.50066770759649,distal,NX16_1_P20
34.64999999999932,-74.50120477928527,distal,NX16_1_P20
34.67499999999932,-74.50174189535096,distal,NX16_1_P20
34.69999999999933,-74.50227904982411,distal,NX16_1_P20
34.72499999999933,-74.50281623679162,distal,NX16_1_P20
34.74999999999934,-74.5033534503961,distal,NX16_1_P20
34.774999999999345,-74.50389068483557,distal,NX16_1_P20
34.79999999999935,-74.50442793436287,distal,NX16_1_P20
34.82499999999936,-74.50496519328522,distal,NX16_1_P20
34.84999999999936,-74.50550245596382,distal,NX16_1_P20
34.87499999999937,-74.50603971681338,distal,NX16_1_P20
34.89999999999937,-74.50657697030161,distal,NX16_1_P20
34.92499999999938,-74.50711421094884,distal,NX16_1_P20
34.949999999999385,-74.50765143332757,distal,NX16_1_P20
34.97499999999939,-74.50818863206202,distal,NX16_1_P20
34.9999999999994,-74.5087258018277,distal,NX16_1_P20
35.0249999999994,-74.50926293735094,distal,NX16_1_P20
35.04999999999941,-74.50980003340855,distal,NX16_1_P20
35.07499999999941,-74.51033708482734,distal,NX16_1_P20
35.09999999999942,-74.5108740864837,distal,NX16_1_P20
35.124999999999424,-74.51141103330316,distal,NX16_1_P20
35.14999999999943,-74.51194792026004,distal,NX16_1_P20
35.17499999999944,-74.51248474237703,distal,NX16_1_P20
35.19999999999944,-74.5130214947247,distal,NX16_1_P20
35.22499999999945,-74.5135581724212,distal,NX16_1_P20
35.24999999999945,-74.51409477063181,distal,NX16_1_P20
35.27499999999946,-74.51463128456858,distal,NX16_1_P20
35.299999999999464,-74.51516770948984,distal,NX16_1_P20
35.32499999999947,-74.51570404069994,distal,NX16_1_P20
35.34999999999948,-74.51624027354877,distal,NX16_1_P20
35.37499999999948,-74.51677640343144,distal,NX16_1_P20
35.39999999999949,-74.51731242578782,distal,NX16_1_P20
35.42499999999949,-74.51784833610226,distal,NX16_1_P20
35.4499999999995,-74.51838412990311,distal,NX16_1_P20
35.474999999999504,-74.51891980276248,distal,NX16_1_P20
35.49999999999951,-74.51945535029571,distal,NX16_1_P20
35.524999999999515,-74.51999076816116,distal,NX16_1_P20
35.54999999999952,-74.52052605205976,distal,NX16_1_P20
35.57499999999953,-74.52106119773464,distal,NX16_1_P20
35.59999999999953,-74.52159620097083,distal,NX16_1_P20
35.62499999999954,-74.52213105759489,distal,NX16_1_P20
35.649999999999544,-74.52266576347454,distal,NX16_1_P20
35.67499999999955,-74.52320031451828,distal,NX16_1_P20
35.699999999999555,-74.52373470667517,distal,NX16_1_P20
35.72499999999956,-74.52426893593433,distal,NX16_1_P20
35.74999999999957,-74.52480299832473,distal,NX16_1_P20
35.77499999999957,-74.52533688991477,distal,NX16_1_P20
35.79999999999958,-74.52587060681199,distal,NX16_1_P20
35.824999999999584,-74.5264041451627,distal,NX16_1_P20
35.84999999999959,-74.52693750115172,distal,NX16_1_P20
35.874999999999595,-74.52747067100199,distal,NX16_1_P20
35.8999999999996,-74.52800365097426,distal,NX16_1_P20
35.924999999999606,-74.5285364373668,distal,NX16_1_P20
35.94999999999961,-74.52906902651503,distal,NX16_1_P20
35.97499999999962,-74.52960141479129,distal,NX16_1_P20
35.99999999999962,-74.53013359860444,distal,NX16_1_P20
36.02499999999963,-74.53066557439959,distal,NX16_1_P20
36.04999999999964,-74.53119733865779,distal,NX16_1_P20
36.07499999999964,-74.53172888789572,distal,NX16_1_P20
36.099999999999646,-74.5322602186654,distal,NX16_1_P20
36.12499999999965,-74.5327913275539,distal,NX16_1_P20
36.14999999999966,-74.53332221118296,distal,NX16_1_P20
36.17499999999966,-74.53385286620886,distal,NX16_1_P20
36.19999999999967,-74.53438328932194,distal,NX16_1_P20
36.22499999999968,-74.53491347724645,distal,NX16_1_P20
36.24999999999968,-74.53544342674019,distal,NX16_1_P20
36.274999999999686,-74.53597313459424,distal,NX16_1_P20
36.29999999999969,-74.53650259763273,distal,NX16_1_P20
36.3249999999997,-74.53703181271246,distal,NX16_1_P20
36.3499999999997,-74.53756077672269,distal,NX16_1_P20
36.37499999999971,-74.53808948658487,distal,NX16_1_P20
36.399999999999714,-74.5386179392523,distal,NX16_1_P20
36.42499999999972,-74.53914613170998,distal,NX16_1_P20
36.449999999999726,-74.53967406097419,distal,NX16_1_P20
36.47499999999973,-74.54020172409236,distal,NX16_1_P20
36.49999999999974,-74.54072911814268,distal,NX16_1_P20
36.52499999999974,-74.54125624023395,distal,NX16_1_P20
36.54999999999975,-74.54178308750528,distal,NX16_1_P20
36.57499999999976,-74.54230965712578,distal,NX16_1_P20
36.59999999999976,-74.54283594629439,distal,NX16_1_P20
36.624999999999766,-74.54336195223955,distal,NX16_1_P20
36.64999999999977,-74.543887672219,distal,NX16_1_P20
36.67499999999978,-74.54441310351952,distal,NX16_1_P20
36.69999999999978,-74.54493824345666,distal,NX16_1_P20
36.72499999999979,-74.54546308937452,distal,NX16_1_P20
36.749999999999794,-74.54598763864549,distal,NX16_1_P20
36.7749999999998,-74.54651188867001,distal,NX16_1_P20
36.799999999999805,-74.54703583687636,distal,NX16_1_P20
36.82499999999981,-74.54755948072037,distal,NX16_1_P20
36.84999999999982,-74.5480828176852,distal,NX16_1_P20
36.87499999999982,-74.54860584528116,distal,NX16_1_P20
36.89999999999983,-74.5491285610454,distal,NX16_1_P20
36.92499999999984,-74.54965096254178,distal,NX16_1_P20
36.94999999999984,-74.55017304736047,distal,NX16_1_P20
36.974999999999845,-74.55069481311793,distal,NX16_1_P20
36.99999999999985,-74.55121625745653,distal,NX16_1_P20
37.02499999999986,-74.55173737804444,distal,NX16_1_P20
37.04999999999986,-74.55225817257529,distal,NX16_1_P20
37.07499999999987,-74.55277863876809,distal,NX16_1_P20
37.09999999999987,-74.55329877436687,distal,NX16_1_P20
37.12499999999988,-74.55381857714059,distal,NX16_1_P20
37.149999999999885,-74.55433804488285,distal,NX16_1_P20
37.17499999999989,-74.5548571754117,distal,NX16_1_P20
37.199999999999896,-74.55537596656943,distal,NX16_1_P20
37.2249999999999,-74.55589441622237,distal,NX16_1_P20
37.24999999999991,-74.55641252226069,distal,NX16_1_P20
37.27499999999991,-74.55693028259815,distal,NX16_1_P20
37.29999999999992,-74.55744769517193,distal,NX16_1_P20
37.324999999999925,-74.55796475794249,distal,NX16_1_P20
37.34999999999993,-74.55848146889322,distal,NX16_1_P20
37.374999999999936,-74.55899782603039,distal,NX16_1_P20
37.39999999999994,-74.5595138273829,distal,NX16_1_P20
37.42499999999995,-74.56002947100204,distal,NX16_1_P20
37.44999999999995,-74.56054475496134,distal,NX16_1_P20
37.47499999999996,-74.56105967735643,distal,NX16_1_P20
37.499999999999964,-74.56157423630474,distal,NX16_1_P20
37.52499999999997,-74.56208842994539,distal,NX16_1_P20
37.549999999999976,-74.56260225643898,distal,NX16_1_P20
37.57499999999998,-74.56311571396739,distal,NX16_1_P20
37.59999999999999,-74.56362880073364,distal,NX16_1_P20
37.62499999999999,-74.56414151496166,distal,NX16_1_P20
37.65,-74.56465385489615,distal,NX16_1_P20
37.675,-74.56516581880236,distal,NX16_1_P20
37.70000000000001,-74.56567740496594,distal,NX16_1_P20
37.725000000000016,-74.56618861169275,distal,NX16_1_P20
37.75000000000002,-74.56669943730871,distal,NX16_1_P20
37.77500000000003,-74.56720988015961,distal,NX16_1_P20
37.80000000000003,-74.5677199386109,distal,NX16_1_P20
37.82500000000004,-74.56822961104761,distal,NX16_1_P20
37.85000000000005,-74.56873889587409,distal,NX16_1_P20
37.87500000000005,-74.56924779151389,distal,NX16_1_P20
37.900000000000055,-74.5697562964096,distal,NX16_1_P20
37.92500000000006,-74.57026440902264,distal,NX16_1_P20
37.95000000000007,-74.57077212783318,distal,NX16_1_P20
37.97500000000007,-74.57127945133985,distal,NX16_1_P20
38.00000000000008,-74.57178637805973,distal,NX16_1_P20
38.02500000000008,-74.57229290652803,distal,NX16_1_P20
38.05000000000009,-74.57279903529812,distal,NX16_1_P20
38.075000000000095,-74.57330476294118,distal,NX16_1_P20
38.1000000000001,-74.57381008804617,distal,NX16_1_P20
38.12500000000011,-74.57431500921965,distal,NX16_1_P20
38.15000000000011,-74.5748195250856,distal,NX16_1_P20
38.17500000000012,-74.57532363428528,distal,NX16_1_P20
38.20000000000013,-74.57582733547713,distal,NX16_1_P20
38.22500000000013,-74.57633062733652,distal,NX16_1_P20
38.250000000000135,-74.5768335085557,distal,NX16_1_P20
38.27500000000014,-74.57733597784356,distal,NX16_1_P20
38.30000000000015,-74.57783803392562,distal,NX16_1_P20
38.32500000000015,-74.57833967554372,distal,NX16_1_P20
38.35000000000016,-74.578840901456,distal,NX16_1_P20
38.37500000000016,-74.57934171043674,distal,NX16_1_P20
38.40000000000017,-74.57984210127614,distal,NX16_1_P20
38.425000000000175,-74.58034207278028,distal,NX16_1_P20
38.45000000000018,-74.58084162377092,distal,NX16_1_P20
38.475000000000186,-74.5813407530854,distal,NX16_1_P20
38.50000000000019,-74.58183945957646,distal,NX16_1_P20
38.5250000000002,-74.58233774211216,distal,NX16_1_P20
38.5500000000002,-74.58283559957572,distal,NX16_1_P20
38.57500000000021,-74.58333303086535,distal,NX16_1_P20
38.600000000000215,-74.58383003489418,distal,NX16_1_P20
38.62500000000022,-74.5843266105901,distal,NX16_1_P20
38.65000000000023,-74.58482275689563,distal,NX16_1_P20
38.67500000000023,-74.58531847276782,distal,NX16_1_P20
38.70000000000024,-74.58581375717806,distal,NX16_1_P20
38.72500000000024,-74.58630860911201,distal,NX16_1_P20
38.75000000000025,-74.58680302756945,distal,NX16_1_P20
38.775000000000254,-74.58729701156419,distal,NX16_1_P20
38.80000000000026,-74.58779056012389,distal,NX16_1_P20
38.825000000000266,-74.58828367228999,distal,NX16_1_P20
38.85000000000027,-74.58877634711756,distal,NX16_1_P20
38.87500000000028,-74.58926858367516,distal,NX16_1_P20
38.90000000000028,-74.58976038104481,distal,NX16_1_P20
38.92500000000029,-74.59025173832175,distal,NX16_1_P20
38.95000000000029,-74.59074265461443,distal,NX16_1_P20
38.9750000000003,-74.59123312904431,distal,NX16_1_P20
39.00000000000031,-74.5917231607458,distal,NX16_1_P20
39.02500000000031,-74.59221274886613,distal,NX16_1_P20
39.05000000000032,-74.59270189256524,distal,NX16_1_P20
39.07500000000032,-74.59319059101567,distal,NX16_1_P20
39.10000000000033,-74.5936788434024,distal,NX16_1_P20
39.125000000000334,-74.59416664892284,distal,NX16_1_P20
39.15000000000034,-74.5946540067866,distal,NX16_1_P20
39.175000000000345,-74.59514091621551,distal,NX16_1_P20
39.20000000000035,-74.59562737644339,distal,NX16_1_P20
39.22500000000036,-74.59611338671604,distal,NX16_1_P20
39.25000000000036,-74.59659894629108,distal,NX16_1_P20
39.27500000000037,-74.59708405443784,distal,NX16_1_P20
39.30000000000037,-74.5975687104373,distal,NX16_1_P20
39.32500000000038,-74.59805291358197,distal,NX16_1_P20
39.35000000000039,-74.59853666317572,distal,NX16_1_P20
39.37500000000039,-74.59901995853383,distal,NX16_1_P20
39.4000000000004,-74.59950279898271,distal,NX16_1_P20
39.4250000000004,-74.59998518385996,distal,NX16_1_P20
39.45000000000041,-74.60046711251412,distal,NX16_1_P20
39.47500000000041,-74.60094858430475,distal,NX16_1_P20
39.50000000000042,-74.60142959860214,distal,NX16_1_P20
39.525000000000425,-74.60191015478736,distal,NX16_1_P20
39.55000000000043,-74.60239025225209,distal,NX16_1_P20
39.57500000000044,-74.60286989039855,distal,NX16_1_P20
39.60000000000044,-74.60334906863943,distal,NX16_1_P20
39.62500000000045,-74.60382778639772,distal,NX16_1_P20
39.65000000000045,-74.60430604310669,distal,NX16_1_P20
39.67500000000046,-74.6047838382098,distal,NX16_1_P20
39.70000000000047,-74.60526117116052,distal,NX16_1_P20
39.72500000000047,-74.60573804142238,distal,NX16_1_P20
39.75000000000048,-74.60621444846876,distal,NX16_1_P20
39.77500000000048,-74.60669039178283,distal,NX16_1_P20
39.80000000000049,-74.60716587085753,distal,NX16_1_P20
39.82500000000049,-74.60764088519538,distal,NX16_1_P20
39.8500000000005,-74.60811543430849,distal,NX16_1_P20
39.8750000000005,-74.60858951771836,distal,NX16_1_P20
39.90000000000051,-74.60906313495593,distal,NX16_1_P20
39.92500000000052,-74.60953628556142,distal,NX16_1_P20
39.95000000000052,-74.6100089690842,distal,NX16_1_P20
39.97500000000053,-74.61048118508283,distal,NX16_1_P20
40.00000000000053,-74.61095293312486,distal,NX16_1_P20
40.02500000000054,-74.61142421278684,distal,NX16_1_P20
40.050000000000544,-74.61189502365416,distal,NX16_1_P20
40.07500000000055,-74.61236536532103,distal,NX16_1_P20
40.10000000000056,-74.61283523739036,distal,NX16_1_P20
40.12500000000056,-74.61330463947372,distal,NX16_1_P20
40.15000000000057,-74.61377357119123,distal,NX16_1_P20
40.17500000000057,-74.61424203217149,distal,NX16_1_P20
40.20000000000058,-74.6147100220515,distal,NX16_1_P20
40.22500000000058,-74.6151775404766,distal,NX16_1_P20
40.25000000000059,-74.61564458710039,distal,NX16_1_P20
40.2750000000006,-74.61611116158464,distal,NX16_1_P20
40.3000000000006,-74.61657726359923,distal,NX16_1_P20
40.32500000000061,-74.61704289282206,distal,NX16_1_P20
40.35000000000061,-74.61750804893899,distal,NX16_1_P20
40.37500000000062,-74.61797273164379,distal,NX16_1_P20
40.400000000000624,-74.618436940638,distal,NX16_1_P20
40.42500000000063,-74.61890067563095,distal,NX16_1_P20
40.45000000000064,-74.61936393633962,distal,NX16_1_P20
40.47500000000064,-74.61982672248858,distal,NX16_1_P20
40.50000000000065,-74.62028903380994,distal,NX16_1_P20
40.52500000000065,-74.62075087004328,distal,NX16_1_P20
40.55000000000066,-74.62121223093557,distal,NX16_1_P20
40.57500000000066,-74.62167311624111,distal,NX16_1_P20
40.60000000000067,-74.62213352572145,distal,NX16_1_P20
40.62500000000068,-74.62259345914536,distal,NX16_1_P20
40.65000000000068,-74.6230529162887,distal,NX16_1_P20
40.675000000000686,-74.6235118969344,distal,NX16_1_P20
40.70000000000069,-74.62397040087242,distal,NX16_1_P20
40.7250000000007,-74.62442842789962,distal,NX16_1_P20
40.7500000000007,-74.62488597781973,distal,NX16_1_P20
40.77500000000071,-74.6253430504433,distal,NX16_1_P20
40.80000000000072,-74.6257996455876,distal,NX16_1_P20
40.82500000000072,-74.62625576307661,distal,NX16_1_P20
40.850000000000726,-74.62671140274091,distal,NX16_1_P20
40.87500000000073,-74.62716656441762,distal,NX16_1_P20
40.90000000000074,-74.62762124795039,distal,NX16_1_P20
40.92500000000074,-74.62807545318928,distal,NX16_1_P20
40.95000000000075,-74.62852917999075,distal,NX16_1_P20
40.97500000000076,-74.62898242821755,distal,NX16_1_P20
41.00000000000076,-74.62943519773872,distal,NX16_1_P20
41.025000000000766,-74.62988748842946,distal,NX16_1_P20
41.05000000000077,-74.63033930017114,distal,NX16_1_P20
41.07500000000078,-74.63079063285122,distal,NX16_1_P20
41.10000000000078,-74.63124148636315,distal,NX16_1_P20
41.12500000000079,-74.63169186060641,distal,NX16_1_P20
41.1500000000008,-74.63214175548634,distal,NX16_1_P20
41.1750000000008,-74.6325911709142,distal,NX16_1_P20
41.200000000000806,-74.63304010680697,distal,NX16_1_P20
41.22500000000081,-74.63348856308748,distal,NX16_1_P20
41.25000000000082,-74.63393653968419,distal,NX16_1_P20
41.27500000000082,-74.63438403653123,distal,NX16_1_P20
41.30000000000083,-74.6348310535683,distal,NX16_1_P20
41.325000000000834,-74.63527759074067,distal,NX16_1_P20
41.35000000000084,-74.63572364799909,distal,NX16_1_P20
41.375000000000846,-74.63616922529971,distal,NX16_1_P20
41.40000000000085,-74.6366143226041,distal,NX16_1_P20
41.42500000000086,-74.63705893987915,distal,NX16_1_P20
41.45000000000086,-74.63750307709702,distal,NX16_1_P20
41.47500000000087,-74.63794673423514,distal,NX16_1_P20
41.50000000000088,-74.63838991127608,distal,NX16_1_P20
41.52500000000088,-74.63883260820755,distal,NX16_1_P20
41.550000000000885,-74.63927482502237,distal,NX16_1_P20
41.57500000000089,-74.63971656171837,distal,NX16_1_P20
41.6000000000009,-74.64015781829839,distal,NX16_1_P20
41.6250000000009,-74.6405985947702,distal,NX16_1_P20
41.65000000000091,-74.64103889114644,distal,NX16_1_P20
41.675000000000914,-74.64147870744463,distal,NX16_1_P20
41.70000000000092,-74.64191804368708,distal,NX16_1_P20
41.725000000000925,-74.64235689990086,distal,NX16_1_P20
41.75000000000093,-74.64279527611774,distal,NX16_1_P20
41.77500000000094,-74.64323317237415,distal,NX16_1_P20
41.80000000000094,-74.64367058871115,distal,NX16_1_P20
41.82500000000095,-74.64410752517438,distal,NX16_1_P20
41.85000000000095,-74.64454398181398,distal,NX16_1_P20
41.87500000000096,-74.6449799586846,distal,NX16_1_P20
41.900000000000965,-74.64541545584535,distal,NX16_1_P20
41.92500000000097,-74.64585047335972,distal,NX16_1_P20
41.950000000000976,-74.64628501129553,distal,NX16_1_P20
41.97500000000098,-74.64671906972498,distal,NX16_1_P20
42.00000000000099,-74.6471526487245,distal,NX16_1_P20
42.02500000000099,-74.64758574837475,distal,NX16_1_P20
42.050000000001,-74.64801836876062,distal,NX16_1_P20
42.075000000001005,-74.64845050997108,distal,NX16_1_P20
42.10000000000101,-74.6488821720993,distal,NX16_1_P20
42.125000000001016,-74.64931335524247,distal,NX16_1_P20
42.15000000000102,-74.64974405950178,distal,NX16_1_P20
42.17500000000103,-74.65017428498248,distal,NX16_1_P20
42.20000000000103,-74.65060403179373,distal,NX16_1_P20
42.22500000000104,-74.65103330004861,distal,NX16_1_P20
42.25000000000104,-74.65146208986407,distal,NX16_1_P20
42.27500000000105,-74.65189040136092,distal,NX16_1_P20
42.300000000001056,-74.65231823466372,distal,NX16_1_P20
42.32500000000106,-74.65274558990085,distal,NX16_1_P20
42.35000000000107,-74.65317246720437,distal,NX16_1_P20
42.37500000000107,-74.65359886671006,distal,NX16_1_P20
42.40000000000108,-74.65402478855731,distal,NX16_1_P20
42.42500000000109,-74.65445023288916,distal,NX16_1_P20
42.45000000000109,-74.65487519985223,distal,NX16_1_P20
42.475000000001096,-74.65529968959666,distal,NX16_1_P20
42.5000000000011,-74.6557237022761,distal,NX16_1_P20
42.52500000000111,-74.65614723804771,distal,NX16_1_P20
42.55000000000111,-74.65657029707204,distal,NX16_1_P20
42.57500000000112,-74.65699287951304,distal,NX16_1_P20
42.60000000000112,-74.6574149855381,distal,NX16_1_P20
42.62500000000113,-74.65783661531786,distal,NX16_1_P20
42.650000000001135,-74.65825776902632,distal,NX16_1_P20
42.67500000000114,-74.65867844684072,distal,NX16_1_P20
42.70000000000115,-74.65909864894155,distal,NX16_1_P20
42.72500000000115,-74.6595183755125,distal,NX16_1_P20
42.75000000000116,-74.65993762674043,distal,NX16_1_P20
42.77500000000117,-74.66035640281532,distal,NX16_1_P20
42.80000000000117,-74.66077470393031,distal,NX16_1_P20
42.825000000001175,-74.66119253028155,distal,NX16_1_P20
42.85000000000118,-74.66160988206829,distal,NX16_1_P20
42.87500000000119,-74.66202675949273,distal,NX16_1_P20
42.90000000000119,-74.66244316276013,distal,NX16_1_P20
42.9250000000012,-74.66285909207865,distal,NX16_1_P20
42.9500000000012,-74.66327454765936,distal,NX16_1_P20
42.97500000000121,-74.66368952971627,distal,NX16_1_P20
43.000000000001215,-74.6641040384662,distal,NX16_1_P20
43.02500000000122,-74.66451807412886,distal,NX16_1_P20
43.050000000001226,-74.66493163692672,distal,NX16_1_P20
43.07500000000123,-74.66534472708503,distal,NX16_1_P20
43.10000000000124,-74.66575734483177,distal,NX16_1_P20
43.12500000000124,-74.66616949039769,distal,NX16_1_P20
43.15000000000125,-74.66658116401616,distal,NX16_1_P20
43.175000000001255,-74.66699236592328,distal,NX16_1_P20
43.20000000000126,-74.66740309635773,distal,NX16_1_P20
43.22500000000127,-74.66781335556081,distal,NX16_1_P20
43.25000000000127,-74.6682231437764,distal,NX16_1_P20
43.27500000000128,-74.66863246125094,distal,NX16_1_P20
43.30000000000128,-74.66904130823337,distal,NX16_1_P20
43.32500000000129,-74.66944968497516,distal,NX16_1_P20
43.350000000001295,-74.6698575917302,distal,NX16_1_P20
43.3750000000013,-74.67026502875491,distal,NX16_1_P20
43.400000000001306,-74.67067199630803,distal,NX16_1_P20
43.42500000000131,-74.67107849465074,distal,NX16_1_P20
43.45000000000132,-74.67148452404662,distal,NX16_1_P20
43.47500000000132,-74.67189008476153,distal,NX16_1_P20
43.50000000000133,-74.67229517706367,distal,NX16_1_P20
43.52500000000133,-74.67269980122356,distal,NX16_1_P20
43.55000000000134,-74.67310395751396,distal,NX16_1_P20
43.57500000000135,-74.67350764620987,distal,NX16_1_P20
43.60000000000135,-74.67391086758852,distal,NX16_1_P20
43.62500000000136,-74.67431362192933,distal,NX16_1_P20
43.65000000000136,-74.67471590951389,distal,NX16_1_P20
43.67500000000137,-74.67511773062596,distal,NX16_1_P20
43.700000000001374,-74.67551908555139,distal,NX16_1_P20
43.72500000000138,-74.67591997457815,distal,NX16_1_P20
43.750000000001386,-74.67632039799629,distal,NX16_1_P20
43.77500000000139,-74.6767203560979,distal,NX16_1_P20
43.8000000000014,-74.67711984917712,distal,NX16_1_P20
43.8250000000014,-74.67751887753009,distal,NX16_1_P20
43.85000000000141,-74.67791744145494,distal,NX16_1_P20
43.87500000000141,-74.67831554125176,distal,NX16_1_P20
43.90000000000142,-74.67871317722262,distal,NX16_1_P20
43.92500000000143,-74.67911034967145,distal,NX16_1_P20
43.95000000000143,-74.67950705890412,distal,NX16_1_P20
43.97500000000144,-74.67990330522838,distal,NX16_1_P20
44.00000000000144,-74.68029908895384,distal,NX16_1_P20
44.02500000000145,-74.68069441039194,distal,NX16_1_P20
44.050000000001454,-74.68108926985592,distal,NX16_1_P20
44.07500000000146,-74.68148366766086,distal,NX16_1_P20
44.100000000001465,-74.68187760412357,distal,NX16_1_P20
44.12500000000147,-74.68227107956264,distal,NX16_1_P20
44.15000000000148,-74.6826640942984,distal,NX16_1_P20
44.17500000000148,-74.68305664865288,distal,NX16_1_P20
44.20000000000149,-74.68344874294982,distal,NX16_1_P20
44.22500000000149,-74.68384037751464,distal,NX16_1_P20
44.2500000000015,-74.68423155267439,distal,NX16_1_P20
44.27500000000151,-74.6846222687578,distal,NX16_1_P20
44.30000000000151,-74.68501252609518,distal,NX16_1_P20
44.32500000000152,-74.68540232501846,distal,NX16_1_P20
44.35000000000152,-74.68579166586115,distal,NX16_1_P20
44.37500000000153,-74.68618054895833,distal,NX16_1_P20
44.40000000000153,-74.6865689746466,distal,NX16_1_P20
44.42500000000154,-74.68695694326414,distal,NX16_1_P20
44.450000000001545,-74.68734445515055,distal,NX16_1_P20
44.47500000000155,-74.68773151064701,distal,NX16_1_P20
44.50000000000156,-74.68811811009614,distal,NX16_1_P20
44.52500000000156,-74.688504253842,distal,NX16_1_P20
44.55000000000157,-74.6888899422301,distal,NX16_1_P20
44.57500000000157,-74.68927517560738,distal,NX16_1_P20
44.60000000000158,-74.68965995432217,distal,NX16_1_P20
44.62500000000159,-74.69004427872419,distal,NX16_1_P20
44.65000000000159,-74.69042814916452,distal,NX16_1_P20
44.6750000000016,-74.69081156599563,distal,NX16_1_P20
44.7000000000016,-74.69119452957129,distal,NX16_1_P20
44.72500000000161,-74.69157704024659,distal,NX16_1_P20
44.75000000000161,-74.69195909837795,distal,NX16_1_P20
44.77500000000162,-74.69234070432306,distal,NX16_1_P20
44.80000000000162,-74.69272185844089,distal,NX16_1_P20
44.82500000000163,-74.69310256109166,distal,NX16_1_P20
44.85000000000164,-74.69348281263683,distal,NX16_1_P20
44.87500000000164,-74.69386261343908,distal,NX16_1_P20
44.90000000000165,-74.69424196386231,distal,NX16_1_P20
44.92500000000165,-74.69462086427161,distal,NX16_1_P20
44.95000000000166,-74.69499931503326,distal,NX16_1_P20
44.975000000001664,-74.69537731651468,distal,NX16_1_P20
45.00000000000167,-74.69575486908447,distal,NX16_1_P20
45.02500000000168,-74.69613197311233,distal,NX16_1_P20
45.05000000000168,-74.6965086289691,distal,NX16_1_P20
45.07500000000169,-74.69688483702672,distal,NX16_1_P20
45.10000000000169,-74.69726059765823,distal,NX16_1_P20
45.1250000000017,-74.69763591123773,distal,NX16_1_P20
45.1500000000017,-74.69801077814039,distal,NX16_1_P20
45.17500000000171,-74.69838519874244,distal,NX16_1_P20
45.20000000000172,-74.69875917342114,distal,NX16_1_P20
45.22500000000172,-74.69913270255475,distal,NX16_1_P20
45.25000000000173,-74.69950578652255,distal,NX16_1_P20
45.27500000000173,-74.69987842570482,distal,NX16_1_P20
45.30000000000174,-74.70025062048283,distal,NX16_1_P20
45.325000000001744,-74.7006223712388,distal,NX16_1_P20
45.35000000000175,-74.70099367835587,distal,NX16_1_P20
45.37500000000176,-74.7013645422182,distal,NX16_1_P20
45.40000000000176,-74.70173496321082,distal,NX16_1_P20
45.425000000001766,-74.7021049417197,distal,NX16_1_P20
45.45000000000177,-74.70247447813168,distal,NX16_1_P20
45.47500000000178,-74.70284357283452,distal,NX16_1_P20
45.50000000000178,-74.70321222621688,distal,NX16_1_P20
45.52500000000179,-74.70358043866821,distal,NX16_1_P20
45.5500000000018,-74.70394821057887,distal,NX16_1_P20
45.5750000000018,-74.70431554234005,distal,NX16_1_P20
45.600000000001806,-74.70468243434378,distal,NX16_1_P20
45.62500000000181,-74.70504888698287,distal,NX16_1_P20
45.65000000000182,-74.70541490065096,distal,NX16_1_P20
45.67500000000182,-74.70578047574249,distal,NX16_1_P20
45.70000000000183,-74.70614561265265,distal,NX16_1_P20
45.72500000000184,-74.70651031177742,distal,NX16_1_P20
45.75000000000184,-74.70687457351356,distal,NX16_1_P20
45.775000000001846,-74.70723839825854,distal,NX16_1_P20
45.80000000000185,-74.70760178641059,distal,NX16_1_P20
45.82500000000186,-74.70796473836863,distal,NX16_1_P20
45.85000000000186,-74.70832725453234,distal,NX16_1_P20
45.87500000000187,-74.70868933530207,distal,NX16_1_P20
45.900000000001874,-74.70905098107887,distal,NX16_1_P20
45.92500000000188,-74.7094121922645,distal,NX16_1_P20
45.950000000001886,-74.70977296926132,distal,NX16_1_P20
45.97500000000189,-74.71013331247241,distal,NX16_1_P20
46.0000000000019,-74.7104932223015,distal,NX16_1_P20
46.0250000000019,-74.71085269915291,distal,NX16_1_P20
46.05000000000191,-74.71121174343165,distal,NX16_1_P20
46.07500000000192,-74.71157035554329,distal,NX16_1_P20
46.10000000000192,-74.71192853589405,distal,NX16_1_P20
46.125000000001926,-74.71228628489074,distal,NX16_1_P20
46.15000000000193,-74.71264360294074,distal,NX16_1_P20
46.17500000000194,-74.71300049045205,distal,NX16_1_P20
46.20000000000194,-74.71335694783316,distal,NX16_1_P20
46.22500000000195,-74.71371297549322,distal,NX16_1_P20
46.250000000001954,-74.71406857384184,distal,NX16_1_P20
46.27500000000196,-74.71442374328925,distal,NX16_1_P20
46.300000000001965,-74.71477848424614,distal,NX16_1_P20
46.32500000000197,-74.71513279712376,distal,NX16_1_P20
46.35000000000198,-74.71548668233386,distal,NX16_1_P20
46.37500000000198,-74.7158401402887,distal,NX16_1_P20
46.40000000000199,-74.71619317140104,distal,NX16_1_P20
46.425000000002,-74.71654577608412,distal,NX16_1_P20
46.450000000002,-74.71689795475164,distal,NX16_1_P20
46.475000000002005,-74.71724970781779,distal,NX16_1_P20
46.50000000000201,-74.71760103569719,distal,NX16_1_P20
46.52500000000202,-74.71795193880494,distal,NX16_1_P20
46.55000000000202,-74.71830241755657,distal,NX16_1_P20
46.57500000000203,-74.71865247236805,distal,NX16_1_P20
46.600000000002034,-74.71900210365577,distal,NX16_1_P20
46.62500000000204,-74.71935131183652,distal,NX16_1_P20
46.650000000002045,-74.71970009732752,distal,NX16_1_P20
46.67500000000205,-74.72004846054637,distal,NX16_1_P20
46.700000000002056,-74.72039640191107,distal,NX16_1_P20
46.72500000000206,-74.72074392184004,distal,NX16_1_P20
46.75000000000207,-74.72109102075201,distal,NX16_1_P20
46.77500000000207,-74.72143769906612,distal,NX16_1_P20
46.80000000000208,-74.72178395720185,distal,NX16_1_P20
46.825000000002085,-74.72212979557905,distal,NX16_1_P20
46.85000000000209,-74.7224752146179,distal,NX16_1_P20
46.875000000002096,-74.72282021473892,distal,NX16_1_P20
46.9000000000021,-74.72316479636297,distal,NX16_1_P20
46.92500000000211,-74.7235089599112,distal,NX16_1_P20
46.95000000000211,-74.72385270580513,distal,NX16_1_P20
46.97500000000212,-74.72419603446652,distal,NX16_1_P20
47.000000000002125,-74.72453894631748,distal,NX16_1_P20
47.02500000000213,-74.7248814417804,distal,NX16_1_P20
47.050000000002136,-74.72522352127793,distal,NX16_1_P20
47.07500000000214,-74.72556518523302,distal,NX16_1_P20
47.10000000000215,-74.72590643406892,distal,NX16_1_P20
47.12500000000215,-74.72624726820908,distal,NX16_1_P20
47.15000000000216,-74.72658768807725,distal,NX16_1_P20
47.17500000000216,-74.72692769409741,distal,NX16_1_P20
47.20000000000217,-74.7272672866938,distal,NX16_1_P20
47.225000000002176,-74.72760646629091,distal,NX16_1_P20
47.25000000000218,-74.72794523331342,distal,NX16_1_P20
47.27500000000219,-74.72828358818626,distal,NX16_1_P20
47.30000000000219,-74.72862153133457,distal,NX16_1_P20
47.3250000000022,-74.7289590631837,distal,NX16_1_P20
47.35000000000221,-74.7292961841592,distal,NX16_1_P20
47.37500000000221,-74.72963289468684,distal,NX16_1_P20
47.400000000002215,-74.72996919519255,distal,NX16_1_P20
47.42500000000222,-74.73030508610248,distal,NX16_1_P20
47.45000000000223,-74.73064056784291,distal,NX16_1_P20
47.47500000000223,-74.73097564084036,distal,NX16_1_P20
47.50000000000224,-74.73131030552145,distal,NX16_1_P20
47.52500000000224,-74.731644562313,distal,NX16_1_P20
47.55000000000225,-74.73197841164196,distal,NX16_1_P20
47.575000000002255,-74.73231185393547,distal,NX16_1_P20
47.60000000000226,-74.73264488962079,distal,NX16_1_P20
47.62500000000227,-74.73297751912528,distal,NX16_1_P20
47.65000000000227,-74.7333097428765,distal,NX16_1_P20
47.67500000000228,-74.7336415613021,distal,NX16_1_P20
47.70000000000229,-74.73397297482984,distal,NX16_1_P20
47.72500000000229,-74.73430398388761,distal,NX16_1_P20
47.750000000002295,-74.7346345889034,distal,NX16_1_P20
47.7750000000023,-74.73496479030534,distal,NX16_1_P20
47.80000000000231,-74.73529458852161,distal,NX16_1_P20
47.82500000000231,-74.7356239839805,distal,NX16_1_P20
47.85000000000232,-74.7359529771104,distal,NX16_1_P20
47.87500000000232,-74.73628156833976,distal,NX16_1_P20
47.90000000000233,-74.73660975809715,distal,NX16_1_P20
47.925000000002335,-74.73693754681113,distal,NX16_1_P20
47.95000000000234,-74.73726493491043,distal,NX16_1_P20
47.975000000002346,-74.73759192282377,distal,NX16_1_P20
48.00000000000235,-74.73791851097994,distal,NX16_1_P20
48.02500000000236,-74.7382446998078,distal,NX16_1_P20
48.05000000000236,-74.73857048973625,distal,NX16_1_P20
48.07500000000237,-74.73889588119421,distal,NX16_1_P20
48.100000000002375,-74.73922087461068,distal,NX16_1_P20
48.12500000000238,-74.73954547041465,distal,NX16_1_P20
48.15000000000239,-74.73986966903517,distal,NX16_1_P20
48.17500000000239,-74.74019347090129,distal,NX16_1_P20
48.2000000000024,-74.74051687644209,distal,NX16_1_P20
48.2250000000024,-74.74083988608666,distal,NX16_1_P20
48.25000000000241,-74.7411625002641,distal,NX16_1_P20
48.275000000002414,-74.74148471940352,distal,NX16_1_P20
48.30000000000242,-74.741806543934,distal,NX16_1_P20
48.325000000002426,-74.74212797428467,distal,NX16_1_P20
48.35000000000243,-74.74244901088461,distal,NX16_1_P20
48.37500000000244,-74.7427696541629,distal,NX16_1_P20
48.40000000000244,-74.7430899045486,distal,NX16_1_P20
48.42500000000245,-74.74340976247075,distal,NX16_1_P20
48.45000000000245,-74.74372922835836,distal,NX16_1_P20
48.47500000000246,-74.74404830264041,distal,NX16_1_P20
48.50000000000247,-74.74436698574586,distal,NX16_1_P20
48.52500000000247,-74.7446852781036,distal,NX16_1_P20
48.55000000000248,-74.74500318014252,distal,NX16_1_P20
48.57500000000248,-74.74532069229144,distal,NX16_1_P20
48.60000000000249,-74.74563781497912,distal,NX16_1_P20
48.625000000002494,-74.74595454863427,distal,NX16_1_P20
48.6500000000025,-74.74627089368556,distal,NX16_1_P20
48.675000000002505,-74.7465868505616,distal,NX16_1_P20
48.70000000000251,-74.74690241969088,distal,NX16_1_P20
48.72500000000252,-74.7472176015019,distal,NX16_1_P20
48.75000000000252,-74.74753239642303,distal,NX16_1_P20
48.77500000000253,-74.74784680488257,distal,NX16_1_P20
48.80000000000253,-74.74816082730877,distal,NX16_1_P20
48.82500000000254,-74.74847446412974,distal,NX16_1_P20
48.85000000000255,-74.74878771577356,distal,NX16_1_P20
48.87500000000255,-74.74910058266819,distal,NX16_1_P20
48.90000000000256,-74.74941306524148,distal,NX16_1_P20
48.92500000000256,-74.74972516392121,distal,NX16_1_P20
48.95000000000257,-74.75003687913505,distal,NX16_1_P20
48.975000000002574,-74.75034821131055,distal,NX16_1_P20
49.00000000000258,-74.75065916087517,distal,NX16_1_P20
49.025000000002585,-74.75096972825624,distal,NX16_1_P20
49.05000000000259,-74.75127991388098,distal,NX16_1_P20
49.0750000000026,-74.75158971817649,distal,NX16_1_P20
49.1000000000026,-74.75189914156977,distal,NX16_1_P20
49.12500000000261,-74.75220818448763,distal,NX16_1_P20
49.15000000000261,-74.75251684735683,distal,NX16_1_P20
49.17500000000262,-74.75282513060394,distal,NX16_1_P20
49.20000000000263,-74.75313303465543,distal,NX16_1_P20
49.22500000000263,-74.75344055993762,distal,NX16_1_P20
49.25000000000264,-74.75374770687667,distal,NX16_1_P20
49.27500000000264,-74.75405447589861,distal,NX16_1_P20
49.30000000000265,-74.75436086742934,distal,NX16_1_P20
49.32500000000265,-74.75466688189458,distal,NX16_1_P20
49.35000000000266,-74.75497251971991,distal,NX16_1_P20
49.375000000002665,-74.75527778133075,distal,NX16_1_P20
49.40000000000267,-74.75558266715235,distal,NX16_1_P20
49.42500000000268,-74.75588717760984,distal,NX16_1_P20
49.45000000000268,-74.75619131312813,distal,NX16_1_P20
49.47500000000269,-74.75649507413198,distal,NX16_1_P20
49.50000000000269,-74.756798461046,distal,NX16_1_P20
49.5250000000027,-74.7571014742946,distal,NX16_1_P20
49.550000000002704,-74.75740411430203,distal,NX16_1_P20
49.57500000000271,-74.75770638149235,distal,NX16_1_P20
49.60000000000272,-74.75800827628946,distal,NX16_1_P20
49.62500000000272,-74.75830979911703,distal,NX16_1_P20
49.65000000000273,-74.75861095039859,distal,NX16_1_P20
49.67500000000273,-74.75891173055746,distal,NX16_1_P20
49.70000000000274,-74.75921214001676,distal,NX16_1_P20
49.72500000000274,-74.75951217919942,distal,NX16_1_P20
49.75000000000275,-74.75981184852819,distal,NX16_1_P20
49.77500000000276,-74.76011114842561,distal,NX16_1_P20
49.80000000000276,-74.760410079314,distal,NX16_1_P20
49.82500000000277,-74.7607086416155,distal,NX16_1_P20
49.85000000000277,-74.76100683575203,distal,NX16_1_P20
49.87500000000278,-74.76130466214529,distal,NX16_1_P20
49.900000000002784,-74.7616021212168,distal,NX16_1_P20
49.92500000000279,-74.76189921338784,distal,NX16_1_P20
49.9500000000028,-74.76219593907946,distal,NX16_1_P20
49.9750000000028,-74.76249229871254,distal,NX16_1_P20
50.00000000000281,-74.7627882927077,distal,NX16_1_P20
50.02500000000281,-74.76308392148533,distal,NX16_1_P20
50.05000000000282,-74.76337918546562,distal,NX16_1_P20
50.07500000000282,-74.76367408506853,distal,NX16_1_P20
50.10000000000283,-74.76396862071377,distal,NX16_1_P20
50.12500000000284,-74.76426279282084,distal,NX16_1_P20
50.15000000000284,-74.76455660180899,distal,NX16_1_P20
50.175000000002846,-74.76485004809724,distal,NX16_1_P20
50.20000000000285,-74.76514313210438,distal,NX16_1_P20
50.22500000000286,-74.76543585424893,distal,NX16_1_P20
50.25000000000286,-74.76572821494919,distal,NX16_1_P20
50.27500000000287,-74.76602021462324,distal,NX16_1_P20
50.30000000000288,-74.76631185368885,distal,NX16_1_P20
50.32500000000288,-74.76660313256359,distal,NX16_1_P20
50.350000000002886,-74.76689405166478,distal,NX16_1_P20
50.37500000000289,-74.76718461140945,distal,NX16_1_P20
50.4000000000029,-74.76747481221442,distal,NX16_1_P20
50.4250000000029,-74.76776465449622,distal,NX16_1_P20
50.45000000000291,-74.76805413867115,distal,NX16_1_P20
50.47500000000292,-74.76834326515521,distal,NX16_1_P20
50.50000000000292,-74.76863203436419,distal,NX16_1_P20
50.525000000002926,-74.76892044671358,distal,NX16_1_P20
50.55000000000293,-74.7692085026186,distal,NX16_1_P20
50.57500000000294,-74.76949620249424,distal,NX16_1_P20
50.60000000000294,-74.76978354675518,distal,NX16_1_P20
50.62500000000295,-74.77007053581585,distal,NX16_1_P20
50.65000000000296,-74.7703571700904,distal,NX16_1_P20
50.67500000000296,-74.77064344999273,distal,NX16_1_P20
50.700000000002966,-74.77092937593643,distal,NX16_1_P20
50.72500000000297,-74.77121494833483,distal,NX16_1_P20
50.75000000000298,-74.77150016760098,distal,NX16_1_P20
50.77500000000298,-74.77178503414764,distal,NX16_1_P20
50.80000000000299,-74.7720695483873,distal,NX16_1_P20
50.825000000002994,-74.77235371073216,distal,NX16_1_P20
50.850000000003,-74.77263752159413,distal,NX16_1_P20
50.875000000003006,-74.77292098138486,distal,NX16_1_P20
50.90000000000301,-74.77320409051568,distal,NX16_1_P20
50.92500000000302,-74.77348684939761,distal,NX16_1_P20
50.95000000000302,-74.77376925844145,distal,NX16_1_P20
50.97500000000303,-74.77405131805766,distal,NX16_1_P20
51.00000000000304,-74.77433302865639,distal,NX16_1_P20
51.02500000000304,-74.77461439064751,distal,NX16_1_P20
51.050000000003045,-74.77489540444064,distal,NX16_1_P20
51.07500000000305,-74.77517607044503,distal,NX16_1_P20
51.10000000000306,-74.77545638906966,distal,NX16_1_P20
51.12500000000306,-74.77573636072322,distal,NX16_1_P20
51.15000000000307,-74.77601598581406,distal,NX16_1_P20
51.175000000003074,-74.77629526475027,distal,NX16_1_P20
51.20000000000308,-74.77657419793962,distal,NX16_1_P20
51.225000000003085,-74.77685278578956,distal,NX16_1_P20
51.25000000000309,-74.77713102870723,distal,NX16_1_P20
51.2750000000031,-74.77740892709949,distal,NX16_1_P20
51.3000000000031,-74.77768648137287,distal,NX16_1_P20
51.32500000000311,-74.77796369193356,distal,NX16_1_P20
51.35000000000312,-74.77824055918751,distal,NX16_1_P20
51.37500000000312,-74.77851708354027,distal,NX16_1_P20
51.400000000003125,-74.77879326539714,distal,NX16_1_P20
51.42500000000313,-74.77906910516307,distal,NX16_1_P20
51.450000000003136,-74.7793446032427,distal,NX16_1_P20
51.47500000000314,-74.77961976004036,distal,NX16_1_P20
51.50000000000315,-74.77989457596004,distal,NX16_1_P20
51.52500000000315,-74.78016905140542,distal,NX16_1_P20
51.55000000000316,-74.78044318677988,distal,NX16_1_P20
51.575000000003165,-74.78071698248641,distal,NX16_1_P20
51.60000000000317,-74.78099043892776,distal,NX16_1_P20
51.625000000003176,-74.7812635565063,distal,NX16_1_P20
51.65000000000318,-74.7815363356241,distal,NX16_1_P20
51.67500000000319,-74.78180877668285,distal,NX16_1_P20
51.70000000000319,-74.782080880084,distal,NX16_1_P20
51.7250000000032,-74.78235264622859,distal,NX16_1_P20
51.750000000003205,-74.78262407551736,distal,NX16_1_P20
51.77500000000321,-74.78289516835072,distal,NX16_1_P20
51.800000000003216,-74.78316592512876,distal,NX16_1_P20
51.82500000000322,-74.7834363462512,distal,NX16_1_P20
51.85000000000323,-74.78370643211746,distal,NX16_1_P20
51.87500000000323,-74.7839761831266,distal,NX16_1_P20
51.90000000000324,-74.78424559967736,distal,NX16_1_P20
51.92500000000325,-74.78451468216814,distal,NX16_1_P20
51.95000000000325,-74.78478343099698,distal,NX16_1_P20
51.975000000003256,-74.78505184656161,distal,NX16_1_P20
52.00000000000326,-74.78531992925943,distal,NX16_1_P20
52.02500000000327,-74.78558767948743,distal,NX16_1_P20
52.05000000000327,-74.78585509764234,distal,NX16_1_P20
52.07500000000328,-74.7861221841205,distal,NX16_1_P20
52.10000000000328,-74.78638893931792,distal,NX16_1_P20
52.12500000000329,-74.78665536363026,distal,NX16_1_P20
52.150000000003295,-74.78692145745283,distal,NX16_1_P20
52.1750000000033,-74.78718722118063,distal,NX16_1_P20
52.20000000000331,-74.78745265520826,distal,NX16_1_P20
52.22500000000331,-74.78771775993,distal,NX16_1_P20
52.25000000000332,-74.7879825357398,distal,NX16_1_P20
52.27500000000333,-74.78824698303121,distal,NX16_1_P20
52.30000000000333,-74.78851110219748,distal,NX16_1_P20
52.325000000003335,-74.78877489363147,distal,NX16_1_P20
52.35000000000334,-74.78903835772573,distal,NX16_1_P20
52.37500000000335,-74.78930149487242,distal,NX16_1_P20
52.40000000000335,-74.78956430546337,distal,NX16_1_P20
52.42500000000336,-74.78982678989004,distal,NX16_1_P20
52.45000000000336,-74.79008894854356,distal,NX16_1_P20
52.47500000000337,-74.79035078181468,distal,NX16_1_P20
52.500000000003375,-74.7906122900938,distal,NX16_1_P20
52.52500000000338,-74.79087347377097,distal,NX16_1_P20
52.550000000003386,-74.7911343332359,distal,NX16_1_P20
52.57500000000339,-74.7913948688779,distal,NX16_1_P20
52.6000000000034,-74.79165508108595,distal,NX16_1_P20
52.6250000000034,-74.79191497024868,distal,NX16_1_P20
52.65000000000341,-74.79217453675433,distal,NX16_1_P20
52.675000000003415,-74.7924337809908,distal,NX16_1_P20
52.70000000000342,-74.79269270334565,distal,NX16_1_P20
52.72500000000343,-74.79295130420604,distal,NX16_1_P20
52.75000000000343,-74.79320958395877,distal,NX16_1_P20
52.77500000000344,-74.79346754299031,distal,NX16_1_P20
52.80000000000344,-74.79372518168675,distal,NX16_1_P20
52.82500000000345,-74.7939825004338,distal,NX16_1_P20
52.850000000003455,-74.79423949961684,distal,NX16_1_P20
52.87500000000346,-74.79449617962086,distal,NX16_1_P20
52.900000000003466,-74.79475254083049,distal,NX16_1_P20
52.92500000000347,-74.79500858363001,distal,NX16_1_P20
52.95000000000348,-74.7952643084033,distal,NX16_1_P20
52.97500000000348,-74.79551971553391,distal,NX16_1_P20
53.00000000000349,-74.79577480540502,distal,NX16_1_P20
53.02500000000349,-74.7960295783994,distal,NX16_1_P20
53.0500000000035,-74.79628403489951,distal,NX16_1_P20
53.07500000000351,-74.79653817528741,distal,NX16_1_P20
53.10000000000351,-74.79679199994479,distal,NX16_1_P20
53.12500000000352,-74.79704550925297,distal,NX16_1_P20
53.15000000000352,-74.79729870359293,distal,NX16_1_P20
53.17500000000353,-74.79755158334524,distal,NX16_1_P20
53.200000000003534,-74.79780414889012,distal,NX16_1_P20
53.22500000000354,-74.79805640060742,distal,NX16_1_P20
53.250000000003546,-74.79830833887662,distal,NX16_1_P20
53.27500000000355,-74.79855996407682,distal,NX16_1_P20
53.30000000000356,-74.79881127658673,distal,NX16_1_P20
53.32500000000356,-74.79906227678475,distal,NX16_1_P20
53.35000000000357,-74.79931296504886,distal,NX16_1_P20
53.37500000000357,-74.79956334175664,distal,NX16_1_P20
53.40000000000358,-74.79981340728536,distal,NX16_1_P20
53.42500000000359,-74.80006316201187,distal,NX16_1_P20
53.45000000000359,-74.80031260631267,distal,NX16_1_P20
53.4750000000036,-74.8005617405639,distal,NX16_1_P20
53.5000000000036,-74.80081056514126,distal,NX16_1_P20
53.52500000000361,-74.80105908042015,distal,NX16_1_P20
53.550000000003614,-74.80130728677555,distal,NX16_1_P20
53.57500000000362,-74.80155518458209,distal,NX16_1_P20
53.600000000003625,-74.80180277421398,distal,NX16_1_P20
53.62500000000363,-74.80205005604513,distal,NX16_1_P20
53.65000000000364,-74.802297030449,distal,NX16_1_P20
53.67500000000364,-74.8025436977987,distal,NX16_1_P20
53.70000000000365,-74.80279005846697,distal,NX16_1_P20
53.72500000000365,-74.80303611282616,distal,NX16_1_P20
53.75000000000366,-74.80328186124828,distal,NX16_1_P20
53.77500000000367,-74.80352730410489,distal,NX16_1_P20
53.80000000000367,-74.80377244176724,distal,NX16_1_P20
53.82500000000368,-74.80401727460615,distal,NX16_1_P20
53.85000000000368,-74.80426180299213,distal,NX16_1_P20
53.87500000000369,-74.80450602729522,distal,NX16_1_P20
53.90000000000369,-74.80474994788516,distal,NX16_1_P20
53.9250000000037,-74.80499356513127,distal,NX16_1_P20
53.950000000003705,-74.80523687940249,distal,NX16_1_P20
53.97500000000371,-74.80547989106739,distal,NX16_1_P20
54.00000000000372,-74.80572260049418,distal,NX16_1_P20
54.02500000000372,-74.80596500805065,distal,NX16_1_P20
54.05000000000373,-74.80620711410424,distal,NX16_1_P20
54.07500000000373,-74.806448919022,distal,NX16_1_P20
54.10000000000374,-74.8066904231706,distal,NX16_1_P20
54.12500000000375,-74.80693162691631,distal,NX16_1_P20
54.15000000000375,-74.80717253062507,distal,NX16_1_P20
54.17500000000376,-74.80741313466237,distal,NX16_1_P20
54.20000000000376,-74.80765343939336,distal,NX16_1_P20
54.22500000000377,-74.80789344518284,distal,NX16_1_P20
54.25000000000377,-74.80813315239514,distal,NX16_1_P20
54.27500000000378,-74.80837256139431,distal,NX16_1_P20
54.30000000000378,-74.80861167254393,distal,NX16_1_P20
54.32500000000379,-74.80885048620725,distal,NX16_1_P20
54.3500000000038,-74.80908900274713,distal,NX16_1_P20
54.3750000000038,-74.80932722252602,distal,NX16_1_P20
54.40000000000381,-74.80956514590605,distal,NX16_1_P20
54.42500000000381,-74.80980277324888,distal,NX16_1_P20
54.45000000000382,-74.81004010491587,distal,NX16_1_P20
54.475000000003824,-74.81027714126795,distal,NX16_1_P20
54.50000000000383,-74.81051388266567,distal,NX16_1_P20
54.52500000000384,-74.81075032946923,distal,NX16_1_P20
54.55000000000384,-74.8109864820384,distal,NX16_1_P20
54.57500000000385,-74.8112223407326,distal,NX16_1_P20
54.60000000000385,-74.81145790591087,distal,NX16_1_P20
54.62500000000386,-74.81169317793183,distal,NX16_1_P20
54.65000000000386,-74.81192815715376,distal,NX16_1_P20
54.67500000000387,-74.81216284393454,distal,NX16_1_P20
54.70000000000388,-74.81239723863166,distal,NX16_1_P20
54.72500000000388,-74.81263134160223,distal,NX16_1_P20
54.75000000000389,-74.81286515320299,distal,NX16_1_P20
54.77500000000389,-74.81309867379026,distal,NX16_1_P20
54.8000000000039,-74.81333190372004,distal,NX16_1_P20
54.825000000003904,-74.81356484334788,distal,NX16_1_P20
54.85000000000391,-74.81379749302897,distal,NX16_1_P20
54.87500000000392,-74.81402985311814,distal,NX16_1_P20
54.90000000000392,-74.81426192396982,distal,NX16_1_P20
54.92500000000393,-74.81449370593805,distal,NX16_1_P20
54.95000000000393,-74.81472519937648,distal,NX16_1_P20
54.97500000000394,-74.81495640463841,distal,NX16_1_P20
55.00000000000394,-74.81518732207671,distal,NX16_1_P20
55.02500000000395,-74.8154179520439,distal,NX16_1_P20
55.05000000000396,-74.81564829489211,distal,NX16_1_P20
55.07500000000396,-74.81587835097308,distal,NX16_1_P20
55.100000000003966,-74.81610812063818,distal,NX16_1_P20
55.12500000000397,-74.81633760423837,distal,NX16_1_P20
55.15000000000398,-74.81656680212426,distal,NX16_1_P20
55.17500000000398,-74.81679571464605,distal,NX16_1_P20
55.20000000000399,-74.81702434215356,distal,NX16_1_P20
55.225000000004,-74.81725268499625,distal,NX16_1_P20
55.250000000004,-74.81748074352316,distal,NX16_1_P20
55.275000000004006,-74.81770851808298,distal,NX16_1_P20
55.30000000000401,-74.81793600902401,distal,NX16_1_P20
55.32500000000402,-74.81816321669415,distal,NX16_1_P20
55.35000000000402,-74.81839014144091,distal,NX16_1_P20
55.37500000000403,-74.81861678361146,distal,NX16_1_P20
55.400000000004034,-74.81884314355256,distal,NX16_1_P20
55.42500000000404,-74.81906922161056,distal,NX16_1_P20
55.450000000004046,-74.81929501813148,distal,NX16_1_P20
55.47500000000405,-74.81952053346093,distal,NX16_1_P20
55.50000000000406,-74.81974576794413,distal,NX16_1_P20
55.52500000000406,-74.81997072192593,distal,NX16_1_P20
55.55000000000407,-74.82019539575079,distal,NX16_1_P20
55.57500000000408,-74.8204197897628,distal,NX16_1_P20
55.60000000000408,-74.82064390430564,distal,NX16_1_P20
55.625000000004086,-74.82086773972266,distal,NX16_1_P20
55.65000000000409,-74.82109129635676,distal,NX16_1_P20
55.6750000000041,-74.8213145745505,distal,NX16_1_P20
55.7000000000041,-74.82153757464606,distal,NX16_1_P20
55.72500000000411,-74.82176029698523,distal,NX16_1_P20
55.750000000004114,-74.8219827419094,distal,NX16_1_P20
55.77500000000412,-74.8222049097596,distal,NX16_1_P20
55.800000000004125,-74.82242680087649,distal,NX16_1_P20
55.82500000000413,-74.8226484156003,distal,NX16_1_P20
55.85000000000414,-74.82286975427093,distal,NX16_1_P20
55.87500000000414,-74.82309081722785,distal,NX16_1_P20
55.90000000000415,-74.82331160481021,distal,NX16_1_P20
55.92500000000416,-74.82353211735675,distal,NX16_1_P20
55.95000000000416,-74.8237523552058,distal,NX16_1_P20
55.975000000004165,-74.82397231869534,distal,NX16_1_P20
56.00000000000417,-74.82419200816297,distal,NX16_1_P20
56.02500000000418,-74.82441142394589,distal,NX16_1_P20
56.05000000000418,-74.82463056638095,distal,NX16_1_P20
56.07500000000419,-74.82484943580458,distal,NX16_1_P20
56.100000000004194,-74.82506803255286,distal,NX16_1_P20
56.1250000000042,-74.8252863569615,distal,NX16_1_P20
56.150000000004205,-74.82550440936578,distal,NX16_1_P20
56.17500000000421,-74.82572219010065,distal,NX16_1_P20
56.200000000004216,-74.82593969950067,distal,NX16_1_P20
56.22500000000422,-74.8261569379,distal,NX16_1_P20
56.25000000000423,-74.82637390563242,distal,NX16_1_P20
56.27500000000423,-74.82659060303138,distal,NX16_1_P20
56.30000000000424,-74.82680703042989,distal,NX16_1_P20
56.325000000004245,-74.82702318816061,distal,NX16_1_P20
56.35000000000425,-74.82723907655583,distal,NX16_1_P20
56.375000000004256,-74.82745469594742,distal,NX16_1_P20
56.40000000000426,-74.82767004666694,distal,NX16_1_P20
56.42500000000427,-74.82788512904551,distal,NX16_1_P20
56.45000000000427,-74.8280999434139,distal,NX16_1_P20
56.47500000000428,-74.8283144901025,distal,NX16_1_P20
56.500000000004285,-74.82852876944132,distal,NX16_1_P20
56.52500000000429,-74.82874278175998,distal,NX16_1_P20
56.550000000004296,-74.82895652738776,distal,NX16_1_P20
56.5750000000043,-74.82917000665351,distal,NX16_1_P20
56.60000000000431,-74.82938321988576,distal,NX16_1_P20
56.62500000000431,-74.82959616741262,distal,NX16_1_P20
56.65000000000432,-74.82980884956183,distal,NX16_1_P20
56.67500000000432,-74.83002126666076,distal,NX16_1_P20
56.70000000000433,-74.83023341903645,distal,NX16_1_P20
56.725000000004336,-74.83044530701547,distal,NX16_1_P20
56.75000000000434,-74.83065693092408,distal,NX16_1_P20
56.77500000000435,-74.83086829108815,distal,NX16_1_P20
56.80000000000435,-74.83107938783319,distal,NX16_1_P20
56.82500000000436,-74.83129022148428,distal,NX16_1_P20
56.85000000000437,-74.83150079236621,distal,NX16_1_P20
56.87500000000437,-74.83171110080332,distal,NX16_1_P20
56.900000000004376,-74.83192114711962,distal,NX16_1_P20
56.92500000000438,-74.83213093163872,distal,NX16_1_P20
56.95000000000439,-74.83234045468386,distal,NX16_1_P20
56.97500000000439,-74.83254971657793,distal,NX16_1_P20
57.0000000000044,-74.83275871764342,distal,NX16_1_P20
57.0250000000044,-74.83296745820246,distal,NX16_1_P20
57.05000000000441,-74.83317593857682,distal,NX16_1_P20
57.075000000004415,-74.83338415908784,distal,NX16_1_P20
57.10000000000442,-74.83359212005655,distal,NX16_1_P20
57.12500000000443,-74.8337998218036,distal,NX16_1_P20
57.15000000000443,-74.83400726464923,distal,NX16_1_P20
57.17500000000444,-74.83421444891334,distal,NX16_1_P20
57.20000000000445,-74.83442137491545,distal,NX16_1_P20
57.22500000000445,-74.8346280429747,distal,NX16_1_P20
57.250000000004455,-74.83483445340988,distal,NX16_1_P20
57.27500000000446,-74.83504060653938,distal,NX16_1_P20
57.30000000000447,-74.83524650268124,distal,NX16_1_P20
57.32500000000447,-74.83545214215314,distal,NX16_1_P20
57.35000000000448,-74.83565752527235,distal,NX16_1_P20
57.37500000000448,-74.83586265235581,distal,NX16_1_P20
57.40000000000449,-74.83606752372008,distal,NX16_1_P20
57.425000000004495,-74.83627213968131,distal,NX16_1_P20
57.4500000000045,-74.83647650055535,distal,NX16_1_P20
57.475000000004506,-74.83668060665762,distal,NX16_1_P20
57.50000000000451,-74.83688445830323,distal,NX16_1_P20
57.52500000000452,-74.83708805580686,distal,NX16_1_P20
57.55000000000452,-74.83729139948287,distal,NX16_1_P20
57.57500000000453,-74.83749448964521,distal,NX16_1_P20
57.600000000004535,-74.8376973266075,distal,NX16_1_P20
57.62500000000454,-74.83789991068298,distal,NX16_1_P20
57.65000000000455,-74.8381022421845,distal,NX16_1_P20
57.67500000000455,-74.8383043214246,distal,NX16_1_P20
57.70000000000456,-74.83850614871538,distal,NX16_1_P20
57.72500000000456,-74.83870772436862,distal,NX16_1_P20
57.75000000000457,-74.83890904869573,distal,NX16_1_P20
57.775000000004574,-74.83911012200774,distal,NX16_1_P20
57.80000000000458,-74.83931094461533,distal,NX16_1_P20
57.825000000004586,-74.8395115168288,distal,NX16_1_P20
57.85000000000459,-74.8397118389581,distal,NX16_1_P20
57.8750000000046,-74.83991191131278,distal,NX16_1_P20
57.9000000000046,-74.84011173420208,distal,NX16_1_P20
57.92500000000461,-74.84031130793484,distal,NX16_1_P20
57.95000000000461,-74.84051063281953,distal,NX16_1_P20
57.97500000000462,-74.84070970916429,distal,NX16_1_P20
58.00000000000463,-74.84090853727686,distal,NX16_1_P20
58.02500000000463,-74.84110711746465,distal,NX16_1_P20
58.05000000000464,-74.84130545003468,distal,NX16_1_P20
58.07500000000464,-74.84150353529361,distal,NX16_1_P20
58.10000000000465,-74.84170137354775,distal,NX16_1_P20
58.125000000004654,-74.84189896510304,distal,NX16_1_P20
58.15000000000466,-74.84209631026508,distal,NX16_1_P20
58.175000000004665,-74.84229340933906,distal,NX16_1_P20
58.20000000000467,-74.84249026262985,distal,NX16_1_P20
58.22500000000468,-74.84268687044197,distal,NX16_1_P20
58.25000000000468,-74.84288323307952,distal,NX16_1_P20
58.27500000000469,-74.84307935084628,distal,NX16_1_P20
58.30000000000469,-74.8432752240457,distal,NX16_1_P20
58.3250000000047,-74.8434708529808,distal,NX16_1_P20
58.35000000000471,-74.8436662379543,distal,NX16_1_P20
58.37500000000471,-74.84386137926853,distal,NX16_1_P20
58.40000000000472,-74.84405627722546,distal,NX16_1_P20
58.42500000000472,-74.84425093212673,distal,NX16_1_P20
58.45000000000473,-74.84444534427358,distal,NX16_1_P20
58.475000000004734,-74.84463951396692,distal,NX16_1_P20
58.50000000000474,-74.8448334415073,distal,NX16_1_P20
58.525000000004745,-74.84502712719491,distal,NX16_1_P20
58.55000000000475,-74.84522057132958,distal,NX16_1_P20
58.57500000000476,-74.84541377421078,distal,NX16_1_P20
58.60000000000476,-74.84560673613763,distal,NX16_1_P20
58.62500000000477,-74.84579945740889,distal,NX16_1_P20
58.65000000000477,-74.84599193832298,distal,NX16_1_P20
58.67500000000478,-74.84618417917792,distal,NX16_1_P20
58.70000000000479,-74.84637618027143,distal,NX16_1_P20
58.72500000000479,-74.84656794190086,distal,NX16_1_P20
58.7500000000048,-74.84675946436316,distal,NX16_1_P20
58.7750000000048,-74.84695074795498,distal,NX16_1_P20
58.80000000000481,-74.8471417929726,distal,NX16_1_P20
58.82500000000481,-74.84733259971193,distal,NX16_1_P20
58.85000000000482,-74.84752316846856,distal,NX16_1_P20
58.875000000004825,-74.84771349953768,distal,NX16_1_P20
58.90000000000483,-74.84790359321417,distal,NX16_1_P20
58.92500000000484,-74.84809344979254,distal,NX16_1_P20
58.95000000000484,-74.84828306956695,distal,NX16_1_P20
58.97500000000485,-74.84847245283119,distal,NX16_1_P20
59.00000000000485,-74.84866159987872,distal,NX16_1_P20
59.02500000000486,-74.84885051100267,distal,NX16_1_P20
59.050000000004864,-74.84903918649576,distal,NX16_1_P20
59.07500000000487,-74.8492276266504,distal,NX16_1_P20
59.10000000000488,-74.84941583175865,distal,NX16_1_P20
59.12500000000488,-74.84960380211221,distal,NX16_1_P20
59.15000000000489,-74.84979153800244,distal,NX16_1_P20
59.17500000000489,-74.84997903972031,distal,NX16_1_P20
59.2000000000049,-74.85016630755649,distal,NX16_1_P20
59.2250000000049,-74.85035334180131,distal,NX16_1_P20
59.25000000000491,-74.85054014274469,distal,NX16_1_P20
59.27500000000492,-74.85072671067626,distal,NX16_1_P20
59.30000000000492,-74.85091304588525,distal,NX16_1_P20
59.32500000000493,-74.85109914866061,distal,NX16_1_P20
59.35000000000493,-74.85128501929088,distal,NX16_1_P20
59.37500000000494,-74.8514706580643,distal,NX16_1_P20
59.400000000004944,-74.85165606526873,distal,NX16_1_P20
59.42500000000495,-74.85184124119168,distal,NX16_1_P20
59.45000000000496,-74.85202618612036,distal,NX16_1_P20
59.47500000000496,-74.85221090034157,distal,NX16_1_P20
59.50000000000497,-74.85239538414183,distal,NX16_1_P20
59.52500000000497,-74.85257963780727,distal,NX16_1_P20
59.55000000000498,-74.85276366162368,distal,NX16_1_P20
59.57500000000498,-74.85294745587653,distal,NX16_1_P20
59.60000000000499,-74.85313102085092,distal,NX16_1_P20
59.625000000005,-74.85331435683163,distal,NX16_1_P20
59.650000000005,-74.85349746410309,distal,NX16_1_P20
59.67500000000501,-74.85368034294935,distal,NX16_1_P20
59.70000000000501,-74.85386299365418,distal,NX16_1_P20
59.72500000000502,-74.85404541650095,distal,NX16_1_P20
59.75000000000502,-74.85422761177274,distal,NX16_1_P20
59.77500000000503,-74.85440957975224,distal,NX16_1_P20
59.80000000000504,-74.85459132072184,distal,NX16_1_P20
59.82500000000504,-74.85477283496355,distal,NX16_1_P20
59.850000000005046,-74.85495412275908,distal,NX16_1_P20
59.87500000000505,-74.85513518438977,distal,NX16_1_P20
59.90000000000506,-74.85531602013663,distal,NX16_1_P20
59.92500000000506,-74.85549663028033,distal,NX16_1_P20
59.95000000000507,-74.8556770151012,distal,NX16_1_P20
59.97500000000508,-74.85585717487922,distal,NX16_1_P20
60.00000000000508,-74.85603710989406,distal,NX16_1_P20
60.025000000005086,-74.85621682042503,distal,NX16_1_P20
60.05000000000509,-74.85639630675111,distal,NX16_1_P20
60.0750000000051,-74.85657556915092,distal,NX16_1_P20
60.1000000000051,-74.85675460790277,distal,NX16_1_P20
60.12500000000511,-74.85693342328464,distal,NX16_1_P20
60.15000000000512,-74.85711201557415,distal,NX16_1_P20
60.17500000000512,-74.85729038504856,distal,NX16_1_P20
60.200000000005126,-74.85746853198486,distal,NX16_1_P20
60.22500000000513,-74.85764645665967,distal,NX16_1_P20
60.25000000000514,-74.85782415934926,distal,NX16_1_P20
60.27500000000514,-74.85800164032958,distal,NX16_1_P20
60.30000000000515,-74.85817889987625,distal,NX16_1_P20
60.325000000005154,-74.85835593826455,distal,NX16_1_P20
60.35000000000516,-74.85853275576942,distal,NX16_1_P20
60.375000000005166,-74.85870935266547,distal,NX16_1_P20
60.40000000000517,-74.858885729227,distal,NX16_1_P20
60.42500000000518,-74.85906188572793,distal,NX16_1_P20
60.45000000000518,-74.85923782244188,distal,NX16_1_P20
60.47500000000519,-74.85941353964215,distal,NX16_1_P20
60.5000000000052,-74.85958903760168,distal,NX16_1_P20
60.5250000000052,-74.85976431659307,distal,NX16_1_P20
60.550000000005205,-74.85993937688862,distal,NX16_1_P20
60.57500000000521,-74.86011421876029,distal,NX16_1_P20
60.60000000000522,-74.86028884247969,distal,NX16_1_P20
60.62500000000522,-74.86046324831813,distal,NX16_1_P20
60.65000000000523,-74.86063743654657,distal,NX16_1_P20
60.675000000005234,-74.86081140743563,distal,NX16_1_P20
60.70000000000524,-74.86098516125564,distal,NX16_1_P20
60.725000000005245,-74.86115869827655,distal,NX16_1_P20
60.75000000000525,-74.86133201876804,distal,NX16_1_P20
60.77500000000526,-74.86150512299942,distal,NX16_1_P20
60.80000000000526,-74.86167801123966,distal,NX16_1_P20
60.82500000000527,-74.86185068375744,distal,NX16_1_P20
60.85000000000528,-74.8620231408211,distal,NX16_1_P20
60.87500000000528,-74.86219538269864,distal,NX16_1_P20
60.900000000005285,-74.86236740965776,distal,NX16_1_P20
60.92500000000529,-74.8625392219658,distal,NX16_1_P20
60.950000000005296,-74.86271081988981,distal,NX16_1_P20
60.9750000000053,-74.86288220369649,distal,NX16_1_P20
61.00000000000531,-74.86305337365219,distal,NX16_1_P20
61.02500000000531,-74.86322433002302,distal,NX16_1_P20
61.05000000000532,-74.86339507307467,distal,NX16_1_P20
61.075000000005325,-74.86356560307257,distal,NX16_1_P20
61.10000000000533,-74.8637359202818,distal,NX16_1_P20
61.125000000005336,-74.86390602496711,distal,NX16_1_P20
61.15000000000534,-74.86407591739294,distal,NX16_1_P20
61.17500000000535,-74.86424559782341,distal,NX16_1_P20
61.20000000000535,-74.86441506652233,distal,NX16_1_P20
61.22500000000536,-74.86458432375312,distal,NX16_1_P20
61.250000000005365,-74.86475336977898,distal,NX16_1_P20
61.27500000000537,-74.86492220486271,distal,NX16_1_P20
61.300000000005376,-74.8650908292668,distal,NX16_1_P20
61.32500000000538,-74.86525924325348,distal,NX16_1_P20
61.35000000000539,-74.86542744708458,distal,NX16_1_P20
61.37500000000539,-74.86559544102165,distal,NX16_1_P20
61.4000000000054,-74.86576322532592,distal,NX16_1_P20
61.42500000000541,-74.8659308002583,distal,NX16_1_P20
61.45000000000541,-74.86609816607937,distal,NX16_1_P20
61.475000000005416,-74.86626532304939,distal,NX16_1_P20
61.50000000000542,-74.86643227142832,distal,NX16_1_P20
61.52500000000543,-74.8665990114758,distal,NX16_1_P20
61.55000000000543,-74.86676554345112,distal,NX16_1_P20
61.57500000000544,-74.86693186761329,distal,NX16_1_P20
61.60000000000544,-74.86709798422099,distal,NX16_1_P20
61.62500000000545,-74.86726389353258,distal,NX16_1_P20
61.650000000005456,-74.86742959580612,distal,NX16_1_P20
61.67500000000546,-74.86759509129931,distal,NX16_1_P20
61.70000000000547,-74.86776038026959,distal,NX16_1_P20
61.72500000000547,-74.86792546297404,distal,NX16_1_P20
61.75000000000548,-74.86809033966948,distal,NX16_1_P20
61.77500000000549,-74.86825501061234,distal,NX16_1_P20
61.80000000000549,-74.8684194760588,distal,NX16_1_P20
61.825000000005495,-74.86858373626471,distal,NX16_1_P20
61.8500000000055,-74.86874779148557,distal,NX16_1_P20
61.87500000000551,-74.86891164197661,distal,NX16_1_P20
61.90000000000551,-74.86907528799274,distal,NX16_1_P20
61.92500000000552,-74.86923872978853,distal,NX16_1_P20
61.95000000000552,-74.86940196761829,distal,NX16_1_P20
61.97500000000553,-74.86956500173595,distal,NX16_1_P20
62.000000000005535,-74.8697278323952,distal,NX16_1_P20
62.02500000000554,-74.86989045984934,distal,NX16_1_P20
62.05000000000555,-74.87005288435145,distal,NX16_1_P20
62.07500000000555,-74.87021510615423,distal,NX16_1_P20
62.10000000000556,-74.87037712551009,distal,NX16_1_P20
62.12500000000556,-74.87053894267113,distal,NX16_1_P20
62.15000000000557,-74.87070055788915,distal,NX16_1_P20
62.175000000005575,-74.87086197141564,distal,NX16_1_P20
62.20000000000558,-74.87102318350175,distal,NX16_1_P20
62.22500000000559,-74.87118419439837,distal,NX16_1_P20
62.25000000000559,-74.87134500435606,distal,NX16_1_P20
62.2750000000056,-74.87150561362506,distal,NX16_1_P20
62.3000000000056,-74.87166602245532,distal,NX16_1_P20
62.32500000000561,-74.87182623109646,distal,NX16_1_P20
62.350000000005615,-74.87198623979783,distal,NX16_1_P20
62.37500000000562,-74.87214604880846,distal,NX16_1_P20
62.400000000005626,-74.87230565837704,distal,NX16_1_P20
62.42500000000563,-74.872465068752,distal,NX16_1_P20
62.45000000000564,-74.87262428018145,distal,NX16_1_P20
62.47500000000564,-74.8727832929132,distal,NX16_1_P20
62.50000000000565,-74.8729421071947,distal,NX16_1_P20
62.52500000000565,-74.8731007232732,distal,NX16_1_P20
62.55000000000566,-74.87325914139555,distal,NX16_1_P20
62.57500000000567,-74.87341736180835,distal,NX16_1_P20
62.60000000000567,-74.87357538475788,distal,NX16_1_P20
62.62500000000568,-74.87373321049013,distal,NX16_1_P20
62.65000000000568,-74.87389083925076,distal,NX16_1_P20
62.67500000000569,-74.87404827128515,distal,NX16_1_P20
62.700000000005694,-74.87420550683836,distal,NX16_1_P20
62.7250000000057,-74.87436254615518,distal,NX16_1_P20
62.750000000005706,-74.87451938948008,distal,NX16_1_P20
62.77500000000571,-74.87467603705721,distal,NX16_1_P20
62.80000000000572,-74.87483248913045,distal,NX16_1_P20
62.82500000000572,-74.87498874594337,distal,NX16_1_P20
62.85000000000573,-74.87514480773923,distal,NX16_1_P20
62.87500000000573,-74.87530067476101,distal,NX16_1_P20
62.90000000000574,-74.87545634725136,distal,NX16_1_P20
62.92500000000575,-74.87561182545267,distal,NX16_1_P20
62.95000000000575,-74.875767109607,distal,NX16_1_P20
62.97500000000576,-74.87592219995612,distal,NX16_1_P20
63.00000000000576,-74.87607709674151,distal,NX16_1_P20
63.02500000000577,-74.87623180020437,distal,NX16_1_P20
63.050000000005774,-74.87638631058554,distal,NX16_1_P20
63.07500000000578,-74.87654062812564,distal,NX16_1_P20
63.100000000005785,-74.87669475306494,distal,NX16_1_P20
63.12500000000579,-74.87684868564342,distal,NX16_1_P20
63.1500000000058,-74.8770024261008,distal,NX16_1_P20
63.1750000000058,-74.87715597467648,distal,NX16_1_P20
63.20000000000581,-74.87730933160955,distal,NX16_1_P20
63.22500000000581,-74.87746249713882,distal,NX16_1_P20
63.25000000000582,-74.87761547150282,distal,NX16_1_P20
63.27500000000583,-74.87776825493977,distal,NX16_1_P20
63.30000000000583,-74.87792084768759,distal,NX16_1_P20
63.32500000000584,-74.87807324998391,distal,NX16_1_P20
63.35000000000584,-74.87822546206608,distal,NX16_1_P20
63.37500000000585,-74.87837748417114,distal,NX16_1_P20
63.40000000000585,-74.87852931653586,distal,NX16_1_P20
63.42500000000586,-74.8786809593967,distal,NX16_1_P20
63.450000000005865,-74.87883241298984,distal,NX16_1_P20
63.47500000000587,-74.87898367755113,distal,NX16_1_P20
63.50000000000588,-74.8791347533162,distal,NX16_1_P20
63.52500000000588,-74.87928564052031,distal,NX16_1_P20
63.55000000000589,-74.8794363393985,distal,NX16_1_P20
63.57500000000589,-74.87958685018546,distal,NX16_1_P20
63.6000000000059,-74.87973717311566,distal,NX16_1_P20
63.62500000000591,-74.87988730842319,distal,NX16_1_P20
63.65000000000591,-74.88003725634195,distal,NX16_1_P20
63.67500000000592,-74.88018701710546,distal,NX16_1_P20
63.70000000000592,-74.88033659094701,distal,NX16_1_P20
63.72500000000593,-74.8804859780996,distal,NX16_1_P20
63.75000000000593,-74.8806351787959,distal,NX16_1_P20
63.77500000000594,-74.88078419326833,distal,NX16_1_P20
63.80000000000594,-74.88093302174902,distal,NX16_1_P20
63.82500000000595,-74.8810816644698,distal,NX16_1_P20
63.85000000000596,-74.88123012166223,distal,NX16_1_P20
63.87500000000596,-74.88137839355755,distal,NX16_1_P20
63.90000000000597,-74.88152648038675,distal,NX16_1_P20
63.92500000000597,-74.88167438238054,distal,NX16_1_P20
63.95000000000598,-74.8818220997693,distal,NX16_1_P20
63.975000000005984,-74.88196963278317,distal,NX16_1_P20
64.00000000000598,-74.88211698165198,distal,NX16_1_P20
64.02500000000599,-74.88226414660528,distal,NX16_1_P20
64.050000000006,-74.88241112787236,distal,NX16_1_P20
64.075000000006,-74.88255792568218,distal,NX16_1_P20
64.100000000006,-74.88270454026346,distal,NX16_1_P20
64.12500000000601,-74.88285097184462,distal,NX16_1_P20
64.15000000000602,-74.8829972206538,distal,NX16_1_P20
64.17500000000602,-74.88314328691885,distal,NX16_1_P20
64.20000000000603,-74.88328917086734,distal,NX16_1_P20
64.22500000000603,-74.88343487272658,distal,NX16_1_P20
64.25000000000604,-74.88358039272357,distal,NX16_1_P20
64.27500000000605,-74.88372573108505,distal,NX16_1_P20
64.30000000000605,-74.88387088803745,distal,NX16_1_P20
64.32500000000606,-74.88401586380697,distal,NX16_1_P20
64.35000000000606,-74.88416065861948,distal,NX16_1_P20
64.37500000000607,-74.88430527270059,distal,NX16_1_P20
64.40000000000607,-74.88444970627565,distal,NX16_1_P20
64.42500000000608,-74.8845939595697,distal,NX16_1_P20
64.45000000000609,-74.8847380328075,distal,NX16_1_P20
64.47500000000609,-74.88488192621358,distal,NX16_1_P20
64.5000000000061,-74.88502564001215,distal,NX16_1_P20
64.5250000000061,-74.88516917442713,distal,NX16_1_P20
64.55000000000611,-74.88531252968221,distal,NX16_1_P20
64.57500000000611,-74.88545570600076,distal,NX16_1_P20
64.60000000000612,-74.8855987036059,distal,NX16_1_P20
64.62500000000612,-74.88574152272045,distal,NX16_1_P20
64.65000000000613,-74.885884163567,distal,NX16_1_P20
64.67500000000614,-74.8860266263678,distal,NX16_1_P20
64.70000000000614,-74.88616891134487,distal,NX16_1_P20
64.72500000000615,-74.88631101871994,distal,NX16_1_P20
64.75000000000615,-74.88645294871448,distal,NX16_1_P20
64.77500000000616,-74.88659470154965,distal,NX16_1_P20
64.80000000000616,-74.8867362774464,distal,NX16_1_P20
64.82500000000617,-74.88687767662533,distal,NX16_1_P20
64.85000000000618,-74.88701889930682,distal,NX16_1_P20
64.87500000000618,-74.88715994571096,distal,NX16_1_P20
64.90000000000619,-74.88730081605756,distal,NX16_1_P20
64.9250000000062,-74.88744151056616,distal,NX16_1_P20
64.9500000000062,-74.88758202945606,distal,NX16_1_P20
64.9750000000062,-74.88772237294623,distal,NX16_1_P20
65.00000000000621,-74.88786254125542,distal,NX16_1_P20
65.02500000000622,-74.88800253460207,distal,NX16_1_P20
65.05000000000622,-74.88814235320439,distal,NX16_1_P20
65.07500000000623,-74.8882819972803,distal,NX16_1_P20
65.10000000000623,-74.88842146704742,distal,NX16_1_P20
65.12500000000624,-74.88856076272316,distal,NX16_1_P20
65.15000000000624,-74.88869988452461,distal,NX16_1_P20
65.17500000000625,-74.88883883266863,distal,NX16_1_P20
65.20000000000626,-74.88897760737176,distal,NX16_1_P20
65.22500000000626,-74.88911620885033,distal,NX16_1_P20
65.25000000000627,-74.88925463732035,distal,NX16_1_P20
65.27500000000627,-74.8893928929976,distal,NX16_1_P20
65.30000000000628,-74.88953097609759,distal,NX16_1_P20
65.32500000000628,-74.88966888683554,distal,NX16_1_P20
65.35000000000629,-74.8898066254264,distal,NX16_1_P20
65.3750000000063,-74.8899441920849,distal,NX16_1_P20
65.4000000000063,-74.89008158702545,distal,NX16_1_P20
65.4250000000063,-74.89021881046222,distal,NX16_1_P20
65.45000000000631,-74.89035586260911,distal,NX16_1_P20
65.47500000000632,-74.89049274367977,distal,NX16_1_P20
65.50000000000632,-74.89062945388756,distal,NX16_1_P20
65.52500000000633,-74.89076599344557,distal,NX16_1_P20
65.55000000000634,-74.89090236256666,distal,NX16_1_P20
65.57500000000634,-74.8910385614634,distal,NX16_1_P20
65.60000000000635,-74.89117459034811,distal,NX16_1_P20
65.62500000000635,-74.89131044943284,distal,NX16_1_P20
65.65000000000636,-74.89144613892937,distal,NX16_1_P20
65.67500000000636,-74.89158165904924,distal,NX16_1_P20
65.70000000000637,-74.89171701000369,distal,NX16_1_P20
65.72500000000637,-74.89185219200373,distal,NX16_1_P20
65.75000000000638,-74.8919872052601,distal,NX16_1_P20
65.77500000000639,-74.89212204998327,distal,NX16_1_P20
65.80000000000639,-74.89225672638347,distal,NX16_1_P20
65.8250000000064,-74.89239123467064,distal,NX16_1_P20
65.8500000000064,-74.89252557505448,distal,NX16_1_P20
65.87500000000641,-74.89265974774442,distal,NX16_1_P20
65.90000000000641,-74.89279375294963,distal,NX16_1_P20
65.92500000000642,-74.89292759087904,distal,NX16_1_P20
65.95000000000643,-74.8930612617413,distal,NX16_1_P20
65.97500000000643,-74.89319476574478,distal,NX16_1_P20
66.00000000000644,-74.89332810309766,distal,NX16_1_P20
66.02500000000644,-74.89346127400778,distal,NX16_1_P20
66.05000000000645,-74.89359427868278,distal,NX16_1_P20
66.07500000000645,-74.89372711733002,distal,NX16_1_P20
66.10000000000646,-74.89385979015661,distal,NX16_1_P20
66.12500000000647,-74.89399229736938,distal,NX16_1_P20
66.15000000000647,-74.89412463917495,distal,NX16_1_P20
66.17500000000648,-74.89425681577963,distal,NX16_1_P20
66.20000000000648,-74.8943888273895,distal,NX16_1_P20
66.22500000000649,-74.8945206742104,distal,NX16_1_P20
66.2500000000065,-74.89465235644789,distal,NX16_1_P20
66.2750000000065,-74.89478387430728,distal,NX16_1_P20
66.3000000000065,-74.89491522799362,distal,NX16_1_P20
66.32500000000651,-74.89504641771173,distal,NX16_1_P20
66.35000000000652,-74.89517744366613,distal,NX16_1_P20
66.37500000000652,-74.89530830606112,distal,NX16_1_P20
66.40000000000653,-74.89543900510077,distal,NX16_1_P20
66.42500000000653,-74.89556954098884,distal,NX16_1_P20
66.45000000000654,-74.89569991392888,distal,NX16_1_P20
66.47500000000655,-74.89583012412415,distal,NX16_1_P20
66.50000000000655,-74.89596017177769,distal,NX16_1_P20
66.52500000000656,-74.89609005709227,distal,NX16_1_P20
66.55000000000656,-74.89621978027041,distal,NX16_1_P20
66.57500000000657,-74.89634934151441,distal,NX16_1_P20
66.60000000000657,-74.89647874102626,distal,NX16_1_P20
66.62500000000658,-74.89660797900774,distal,NX16_1_P20
66.65000000000659,-74.89673705566037,distal,NX16_1_P20
66.67500000000659,-74.8968659711854,distal,NX16_1_P20
66.7000000000066,-74.8969947257839,distal,NX16_1_P20
66.7250000000066,-74.89712331965659,distal,NX16_1_P20
66.75000000000661,-74.897251753004,distal,NX16_1_P20
66.77500000000661,-74.89738002602641,distal,NX16_1_P20
66.80000000000662,-74.89750813892384,distal,NX16_1_P20
66.82500000000663,-74.89763609189605,distal,NX16_1_P20
66.85000000000663,-74.89776388514258,distal,NX16_1_P20
66.87500000000664,-74.89789151886269,distal,NX16_1_P20
66.90000000000664,-74.89801899325543,distal,NX16_1_P20
66.92500000000665,-74.89814630851956,distal,NX16_1_P20
66.95000000000665,-74.89827346485363,distal,NX16_1_P20
66.97500000000666,-74.89840046245592,distal,NX16_1_P20
67.00000000000666,-74.89852730152447,distal,NX16_1_P20
67.02500000000667,-74.89865398225707,distal,NX16_1_P20
67.05000000000668,-74.89878050485129,distal,NX16_1_P20
67.07500000000668,-74.89890686950442,distal,NX16_1_P20
67.10000000000669,-74.8990330764135,distal,NX16_1_P20
67.1250000000067,-74.89915912577537,distal,NX16_1_P20
67.1500000000067,-74.89928501778658,distal,NX16_1_P20
67.1750000000067,-74.89941075264346,distal,NX16_1_P20
67.20000000000671,-74.89953633054209,distal,NX16_1_P20
67.22500000000672,-74.89966175167832,distal,NX16_1_P20
67.25000000000672,-74.89978701624771,distal,NX16_1_P20
67.27500000000673,-74.89991212444565,distal,NX16_1_P20
67.30000000000673,-74.90003707646721,distal,NX16_1_P20
67.32500000000674,-74.90016187250727,distal,NX16_1_P20
67.35000000000674,-74.90028651276045,distal,NX16_1_P20
67.37500000000675,-74.90041099742113,distal,NX16_1_P20
67.40000000000676,-74.90053532668344,distal,NX16_1_P20
67.42500000000676,-74.90065950074128,distal,NX16_1_P20
67.45000000000677,-74.90078351978832,distal,NX16_1_P20
67.47500000000677,-74.90090738401794,distal,NX16_1_P20
67.50000000000678,-74.90103109362335,distal,NX16_1_P20
67.52500000000678,-74.90115464879746,distal,NX16_1_P20
67.55000000000679,-74.90127804973297,distal,NX16_1_P20
67.5750000000068,-74.90140129662232,distal,NX16_1_P20
67.6000000000068,-74.90152438965777,distal,NX16_1_P20
67.6250000000068,-74.90164732903123,distal,NX16_1_P20
67.65000000000681,-74.90177011493448,distal,NX16_1_P20
67.67500000000682,-74.901892747559,distal,NX16_1_P20
67.70000000000682,-74.90201522709607,distal,NX16_1_P20
67.72500000000683,-74.90213755373668,distal,NX16_1_P20
67.75000000000684,-74.90225972767165,distal,NX16_1_P20
67.77500000000684,-74.90238174909149,distal,NX16_1_P20
67.80000000000685,-74.90250361818653,distal,NX16_1_P20
67.82500000000685,-74.90262533514684,distal,NX16_1_P20
67.85000000000686,-74.90274690016224,distal,NX16_1_P20
67.87500000000686,-74.90286831342236,distal,NX16_1_P20
67.90000000000687,-74.90298957511654,distal,NX16_1_P20
67.92500000000688,-74.90311068543392,distal,NX16_1_P20
67.95000000000688,-74.90323164456338,distal,NX16_1_P20
67.97500000000689,-74.9033524526936,distal,NX16_1_P20
68.00000000000689,-74.90347311001298,distal,NX16_1_P20
68.0250000000069,-74.90359361670971,distal,NX16_1_P20
68.0500000000069,-74.90371397297177,distal,NX16_1_P20
68.07500000000691,-74.90383417898686,distal,NX16_1_P20
68.10000000000692,-74.90395423494246,distal,NX16_1_P20
68.12500000000692,-74.90407414102583,distal,NX16_1_P20
68.15000000000693,-74.90419389742401,distal,NX16_1_P20
68.17500000000693,-74.90431350432375,distal,NX16_1_P20
68.20000000000694,-74.90443296191164,distal,NX16_1_P20
68.22500000000694,-74.90455227037398,distal,NX16_1_P20
68.25000000000695,-74.90467142989688,distal,NX16_1_P20
68.27500000000695,-74.90479044066619,distal,NX16_1_P20
68.30000000000696,-74.90490930286754,distal,NX16_1_P20
68.32500000000697,-74.90502801668632,distal,NX16_1_P20
68.35000000000697,-74.9051465823077,distal,NX16_1_P20
68.37500000000698,-74.90526499991661,distal,NX16_1_P20
68.40000000000698,-74.90538326969778,distal,NX16_1_P20
68.42500000000699,-74.90550139183566,distal,NX16_1_P20
68.450000000007,-74.90561936651449,distal,NX16_1_P20
68.475000000007,-74.90573719391831,distal,NX16_1_P20
68.500000000007,-74.9058548742309,distal,NX16_1_P20
68.52500000000701,-74.90597240763582,distal,NX16_1_P20
68.55000000000702,-74.90608979431639,distal,NX16_1_P20
68.57500000000702,-74.9062070344557,distal,NX16_1_P20
68.60000000000703,-74.90632412823666,distal,NX16_1_P20
68.62500000000703,-74.9064410758419,distal,NX16_1_P20
68.65000000000704,-74.90655787745384,distal,NX16_1_P20
68.67500000000705,-74.90667453325466,distal,NX16_1_P20
68.70000000000705,-74.90679104342634,distal,NX16_1_P20
68.72500000000706,-74.9069074081506,distal,NX16_1_P20
68.75000000000706,-74.90702362760898,distal,NX16_1_P20
68.77500000000707,-74.90713970198273,distal,NX16_1_P20
68.80000000000707,-74.90725563145294,distal,NX16_1_P20
68.82500000000708,-74.90737141620043,distal,NX16_1_P20
68.85000000000709,-74.90748705640581,distal,NX16_1_P20
68.87500000000709,-74.90760255224947,distal,NX16_1_P20
68.9000000000071,-74.90771790391157,distal,NX16_1_P20
68.9250000000071,-74.90783311157205,distal,NX16_1_P20
68.95000000000711,-74.90794817541061,distal,NX16_1_P20
68.97500000000711,-74.90806309560674,distal,NX16_1_P20
69.00000000000712,-74.9081778723397,distal,NX16_1_P20
69.02500000000713,-74.90829250578855,distal,NX16_1_P20
69.05000000000713,-74.90840699613209,distal,NX16_1_P20
69.07500000000714,-74.90852134354891,distal,NX16_1_P20
69.10000000000714,-74.9086355482174,distal,NX16_1_P20
69.12500000000715,-74.90874961031571,distal,NX16_1_P20
69.15000000000715,-74.90886353002176,distal,NX16_1_P20
69.17500000000716,-74.90897730751325,distal,NX16_1_P20
69.20000000000717,-74.90909094296768,distal,NX16_1_P20
69.22500000000717,-74.9092044365623,distal,NX16_1_P20
69.25000000000718,-74.90931778847418,distal,NX16_1_P20
69.27500000000718,-74.90943099888011,distal,NX16_1_P20
69.30000000000719,-74.90954406795673,distal,NX16_1_P20
69.3250000000072,-74.90965699588038,distal,NX16_1_P20
69.3500000000072,-74.90976978282725,distal,NX16_1_P20
69.3750000000072,-74.90988242897329,distal,NX16_1_P20
69.40000000000721,-74.90999493449421,distal,NX16_1_P20
69.42500000000722,-74.91010729956551,distal,NX16_1_P20
69.45000000000722,-74.9102195243625,distal,NX16_1_P20
69.47500000000723,-74.91033160906024,distal,NX16_1_P20
69.50000000000723,-74.91044355383356,distal,NX16_1_P20
69.52500000000724,-74.91055535885711,distal,NX16_1_P20
69.55000000000724,-74.91066702430531,distal,NX16_1_P20
69.57500000000725,-74.91077855035235,distal,NX16_1_P20
69.60000000000726,-74.91088993717221,distal,NX16_1_P20
69.62500000000726,-74.91100118493866,distal,NX16_1_P20
69.65000000000727,-74.91111229382524,distal,NX16_1_P20
69.67500000000727,-74.91122326400529,distal,NX16_1_P20
69.70000000000728,-74.91133409565192,distal,NX16_1_P20
69.72500000000728,-74.91144478893803,distal,NX16_1_P20
69.75000000000729,-74.9115553440363,distal,NX16_1_P20
69.7750000000073,-74.91166576111922,distal,NX16_1_P20
69.8000000000073,-74.91177604035902,distal,NX16_1_P20
69.82500000000731,-74.91188618192774,distal,NX16_1_P20
69.85000000000731,-74.91199618599722,distal,NX16_1_P20
69.87500000000732,-74.91210605273906,distal,NX16_1_P20
69.90000000000732,-74.91221578232468,distal,NX16_1_P20
69.92500000000733,-74.91232537492523,distal,NX16_1_P20
69.95000000000734,-74.91243483071169,distal,NX16_1_P20
69.97500000000734,-74.91254414985484,distal,NX16_1_P20
70.00000000000735,-74.9126533325252,distal,NX16_1_P20
70.02500000000735,-74.91276237889309,distal,NX16_1_P20
70.05000000000736,-74.91287128912867,distal,NX16_1_P20
70.07500000000736,-74.91298006340182,distal,NX16_1_P20
70.10000000000737,-74.91308870188224,distal,NX16_1_P20
70.12500000000738,-74.91319720473943,distal,NX16_1_P20
70.15000000000738,-74.91330557214265,distal,NX16_1_P20
70.17500000000739,-74.91341380426095,distal,NX16_1_P20
70.20000000000739,-74.9135219012632,distal,NX16_1_P20
70.2250000000074,-74.91362986331804,distal,NX16_1_P20
70.2500000000074,-74.91373769059389,distal,NX16_1_P20
70.27500000000741,-74.91384538325897,distal,NX16_1_P20
70.30000000000742,-74.91395294148131,distal,NX16_1_P20
70.32500000000742,-74.9140603654287,distal,NX16_1_P20
70.35000000000743,-74.91416765526873,distal,NX16_1_P20
70.37500000000743,-74.9142748111688,distal,NX16_1_P20
70.40000000000744,-74.91438183329605,distal,NX16_1_P20
70.42500000000744,-74.91448872181748,distal,NX16_1_P20
70.45000000000745,-74.91459547689985,distal,NX16_1_P20
70.47500000000746,-74.91470209870968,distal,NX16_1_P20
70.50000000000746,-74.91480858741335,distal,NX16_1_P20
70.52500000000747,-74.91491494317697,distal,NX16_1_P20
70.55000000000747,-74.91502116616648,distal,NX16_1_P20
70.57500000000748,-74.9151272565476,distal,NX16_1_P20
70.60000000000748,-74.91523321448585,distal,NX16_1_P20
70.62500000000749,-74.91533904014653,distal,NX16_1_P20
70.6500000000075,-74.91544473369476,distal,NX16_1_P20
70.6750000000075,-74.9155502952954,distal,NX16_1_P20
70.7000000000075,-74.91565572511318,distal,NX16_1_P20
70.72500000000751,-74.91576102331258,distal,NX16_1_P20
70.75000000000752,-74.91586619005788,distal,NX16_1_P20
70.77500000000752,-74.91597122551315,distal,NX16_1_P20
70.80000000000753,-74.91607612984225,distal,NX16_1_P20
70.82500000000753,-74.91618090320887,distal,NX16_1_P20
70.85000000000754,-74.91628554577646,distal,NX16_1_P20
70.87500000000755,-74.91639005770828,distal,NX16_1_P20
70.90000000000755,-74.91649443916741,distal,NX16_1_P20
70.92500000000756,-74.91659869031668,distal,NX16_1_P20
70.95000000000756,-74.91670281131874,distal,NX16_1_P20
70.97500000000757,-74.91680680233604,distal,NX16_1_P20
71.00000000000757,-74.91691066353083,distal,NX16_1_P20
71.02500000000758,-74.91701439506515,distal,NX16_1_P20
71.05000000000759,-74.91711799710085,distal,NX16_1_P20
71.07500000000759,-74.91722146979954,distal,NX16_1_P20
71.1000000000076,-74.9173248133227,distal,NX16_1_P20
71.1250000000076,-74.91742802783152,distal,NX16_1_P20
71.15000000000761,-74.91753111348707,distal,NX16_1_P20
71.17500000000761,-74.91763407045016,distal,NX16_1_P20
71.20000000000762,-74.91773689888144,distal,NX16_1_P20
71.22500000000763,-74.91783959894134,distal,NX16_1_P20
71.25000000000763,-74.9179421707901,distal,NX16_1_P20
71.27500000000764,-74.91804461458774,distal,NX16_1_P20
71.30000000000764,-74.9181469304941,distal,NX16_1_P20
71.32500000000765,-74.91824911866881,distal,NX16_1_P20
71.35000000000765,-74.91835117927131,distal,NX16_1_P20
71.37500000000766,-74.91845311246084,distal,NX16_1_P20
71.40000000000767,-74.91855491839642,distal,NX16_1_P20
71.42500000000767,-74.91865659723692,distal,NX16_1_P20
71.45000000000768,-74.91875814914097,distal,NX16_1_P20
71.47500000000768,-74.918859574267,distal,NX16_1_P20
71.50000000000769,-74.91896087277327,distal,NX16_1_P20
71.5250000000077,-74.91906204481782,distal,NX16_1_P20
71.5500000000077,-74.91916309055851,distal,NX16_1_P20
71.5750000000077,-74.919264010153,distal,NX16_1_P20
71.60000000000771,-74.91936480375874,distal,NX16_1_P20
71.62500000000772,-74.919465471533,distal,NX16_1_P20
71.65000000000772,-74.91956601363283,distal,NX16_1_P20
71.67500000000773,-74.91966643021512,distal,NX16_1_P20
71.70000000000773,-74.91976672143653,distal,NX16_1_P20
71.72500000000774,-74.91986688745355,distal,NX16_1_P20
71.75000000000774,-74.91996692842245,distal,NX16_1_P20
71.77500000000775,-74.92006684449933,distal,NX16_1_P20
71.80000000000776,-74.92016663584009,distal,NX16_1_P20
71.82500000000776,-74.92026630260042,distal,NX16_1_P20
71.85000000000777,-74.92036584493583,distal,NX16_1_P20
71.87500000000777,-74.92046526300163,distal,NX16_1_P20
71.90000000000778,-74.92056455695295,distal,NX16_1_P20
71.92500000000778,-74.9206637269447,distal,NX16_1_P20
71.95000000000779,-74.92076277313161,distal,NX16_1_P20
71.9750000000078,-74.92086169566824,distal,NX16_1_P20
72.0000000000078,-74.92096049470891,distal,NX16_1_P20
72.02500000000781,-74.92105917040779,distal,NX16_1_P20
72.05000000000781,-74.92115772291884,distal,NX16_1_P20
72.07500000000782,-74.92125615239581,distal,NX16_1_P20
72.10000000000782,-74.9213544589923,distal,NX16_1_P20
72.12500000000783,-74.9214526428617,distal,NX16_1_P20
72.15000000000784,-74.92155070415718,distal,NX16_1_P20
72.17500000000784,-74.92164864303177,distal,NX16_1_P20
72.20000000000785,-74.92174645963826,distal,NX16_1_P20
72.22500000000785,-74.92184415412929,distal,NX16_1_P20
72.25000000000786,-74.92194172665728,distal,NX16_1_P20
72.27500000000786,-74.92203917737449,distal,NX16_1_P20
72.30000000000787,-74.92213650643293,distal,NX16_1_P20
72.32500000000788,-74.92223371398451,distal,NX16_1_P20
72.35000000000788,-74.92233080018089,distal,NX16_1_P20
72.37500000000789,-74.92242776517354,distal,NX16_1_P20
72.40000000000789,-74.92252460911375,distal,NX16_1_P20
72.4250000000079,-74.92262133215264,distal,NX16_1_P20
72.4500000000079,-74.92271793444114,distal,NX16_1_P20
72.47500000000791,-74.92281441612995,distal,NX16_1_P20
72.50000000000792,-74.92291077736962,distal,NX16_1_P20
72.52500000000792,-74.92300701831053,distal,NX16_1_P20
72.55000000000793,-74.9231031391028,distal,NX16_1_P20
72.57500000000793,-74.92319913989645,distal,NX16_1_P20
72.60000000000794,-74.92329502084125,distal,NX16_1_P20
72.62500000000794,-74.92339078208681,distal,NX16_1_P20
72.65000000000795,-74.92348642378255,distal,NX16_1_P20
72.67500000000796,-74.92358194607769,distal,NX16_1_P20
72.70000000000796,-74.92367734912129,distal,NX16_1_P20
72.72500000000797,-74.9237726330622,distal,NX16_1_P20
72.75000000000797,-74.9238677980491,distal,NX16_1_P20
72.77500000000798,-74.92396284423049,distal,NX16_1_P20
72.80000000000798,-74.92405777175465,distal,NX16_1_P20
72.82500000000799,-74.9241525807697,distal,NX16_1_P20
72.850000000008,-74.92424727142358,distal,NX16_1_P20
72.875000000008,-74.92434184386406,distal,NX16_1_P20
72.900000000008,-74.92443629823867,distal,NX16_1_P20
72.92500000000801,-74.9245306346948,distal,NX16_1_P20
72.95000000000802,-74.92462485337967,distal,NX16_1_P20
72.97500000000802,-74.92471895444027,distal,NX16_1_P20
73.00000000000803,-74.92481293802344,distal,NX16_1_P20
73.02500000000803,-74.9249068042758,distal,NX16_1_P20
73.05000000000804,-74.92500055334385,distal,NX16_1_P20
73.07500000000805,-74.92509418537385,distal,NX16_1_P20
73.10000000000805,-74.92518770051191,distal,NX16_1_P20
73.12500000000806,-74.92528109890395,distal,NX16_1_P20
73.15000000000806,-74.92537438069569,distal,NX16_1_P20
73.17500000000807,-74.92546754603268,distal,NX16_1_P20
73.20000000000807,-74.92556059506029,distal,NX16_1_P20
73.22500000000808,-74.92565352792373,distal,NX16_1_P20
73.25000000000809,-74.92574634476799,distal,NX16_1_P20
73.27500000000809,-74.9258390457379,distal,NX16_1_P20
73.3000000000081,-74.92593163097811,distal,NX16_1_P20
73.3250000000081,-74.9260241006331,distal,NX16_1_P20
73.35000000000811,-74.92611645484713,distal,NX16_1_P20
73.37500000000811,-74.92620869376432,distal,NX16_1_P20
73.40000000000812,-74.9263008175286,distal,NX16_1_P20
73.42500000000813,-74.92639282628369,distal,NX16_1_P20
73.45000000000813,-74.92648472017319,distal,NX16_1_P20
73.47500000000814,-74.92657649934048,distal,NX16_1_P20
73.50000000000814,-74.92666816392877,distal,NX16_1_P20
73.52500000000815,-74.92675971408107,distal,NX16_1_P20
73.55000000000815,-74.92685114994025,distal,NX16_1_P20
73.57500000000816,-74.92694247164899,distal,NX16_1_P20
73.60000000000817,-74.92703367934978,distal,NX16_1_P20
73.62500000000817,-74.92712477318493,distal,NX16_1_P20
73.65000000000818,-74.92721575329658,distal,NX16_1_P20
73.67500000000818,-74.92730661982671,distal,NX16_1_P20
73.70000000000819,-74.92739737291708,distal,NX16_1_P20
73.7250000000082,-74.92748801270933,distal,NX16_1_P20
73.7500000000082,-74.92757853934488,distal,NX16_1_P20
73.7750000000082,-74.92766895296496,distal,NX16_1_P20
73.80000000000821,-74.9277592537107,distal,NX16_1_P20
73.82500000000822,-74.92784944172297,distal,NX16_1_P20
73.85000000000822,-74.9279395171425,distal,NX16_1_P20
73.87500000000823,-74.92802948010986,distal,NX16_1_P20
73.90000000000823,-74.9281193307654,distal,NX16_1_P20
73.92500000000824,-74.92820906924935,distal,NX16_1_P20
73.95000000000825,-74.92829869570171,distal,NX16_1_P20
73.97500000000825,-74.92838821026236,distal,NX16_1_P20
74.00000000000826,-74.92847761307095,distal,NX16_1_P20
74.02500000000826,-74.92856690426702,distal,NX16_1_P20
74.05000000000827,-74.92865608398985,distal,NX16_1_P20
74.07500000000827,-74.92874515237864,distal,NX16_1_P20
74.10000000000828,-74.92883410957235,distal,NX16_1_P20
74.12500000000828,-74.9289229557098,distal,NX16_1_P20
74.15000000000829,-74.9290116909296,distal,NX16_1_P20
74.1750000000083,-74.92910031537023,distal,NX16_1_P20
74.2000000000083,-74.92918882917,distal,NX16_1_P20
74.22500000000831,-74.929277232467,distal,NX16_1_P20
74.25000000000831,-74.92936552539918,distal,NX16_1_P20
74.27500000000832,-74.92945370810432,distal,NX16_1_P20
74.30000000000832,-74.92954178072002,distal,NX16_1_P20
74.32500000000833,-74.92962974338369,distal,NX16_1_P20
74.35000000000834,-74.9297175962326,distal,NX16_1_P20
74.37500000000834,-74.92980533940386,distal,NX16_1_P20
74.40000000000835,-74.92989297303436,distal,NX16_1_P20
74.42500000000835,-74.92998049726083,distal,NX16_1_P20
74.45000000000836,-74.93006791221988,distal,NX16_1_P20
74.47500000000836,-74.93015521804789,distal,NX16_1_P20
74.50000000000837,-74.93024241488109,distal,NX16_1_P20
74.52500000000838,-74.93032950285556,distal,NX16_1_P20
74.55000000000838,-74.93041648210718,distal,NX16_1_P20
74.57500000000839,-74.93050335277168,distal,NX16_1_P20
74.6000000000084,-74.93059011498462,distal,NX16_1_P20
74.6250000000084,-74.93067676888137,distal,NX16_1_P20
74.6500000000084,-74.93076331459716,distal,NX16_1_P20
74.67500000000841,-74.93084975226704,distal,NX16_1_P20
74.70000000000842,-74.93093608202587,distal,NX16_1_P20
74.72500000000842,-74.93102230400837,distal,NX16_1_P20
74.75000000000843,-74.93110841834908,distal,NX16_1_P20
74.77500000000843,-74.9311944251824,distal,NX16_1_P20
74.80000000000844,-74.9312803246425,distal,NX16_1_P20
74.82500000000844,-74.93136611686344,distal,NX16_1_P20
74.85000000000845,-74.9314518019791,distal,NX16_1_P20
74.87500000000846,-74.93153738012316,distal,NX16_1_P20
74.90000000000846,-74.93162285142917,distal,NX16_1_P20
74.92500000000847,-74.93170821603051,distal,NX16_1_P20
74.95000000000847,-74.93179347406038,distal,NX16_1_P20
74.97500000000848,-74.93187862565182,distal,NX16_1_P20
75.00000000000848,-74.9319636709377,distal,NX16_1_P20
75.02500000000849,-74.93204861005074,distal,NX16_1_P20
75.0500000000085,-74.93213344312346,distal,NX16_1_P20
75.0750000000085,-74.93221817028825,distal,NX16_1_P20
75.1000000000085,-74.93230279167733,distal,NX16_1_P20
75.12500000000851,-74.93238730742272,distal,NX16_1_P20
75.15000000000852,-74.93247171765633,distal,NX16_1_P20
75.17500000000852,-74.93255602250984,distal,NX16_1_P20
75.20000000000853,-74.93264022211484,distal,NX16_1_P20
75.22500000000854,-74.93272431660272,distal,NX16_1_P20
75.25000000000854,-74.93280830610466,distal,NX16_1_P20
75.27500000000855,-74.93289219075177,distal,NX16_1_P20
75.30000000000855,-74.93297597067492,distal,NX16_1_P20
75.32500000000856,-74.93305964600485,distal,NX16_1_P20
75.35000000000856,-74.93314321687212,distal,NX16_1_P20
75.37500000000857,-74.93322668340716,distal,NX16_1_P20
75.40000000000857,-74.93331004574019,distal,NX16_1_P20
75.42500000000858,-74.93339330400131,distal,NX16_1_P20
75.45000000000859,-74.93347645832044,distal,NX16_1_P20
75.47500000000859,-74.93355950882733,distal,NX16_1_P20
75.5000000000086,-74.93364245565158,distal,NX16_1_P20
75.5250000000086,-74.93372529892261,distal,NX16_1_P20
75.55000000000861,-74.93380803876971,distal,NX16_1_P20
75.57500000000861,-74.93389067532199,distal,NX16_1_P20
75.60000000000862,-74.9339732087084,distal,NX16_1_P20
75.62500000000863,-74.93405563905772,distal,NX16_1_P20
75.65000000000863,-74.93413796649858,distal,NX16_1_P20
75.67500000000864,-74.93422019115947,distal,NX16_1_P20
75.70000000000864,-74.93430231316866,distal,NX16_1_P20
75.72500000000865,-74.93438433265433,distal,NX16_1_P20
75.75000000000865,-74.93446624974445,distal,NX16_1_P20
75.77500000000866,-74.93454806456685,distal,NX16_1_P20
75.80000000000867,-74.9346297772492,distal,NX16_1_P20
75.82500000000867,-74.93471138791902,distal,NX16_1_P20
75.85000000000868,-74.93479289670364,distal,NX16_1_P20
75.87500000000868,-74.93487430373027,distal,NX16_1_P20
75.90000000000869,-74.93495560912592,distal,NX16_1_P20
75.9250000000087,-74.93503681301749,distal,NX16_1_P20
75.9500000000087,-74.93511791553168,distal,NX16_1_P20
75.9750000000087,-74.93519891679503,distal,NX16_1_P20
76.00000000000871,-74.93527981693397,distal,NX16_1_P20
76.02500000000872,-74.93536061607473,distal,NX16_1_P20
76.05000000000872,-74.93544131434341,distal,NX16_1_P20
76.07500000000873,-74.9355219118659,distal,NX16_1_P20
76.10000000000873,-74.935602408768,distal,NX16_1_P20
76.12500000000874,-74.93568280517532,distal,NX16_1_P20
76.15000000000875,-74.9357631012133,distal,NX16_1_P20
76.17500000000875,-74.93584329700724,distal,NX16_1_P20
76.20000000000876,-74.93592339268228,distal,NX16_1_P20
76.22500000000876,-74.93600338836343,distal,NX16_1_P20
76.25000000000877,-74.93608328417551,distal,NX16_1_P20
76.27500000000877,-74.93616308024319,distal,NX16_1_P20
76.30000000000878,-74.93624277669099,distal,NX16_1_P20
76.32500000000879,-74.93632237364328,distal,NX16_1_P20
76.35000000000879,-74.93640187122425,distal,NX16_1_P20
76.3750000000088,-74.93648126955797,distal,NX16_1_P20
76.4000000000088,-74.93656056876834,distal,NX16_1_P20
76.42500000000881,-74.9366397689791,distal,NX16_1_P20
76.45000000000881,-74.93671887031384,distal,NX16_1_P20
76.47500000000882,-74.936797872896,distal,NX16_1_P20
76.50000000000882,-74.93687677684885,distal,NX16_1_P20
76.52500000000883,-74.93695558229551,distal,NX16_1_P20
76.55000000000884,-74.93703428935898,distal,NX16_1_P20
76.57500000000884,-74.93711289816207,distal,NX16_1_P20
76.60000000000885,-74.93719140882743,distal,NX16_1_P20
76.62500000000885,-74.9372698214776,distal,NX16_1_P20
76.65000000000886,-74.93734813623493,distal,NX16_1_P20
76.67500000000886,-74.93742635322162,distal,NX16_1_P20
76.70000000000887,-74.93750447255974,distal,NX16_1_P20
76.72500000000888,-74.93758249437118,distal,NX16_1_P20
76.75000000000888,-74.9376604187777,distal,NX16_1_P20
76.77500000000889,-74.93773824590089,distal,NX16_1_P20
76.8000000000089,-74.93781597586221,distal,NX16_1_P20
76.8250000000089,-74.93789360878296,distal,NX16_1_P20
76.8500000000089,-74.93797114478426,distal,NX16_1_P20
76.87500000000891,-74.93804858398713,distal,NX16_1_P20
76.90000000000892,-74.93812592651238,distal,NX16_1_P20
76.92500000000892,-74.93820317248074,distal,NX16_1_P20
76.95000000000893,-74.93828032201273,distal,NX16_1_P20
76.97500000000893,-74.93835737522875,distal,NX16_1_P20
77.00000000000894,-74.93843433224903,distal,NX16_1_P20
77.02500000000894,-74.93851119319366,distal,NX16_1_P20
77.05000000000895,-74.93858795818258,distal,NX16_1_P20
77.07500000000896,-74.9386646273356,distal,NX16_1_P20
77.10000000000896,-74.93874120077233,distal,NX16_1_P20
77.12500000000897,-74.93881767861228,distal,NX16_1_P20
77.15000000000897,-74.93889406097479,distal,NX16_1_P20
77.17500000000898,-74.93897034797905,distal,NX16_1_P20
77.20000000000898,-74.93904653974411,distal,NX16_1_P20
77.22500000000899,-74.93912263638887,distal,NX16_1_P20
77.250000000009,-74.93919863803207,distal,NX16_1_P20
77.275000000009,-74.93927454479231,distal,NX16_1_P20
77.300000000009,-74.93935035678804,distal,NX16_1_P20
77.32500000000901,-74.93942607413757,distal,NX16_1_P20
77.35000000000902,-74.93950169695906,distal,NX16_1_P20
77.37500000000902,-74.9395772253705,distal,NX16_1_P20
77.40000000000903,-74.93965265948977,distal,NX16_1_P20
77.42500000000904,-74.93972799943457,distal,NX16_1_P20
77.45000000000904,-74.93980324532247,distal,NX16_1_P20
77.47500000000905,-74.9398783972709,distal,NX16_1_P20
77.50000000000905,-74.93995345539713,distal,NX16_1_P20
77.52500000000906,-74.94002841981829,distal,NX16_1_P20
77.55000000000906,-74.94010329065135,distal,NX16_1_P20
77.57500000000907,-74.94017806801315,distal,NX16_1_P20
77.60000000000908,-74.9402527520204,distal,NX16_1_P20
77.62500000000908,-74.9403273427896,distal,NX16_1_P20
77.65000000000909,-74.94040184043719,distal,NX16_1_P20
77.67500000000909,-74.94047624507941,distal,NX16_1_P20
77.7000000000091,-74.94055055683236,distal,NX16_1_P20
77.7250000000091,-74.94062477581201,distal,NX16_1_P20
77.75000000000911,-74.94069890213417,distal,NX16_1_P20
77.77500000000911,-74.94077293591454,distal,NX16_1_P20
77.80000000000912,-74.94084687726861,distal,NX16_1_P20
77.82500000000913,-74.9409207263118,distal,NX16_1_P20
77.85000000000913,-74.94099448315933,distal,NX16_1_P20
77.87500000000914,-74.9410681479263,distal,NX16_1_P20
77.90000000000914,-74.94114172072767,distal,NX16_1_P20
77.92500000000915,-74.94121520167825,distal,NX16_1_P20
77.95000000000915,-74.94128859089271,distal,NX16_1_P20
77.97500000000916,-74.94136188848556,distal,NX16_1_P20
78.00000000000917,-74.94143509457119,distal,NX16_1_P20
78.02500000000917,-74.94150820926384,distal,NX16_1_P20
78.05000000000918,-74.9415812326776,distal,NX16_1_P20
78.07500000000918,-74.94165416492643,distal,NX16_1_P20
78.10000000000919,-74.94172700612413,distal,NX16_1_P20
78.1250000000092,-74.94179975638438,distal,NX16_1_P20
78.1500000000092,-74.9418724158207,distal,NX16_1_P20
78.1750000000092,-74.94194498454648,distal,NX16_1_P20
78.20000000000921,-74.94201746267495,distal,NX16_1_P20
78.22500000000922,-74.94208985031923,distal,NX16_1_P20
78.25000000000922,-74.94216214759228,distal,NX16_1_P20
78.27500000000923,-74.94223435460691,distal,NX16_1_P20
78.30000000000923,-74.9423064714758,distal,NX16_1_P20
78.32500000000924,-74.9423784983115,distal,NX16_1_P20
78.35000000000925,-74.94245043522639,distal,NX16_1_P20
78.37500000000925,-74.94252228233275,distal,NX16_1_P20
78.40000000000926,-74.94259403974267,distal,NX16_1_P20
78.42500000000926,-74.94266570756815,distal,NX16_1_P20
78.45000000000927,-74.94273728592103,distal,NX16_1_P20
78.47500000000927,-74.94280877491299,distal,NX16_1_P20
78.50000000000928,-74.9428801746556,distal,NX16_1_P20
78.52500000000929,-74.94295148526028,distal,NX16_1_P20
78.55000000000929,-74.9430227068383,distal,NX16_1_P20
78.5750000000093,-74.94309383950082,distal,NX16_1_P20
78.6000000000093,-74.94316488335883,distal,NX16_1_P20
78.62500000000931,-74.94323583852321,distal,NX16_1_P20
78.65000000000931,-74.94330670510466,distal,NX16_1_P20
78.67500000000932,-74.94337748321378,distal,NX16_1_P20
78.70000000000933,-74.94344817296103,distal,NX16_1_P20
78.72500000000933,-74.9435187744567,distal,NX16_1_P20
78.75000000000934,-74.943589287811,distal,NX16_1_P20
78.77500000000934,-74.94365971313394,distal,NX16_1_P20
78.80000000000935,-74.94373005053541,distal,NX16_1_P20
78.82500000000935,-74.94380030012519,distal,NX16_1_P20
78.85000000000936,-74.94387046201291,distal,NX16_1_P20
78.87500000000936,-74.94394053630805,distal,NX16_1_P20
78.90000000000937,-74.94401052311996,distal,NX16_1_P20
78.92500000000938,-74.94408042255785,distal,NX16_1_P20
78.95000000000938,-74.94415023473081,distal,NX16_1_P20
78.97500000000939,-74.94421995974777,distal,NX16_1_P20
79.0000000000094,-74.94428959771756,distal,NX16_1_P20
79.0250000000094,-74.94435914874882,distal,NX16_1_P20
79.0500000000094,-74.9444286129501,distal,NX16_1_P20
79.07500000000941,-74.94449799042981,distal,NX16_1_P20
79.10000000000942,-74.9445672812962,distal,NX16_1_P20
79.12500000000942,-74.94463648565741,distal,NX16_1_P20
79.15000000000943,-74.94470560362143,distal,NX16_1_P20
79.17500000000943,-74.9447746352961,distal,NX16_1_P20
79.20000000000944,-74.94484358078918,distal,NX16_1_P20
79.22500000000944,-74.94491244020823,distal,NX16_1_P20
79.25000000000945,-74.94498121366072,distal,NX16_1_P20
79.27500000000946,-74.94504990125398,distal,NX16_1_P20
79.30000000000946,-74.94511850309519,distal,NX16_1_P20
79.32500000000947,-74.9451870192914,distal,NX16_1_P20
79.35000000000947,-74.94525544994953,distal,NX16_1_P20
79.37500000000948,-74.94532379517638,distal,NX16_1_P20
79.40000000000948,-74.94539205507859,distal,NX16_1_P20
79.42500000000949,-74.94546022976267,distal,NX16_1_P20
79.4500000000095,-74.94552831933504,distal,NX16_1_P20
79.4750000000095,-74.94559632390192,distal,NX16_1_P20
79.5000000000095,-74.94566424356947,distal,NX16_1_P20
79.52500000000951,-74.94573207844365,distal,NX16_1_P20
79.55000000000952,-74.94579982863033,distal,NX16_1_P20
79.57500000000952,-74.94586749423523,distal,NX16_1_P20
79.60000000000953,-74.94593507536395,distal,NX16_1_P20
79.62500000000954,-74.94600257212194,distal,NX16_1_P20
79.65000000000954,-74.94606998461454,distal,NX16_1_P20
79.67500000000955,-74.94613731294695,distal,NX16_1_P20
79.70000000000955,-74.94620455722423,distal,NX16_1_P20
79.72500000000956,-74.94627171755131,distal,NX16_1_P20
79.75000000000956,-74.94633879403303,distal,NX16_1_P20
79.77500000000957,-74.94640578677401,distal,NX16_1_P20
79.80000000000958,-74.94647269587882,distal,NX16_1_P20
79.82500000000958,-74.9465395214519,distal,NX16_1_P20
79.85000000000959,-74.94660626359749,distal,NX16_1_P20
79.87500000000959,-74.94667292241975,distal,NX16_1_P20
79.9000000000096,-74.94673949802272,distal,NX16_1_P20
79.9250000000096,-74.94680599051028,distal,NX16_1_P20
79.95000000000961,-74.9468723999862,distal,NX16_1_P20
79.97500000000962,-74.94693872655411,distal,NX16_1_P20
80.00000000000962,-74.94700497031752,distal,NX16_1_P20
80.02500000000963,-74.94707113137979,distal,NX16_1_P20
80.05000000000963,-74.94713720984419,distal,NX16_1_P20
80.07500000000964,-74.9472032058138,distal,NX16_1_P20
80.10000000000964,-74.94726911939163,distal,NX16_1_P20
80.12500000000965,-74.94733495068056,distal,NX16_1_P20
80.15000000000965,-74.94740069978329,distal,NX16_1_P20
80.17500000000966,-74.94746636680243,distal,NX16_1_P20
80.20000000000967,-74.94753195184046,distal,NX16_1_P20
80.22500000000967,-74.94759745499972,distal,NX16_1_P20
80.25000000000968,-74.94766287638244,distal,NX16_1_P20
80.27500000000968,-74.9477282160907,distal,NX16_1_P20
80.30000000000969,-74.94779347422647,distal,NX16_1_P20
80.3250000000097,-74.94785865089159,distal,NX16_1_P20
80.3500000000097,-74.94792374618777,distal,NX16_1_P20
80.3750000000097,-74.94798876021659,distal,NX16_1_P20
80.40000000000971,-74.9480536930795,distal,NX16_1_P20
80.42500000000972,-74.94811854487783,distal,NX16_1_P20
80.45000000000972,-74.9481833157128,distal,NX16_1_P20
80.47500000000973,-74.94824800568546,distal,NX16_1_P20
80.50000000000973,-74.94831261489678,distal,NX16_1_P20
80.52500000000974,-74.94837714344757,distal,NX16_1_P20
80.55000000000975,-74.94844159143854,distal,NX16_1_P20
80.57500000000975,-74.94850595897026,distal,NX16_1_P20
80.60000000000976,-74.94857024614318,distal,NX16_1_P20
80.62500000000976,-74.94863445305762,distal,NX16_1_P20
80.65000000000977,-74.94869857981377,distal,NX16_1_P20
80.67500000000977,-74.94876262651171,distal,NX16_1_P20
80.70000000000978,-74.94882659325137,distal,NX16_1_P20
80.72500000000979,-74.94889048013259,distal,NX16_1_P20
80.75000000000979,-74.94895428725506,distal,NX16_1_P20
80.7750000000098,-74.94901801471836,distal,NX16_1_P20
80.8000000000098,-74.94908166262194,distal,NX16_1_P20
80.82500000000981,-74.9491452310651,distal,NX16_1_P20
80.85000000000981,-74.94920872014707,distal,NX16_1_P20
80.87500000000982,-74.94927212996691,distal,NX16_1_P20
80.90000000000983,-74.94933546062357,distal,NX16_1_P20
80.92500000000983,-74.9493987122159,distal,NX16_1_P20
80.95000000000984,-74.94946188484258,distal,NX16_1_P20
80.97500000000984,-74.9495249786022,distal,NX16_1_P20
81.00000000000985,-74.94958799359323,distal,NX16_1_P20
81.02500000000985,-74.94965092991399,distal,NX16_1_P20
81.05000000000986,-74.94971378766272,distal,NX16_1_P20
81.07500000000987,-74.94977656693747,distal,NX16_1_P20
81.10000000000987,-74.94983926783625,distal,NX16_1_P20
81.12500000000988,-74.9499018904569,distal,NX16_1_P20
81.15000000000988,-74.94996443489713,distal,NX16_1_P20
81.17500000000989,-74.95002690125453,distal,NX16_1_P20
81.2000000000099,-74.95008928962662,distal,NX16_1_P20
81.2250000000099,-74.95015160011073,distal,NX16_1_P20
81.2500000000099,-74.9502138328041,distal,NX16_1_P20
81.27500000000991,-74.95027598780385,distal,NX16_1_P20
81.30000000000992,-74.95033806520698,distal,NX16_1_P20
81.32500000000992,-74.95040006511034,distal,NX16_1_P20
81.35000000000993,-74.95046198761072,distal,NX16_1_P20
81.37500000000993,-74.95052383280473,distal,NX16_1_P20
81.40000000000994,-74.95058560078888,distal,NX16_1_P20
81.42500000000994,-74.95064729165956,distal,NX16_1_P20
81.45000000000995,-74.95070890551307,distal,NX16_1_P20
81.47500000000996,-74.95077044244552,distal,NX16_1_P20
81.50000000000996,-74.95083190255295,distal,NX16_1_P20
81.52500000000997,-74.95089328593127,distal,NX16_1_P20
81.55000000000997,-74.9509545926763,distal,NX16_1_P20
81.57500000000998,-74.95101582288366,distal,NX16_1_P20
81.60000000000998,-74.95107697664895,distal,NX16_1_P20
81.62500000000999,-74.95113805406758,distal,NX16_1_P20
81.65000000001,-74.95119905523487,distal,NX16_1_P20
81.67500000001,-74.951259980246,distal,NX16_1_P20
81.70000000001001,-74.95132082919605,distal,NX16_1_P20
81.72500000001001,-74.95138160217999,distal,NX16_1_P20
81.75000000001002,-74.95144229929265,distal,NX16_1_P20
81.77500000001002,-74.95150292062876,distal,NX16_1_P20
81.80000000001003,-74.95156346628289,distal,NX16_1_P20
81.82500000001004,-74.95162393634955,distal,NX16_1_P20
81.85000000001004,-74.9516843309231,distal,NX16_1_P20
81.87500000001005,-74.9517446500978,distal,NX16_1_P20
81.90000000001005,-74.95180489396776,distal,NX16_1_P20
81.92500000001006,-74.951865062627,distal,NX16_1_P20
81.95000000001006,-74.95192515616941,distal,NX16_1_P20
81.97500000001007,-74.95198517468879,distal,NX16_1_P20
82.00000000001008,-74.95204511827876,distal,NX16_1_P20
82.02500000001008,-74.95210498703291,distal,NX16_1_P20
82.05000000001009,-74.95216478104463,distal,NX16_1_P20
82.07500000001009,-74.95222450040725,distal,NX16_1_P20
82.1000000000101,-74.95228414521397,distal,NX16_1_P20
82.1250000000101,-74.95234371555786,distal,NX16_1_P20
82.15000000001011,-74.95240321153186,distal,NX16_1_P20
82.17500000001012,-74.95246263322885,distal,NX16_1_P20
82.20000000001012,-74.95252198074154,distal,NX16_1_P20
82.22500000001013,-74.95258125416255,distal,NX16_1_P20
82.25000000001013,-74.95264045358437,distal,NX16_1_P20
82.27500000001014,-74.95269957909939,distal,NX16_1_P20
82.30000000001014,-74.95275863079988,distal,NX16_1_P20
82.32500000001015,-74.95281760877799,distal,NX16_1_P20
82.35000000001016,-74.95287651312576,distal,NX16_1_P20
82.37500000001016,-74.9529353439351,distal,NX16_1_P20
82.40000000001017,-74.95299410129783,distal,NX16_1_P20
82.42500000001017,-74.95305278530563,distal,NX16_1_P20
82.45000000001018,-74.9531113960501,distal,NX16_1_P20
82.47500000001018,-74.95316993362269,distal,NX16_1_P20
82.50000000001019,-74.95322839811475,distal,NX16_1_P20
82.5250000000102,-74.95328678961751,distal,NX16_1_P20
82.5500000000102,-74.9533451082221,distal,NX16_1_P20
82.5750000000102,-74.95340335401953,distal,NX16_1_P20
82.60000000001021,-74.95346152710069,distal,NX16_1_P20
82.62500000001022,-74.95351962755636,distal,NX16_1_P20
82.65000000001022,-74.95357765547722,distal,NX16_1_P20
82.67500000001023,-74.95363561095381,distal,NX16_1_P20
82.70000000001023,-74.95369349407657,distal,NX16_1_P20
82.72500000001024,-74.95375130493585,distal,NX16_1_P20
82.75000000001025,-74.95380904362185,distal,NX16_1_P20
82.77500000001025,-74.95386671022467,distal,NX16_1_P20
82.80000000001026,-74.9539243048343,distal,NX16_1_P20
82.82500000001026,-74.95398182754064,distal,NX16_1_P20
82.85000000001027,-74.95403927843343,distal,NX16_1_P20
82.87500000001027,-74.95409665760234,distal,NX16_1_P20
82.90000000001028,-74.9541539651369,distal,NX16_1_P20
82.92500000001029,-74.95421120112655,distal,NX16_1_P20
82.95000000001029,-74.95426836566061,distal,NX16_1_P20
82.9750000000103,-74.95432545882828,distal,NX16_1_P20
83.0000000000103,-74.95438248071866,distal,NX16_1_P20
83.02500000001031,-74.95443943142074,distal,NX16_1_P20
83.05000000001031,-74.95449631102339,distal,NX16_1_P20
83.07500000001032,-74.95455311961537,distal,NX16_1_P20
83.10000000001033,-74.95460985728532,distal,NX16_1_P20
83.12500000001033,-74.9546665241218,distal,NX16_1_P20
83.15000000001034,-74.95472312021325,distal,NX16_1_P20
83.17500000001034,-74.95477964564796,distal,NX16_1_P20
83.20000000001035,-74.95483610051417,distal,NX16_1_P20
83.22500000001035,-74.95489248489996,distal,NX16_1_P20
83.25000000001036,-74.95494879889331,distal,NX16_1_P20
83.27500000001037,-74.95500504258213,distal,NX16_1_P20
83.30000000001037,-74.95506121605418,distal,NX16_1_P20
83.32500000001038,-74.9551173193971,distal,NX16_1_P20
83.35000000001038,-74.95517335269847,distal,NX16_1_P20
83.37500000001039,-74.95522931604572,distal,NX16_1_P20
83.4000000000104,-74.95528520952618,distal,NX16_1_P20
83.4250000000104,-74.95534103322707,distal,NX16_1_P20
83.4500000000104,-74.95539678723553,distal,NX16_1_P20
83.47500000001041,-74.95545247163854,distal,NX16_1_P20
83.50000000001042,-74.95550808652301,distal,NX16_1_P20
83.52500000001042,-74.95556363197572,distal,NX16_1_P20
83.55000000001043,-74.95561910808335,distal,NX16_1_P20
83.57500000001043,-74.95567451493248,distal,NX16_1_P20
83.60000000001044,-74.9557298526096,distal,NX16_1_P20
83.62500000001044,-74.955785121201,distal,NX16_1_P20
83.65000000001045,-74.955840320793,distal,NX16_1_P20
83.67500000001046,-74.95589545147169,distal,NX16_1_P20
83.70000000001046,-74.95595051332313,distal,NX16_1_P20
83.72500000001047,-74.95600550643324,distal,NX16_1_P20
83.75000000001047,-74.95606043088785,distal,NX16_1_P20
83.77500000001048,-74.95611528677264,distal,NX16_1_P20
83.80000000001048,-74.95617007417324,distal,NX16_1_P20
83.82500000001049,-74.95622479317515,distal,NX16_1_P20
83.8500000000105,-74.95627944386376,distal,NX16_1_P20
83.8750000000105,-74.95633402632434,distal,NX16_1_P20
83.90000000001051,-74.95638854064208,distal,NX16_1_P20
83.92500000001051,-74.95644298690205,distal,NX16_1_P20
83.95000000001052,-74.95649736518921,distal,NX16_1_P20
83.97500000001052,-74.95655167558843,distal,NX16_1_P20
84.00000000001053,-74.95660591818445,distal,NX16_1_P20
84.02500000001054,-74.95666009306193,distal,NX16_1_P20
84.05000000001054,-74.9567142003054,distal,NX16_1_P20
84.07500000001055,-74.9567682399993,distal,NX16_1_P20
84.10000000001055,-74.95682221222798,distal,NX16_1_P20
84.12500000001056,-74.95687611707564,distal,NX16_1_P20
84.15000000001056,-74.95692995462642,distal,NX16_1_P20
84.17500000001057,-74.95698372496432,distal,NX16_1_P20
84.20000000001058,-74.95703742817325,distal,NX16_1_P20
84.22500000001058,-74.95709106433704,distal,NX16_1_P20
84.25000000001059,-74.95714463353936,distal,NX16_1_P20
84.27500000001059,-74.95719813586383,distal,NX16_1_P20
84.3000000000106,-74.95725157139394,distal,NX16_1_P20
84.3250000000106,-74.95730494021306,distal,NX16_1_P20
84.35000000001061,-74.9573582424045,distal,NX16_1_P20
84.37500000001062,-74.95741147805143,distal,NX16_1_P20
84.40000000001062,-74.9574646472369,distal,NX16_1_P20
84.42500000001063,-74.95751775004393,distal,NX16_1_P20
84.45000000001063,-74.95757078655535,distal,NX16_1_P20
84.47500000001064,-74.95762375685395,distal,NX16_1_P20
84.50000000001064,-74.95767666102239,distal,NX16_1_P20
84.52500000001065,-74.95772949914321,distal,NX16_1_P20
84.55000000001066,-74.9577822712989,distal,NX16_1_P20
84.57500000001066,-74.95783497757176,distal,NX16_1_P20
84.60000000001067,-74.9578876180441,distal,NX16_1_P20
84.62500000001067,-74.95794019279802,distal,NX16_1_P20
84.65000000001068,-74.9579927019156,distal,NX16_1_P20
84.67500000001068,-74.95804514547876,distal,NX16_1_P20
84.70000000001069,-74.95809752356935,distal,NX16_1_P20
84.7250000000107,-74.95814983626911,distal,NX16_1_P20
84.7500000000107,-74.95820208365967,distal,NX16_1_P20
84.7750000000107,-74.95825426582256,distal,NX16_1_P20
84.80000000001071,-74.95830638283923,distal,NX16_1_P20
84.82500000001072,-74.958358434791,distal,NX16_1_P20
84.85000000001072,-74.9584104217591,distal,NX16_1_P20
84.87500000001073,-74.95846234382465,distal,NX16_1_P20
84.90000000001073,-74.95851420106868,distal,NX16_1_P20
84.92500000001074,-74.95856599357212,distal,NX16_1_P20
84.95000000001075,-74.9586177214158,distal,NX16_1_P20
84.97500000001075,-74.95866938468043,distal,NX16_1_P20
85.00000000001076,-74.95872098344665,distal,NX16_1_P20
85.02500000001076,-74.95877251779497,distal,NX16_1_P20
85.05000000001077,-74.95882398780581,distal,NX16_1_P20
85.07500000001077,-74.9588753935595,distal,NX16_1_P20
85.10000000001078,-74.95892673513625,distal,NX16_1_P20
85.12500000001079,-74.95897801261619,distal,NX16_1_P20
85.15000000001079,-74.95902922607932,distal,NX16_1_P20
85.1750000000108,-74.9590803756056,distal,NX16_1_P20
85.2000000000108,-74.95913146127481,distal,NX16_1_P20
85.22500000001081,-74.9591824831667,distal,NX16_1_P20
85.25000000001081,-74.95923344136088,distal,NX16_1_P20
85.27500000001082,-74.95928433593687,distal,NX16_1_P20
85.30000000001083,-74.9593351669741,distal,NX16_1_P20
85.32500000001083,-74.9593859345519,distal,NX16_1_P20
85.35000000001084,-74.95943663874948,distal,NX16_1_P20
85.37500000001084,-74.95948727964597,distal,NX16_1_P20
85.40000000001085,-74.9595378573204,distal,NX16_1_P20
85.42500000001085,-74.9595883718517,distal,NX16_1_P20
85.45000000001086,-74.9596388233187,distal,NX16_1_P20
85.47500000001087,-74.95968921180013,distal,NX16_1_P20
85.50000000001087,-74.95973953737462,distal,NX16_1_P20
85.52500000001088,-74.95978980012072,distal,NX16_1_P20
85.55000000001088,-74.95984000011684,distal,NX16_1_P20
85.57500000001089,-74.95989013744133,distal,NX16_1_P20
85.6000000000109,-74.95994021217246,distal,NX16_1_P20
85.6250000000109,-74.95999022438833,distal,NX16_1_P20
85.6500000000109,-74.96004017416702,distal,NX16_1_P20
85.67500000001091,-74.96009006158647,distal,NX16_1_P20
85.70000000001092,-74.96013988672452,distal,NX16_1_P20
85.72500000001092,-74.96018964965893,distal,NX16_1_P20
85.75000000001093,-74.96023935046736,distal,NX16_1_P20
85.77500000001093,-74.96028898922737,distal,NX16_1_P20
85.80000000001094,-74.96033856601642,distal,NX16_1_P20
85.82500000001095,-74.96038808091187,distal,NX16_1_P20
85.85000000001095,-74.96043753399101,distal,NX16_1_P20
85.87500000001096,-74.96048692533101,distal,NX16_1_P20
85.90000000001096,-74.96053625500893,distal,NX16_1_P20
85.92500000001097,-74.96058552310176,distal,NX16_1_P20
85.95000000001097,-74.96063472968639,distal,NX16_1_P20
85.97500000001098,-74.9606838748396,distal,NX16_1_P20
86.00000000001098,-74.9607329586381,distal,NX16_1_P20
86.02500000001099,-74.96078198115848,distal,NX16_1_P20
86.050000000011,-74.96083094247722,distal,NX16_1_P20
86.075000000011,-74.96087984267075,distal,NX16_1_P20
86.10000000001101,-74.96092868181537,distal,NX16_1_P20
86.12500000001101,-74.96097745998732,distal,NX16_1_P20
86.15000000001102,-74.9610261772627,distal,NX16_1_P20
86.17500000001102,-74.96107483371752,distal,NX16_1_P20
86.20000000001103,-74.96112342942773,distal,NX16_1_P20
86.22500000001104,-74.96117196446917,distal,NX16_1_P20
86.25000000001104,-74.96122043891758,distal,NX16_1_P20
86.27500000001105,-74.96126885284859,distal,NX16_1_P20
86.30000000001105,-74.96131720633777,distal,NX16_1_P20
86.32500000001106,-74.96136549946056,distal,NX16_1_P20
86.35000000001106,-74.96141373229234,distal,NX16_1_P20
86.37500000001107,-74.96146190490838,distal,NX16_1_P20
86.40000000001108,-74.96151001738383,distal,NX16_1_P20
86.42500000001108,-74.96155806979381,distal,NX16_1_P20
86.45000000001109,-74.96160606221328,distal,NX16_1_P20
86.4750000000111,-74.96165399471714,distal,NX16_1_P20
86.5000000000111,-74.9617018673802,distal,NX16_1_P20
86.5250000000111,-74.96174968027717,distal,NX16_1_P20
86.55000000001111,-74.96179743348264,distal,NX16_1_P20
86.57500000001112,-74.96184512707116,distal,NX16_1_P20
86.60000000001112,-74.96189276111713,distal,NX16_1_P20
86.62500000001113,-74.9619403356949,distal,NX16_1_P20
86.65000000001113,-74.96198785087873,distal,NX16_1_P20
86.67500000001114,-74.96203530674273,distal,NX16_1_P20
86.70000000001114,-74.96208270336099,distal,NX16_1_P20
86.72500000001115,-74.96213004080747,distal,NX16_1_P20
86.75000000001116,-74.96217731915603,distal,NX16_1_P20
86.77500000001116,-74.96222453848044,distal,NX16_1_P20
86.80000000001117,-74.96227169885442,distal,NX16_1_P20
86.82500000001117,-74.96231880035154,distal,NX16_1_P20
86.85000000001118,-74.96236584304532,distal,NX16_1_P20
86.87500000001118,-74.96241282700916,distal,NX16_1_P20
86.90000000001119,-74.96245975231639,distal,NX16_1_P20
86.9250000000112,-74.96250661904023,distal,NX16_1_P20
86.9500000000112,-74.96255342725382,distal,NX16_1_P20
86.9750000000112,-74.96260017703023,distal,NX16_1_P20
87.00000000001121,-74.96264686844238,distal,NX16_1_P20
87.02500000001122,-74.96269350156314,distal,NX16_1_P20
87.05000000001122,-74.9627400764653,distal,NX16_1_P20
87.07500000001123,-74.96278659322152,distal,NX16_1_P20
87.10000000001124,-74.96283305190443,distal,NX16_1_P20
87.12500000001124,-74.96287945258649,distal,NX16_1_P20
87.15000000001125,-74.96292579534013,distal,NX16_1_P20
87.17500000001125,-74.96297208023766,distal,NX16_1_P20
87.20000000001126,-74.96301830735132,distal,NX16_1_P20
87.22500000001126,-74.96306447675325,distal,NX16_1_P20
87.25000000001127,-74.96311058851549,distal,NX16_1_P20
87.27500000001127,-74.96315664271,distal,NX16_1_P20
87.30000000001128,-74.96320263940866,distal,NX16_1_P20
87.32500000001129,-74.96324857868325,distal,NX16_1_P20
87.35000000001129,-74.96329446060544,distal,NX16_1_P20
87.3750000000113,-74.96334028524686,distal,NX16_1_P20
87.4000000000113,-74.963386052679,distal,NX16_1_P20
87.42500000001131,-74.96343176297329,distal,NX16_1_P20
87.45000000001131,-74.96347741620106,distal,NX16_1_P20
87.47500000001132,-74.96352301243355,distal,NX16_1_P20
87.50000000001133,-74.96356855174193,distal,NX16_1_P20
87.52500000001133,-74.96361403419725,distal,NX16_1_P20
87.55000000001134,-74.9636594598705,distal,NX16_1_P20
87.57500000001134,-74.96370482883256,distal,NX16_1_P20
87.60000000001135,-74.96375014115424,distal,NX16_1_P20
87.62500000001135,-74.96379539690624,distal,NX16_1_P20
87.65000000001136,-74.96384059615919,distal,NX16_1_P20
87.67500000001137,-74.96388573898362,distal,NX16_1_P20
87.70000000001137,-74.96393082544999,distal,NX16_1_P20
87.72500000001138,-74.96397585562865,distal,NX16_1_P20
87.75000000001138,-74.96402082958987,distal,NX16_1_P20
87.77500000001139,-74.96406574740384,distal,NX16_1_P20
87.8000000000114,-74.96411060914065,distal,NX16_1_P20
87.8250000000114,-74.96415541487032,distal,NX16_1_P20
87.8500000000114,-74.96420016466276,distal,NX16_1_P20
87.87500000001141,-74.9642448585878,distal,NX16_1_P20
87.90000000001142,-74.96428949671521,distal,NX16_1_P20
87.92500000001142,-74.96433407911464,distal,NX16_1_P20
87.95000000001143,-74.96437860585563,distal,NX16_1_P20
87.97500000001143,-74.96442307700771,distal,NX16_1_P20
88.00000000001144,-74.96446749264027,distal,NX16_1_P20
88.02500000001145,-74.96451185282261,distal,NX16_1_P20
88.05000000001145,-74.96455615762396,distal,NX16_1_P20
88.07500000001146,-74.96460040711345,distal,NX16_1_P20
88.10000000001146,-74.96464460136016,distal,NX16_1_P20
88.12500000001147,-74.96468874043305,distal,NX16_1_P20
88.15000000001147,-74.96473282440097,distal,NX16_1_P20
88.17500000001148,-74.96477685333275,distal,NX16_1_P20
88.20000000001149,-74.96482082729709,distal,NX16_1_P20
88.22500000001149,-74.96486474636261,distal,NX16_1_P20
88.2500000000115,-74.96490861059785,distal,NX16_1_P20
88.2750000000115,-74.96495242007126,distal,NX16_1_P20
88.30000000001151,-74.96499617485121,distal,NX16_1_P20
88.32500000001151,-74.96503987500597,distal,NX16_1_P20
88.35000000001152,-74.96508352060374,distal,NX16_1_P20
88.37500000001153,-74.96512711171265,distal,NX16_1_P20
88.40000000001153,-74.96517064840071,distal,NX16_1_P20
88.42500000001154,-74.96521413073586,distal,NX16_1_P20
88.45000000001154,-74.96525755878596,distal,NX16_1_P20
88.47500000001155,-74.96530093261879,distal,NX16_1_P20
88.50000000001155,-74.96534425230202,distal,NX16_1_P20
88.52500000001156,-74.96538751790325,distal,NX16_1_P20
88.55000000001156,-74.96543072949002,distal,NX16_1_P20
88.57500000001157,-74.96547388712975,distal,NX16_1_P20
88.60000000001158,-74.96551699088978,distal,NX16_1_P20
88.62500000001158,-74.9655600408374,distal,NX16_1_P20
88.65000000001159,-74.96560303703977,distal,NX16_1_P20
88.6750000000116,-74.965645979564,distal,NX16_1_P20
88.7000000000116,-74.9656888684771,distal,NX16_1_P20
88.7250000000116,-74.965731703846,distal,NX16_1_P20
88.75000000001161,-74.96577448573754,distal,NX16_1_P20
88.77500000001162,-74.9658172142185,distal,NX16_1_P20
88.80000000001162,-74.96585988935554,distal,NX16_1_P20
88.82500000001163,-74.96590251121528,distal,NX16_1_P20
88.85000000001163,-74.9659450798642,distal,NX16_1_P20
88.87500000001164,-74.96598759536876,distal,NX16_1_P20
88.90000000001164,-74.9660300577953,distal,NX16_1_P20
88.92500000001165,-74.96607246721007,distal,NX16_1_P20
88.95000000001166,-74.96611482367928,distal,NX16_1_P20
88.97500000001166,-74.966157127269,distal,NX16_1_P20
89.00000000001167,-74.96619937804526,distal,NX16_1_P20
89.02500000001167,-74.966241576074,distal,NX16_1_P20
89.05000000001168,-74.96628372142106,distal,NX16_1_P20
89.07500000001168,-74.96632581415223,distal,NX16_1_P20
89.10000000001169,-74.96636785433317,distal,NX16_1_P20
89.1250000000117,-74.96640984202949,distal,NX16_1_P20
89.1500000000117,-74.96645177730674,distal,NX16_1_P20
89.1750000000117,-74.96649366023034,distal,NX16_1_P20
89.20000000001171,-74.96653549086565,distal,NX16_1_P20
89.22500000001172,-74.96657726927796,distal,NX16_1_P20
89.25000000001172,-74.96661899553246,distal,NX16_1_P20
89.27500000001173,-74.96666066969426,distal,NX16_1_P20
89.30000000001174,-74.96670229182841,distal,NX16_1_P20
89.32500000001174,-74.96674386199984,distal,NX16_1_P20
89.35000000001175,-74.96678538027346,distal,NX16_1_P20
89.37500000001175,-74.96682684671403,distal,NX16_1_P20
89.40000000001176,-74.96686826138627,distal,NX16_1_P20
89.42500000001176,-74.9669096243548,distal,NX16_1_P20
89.45000000001177,-74.96695093568417,distal,NX16_1_P20
89.47500000001178,-74.96699219543886,distal,NX16_1_P20
89.50000000001178,-74.96703340368326,distal,NX16_1_P20
89.52500000001179,-74.96707456048166,distal,NX16_1_P20
89.55000000001179,-74.96711566589832,distal,NX16_1_P20
89.5750000000118,-74.96715671999735,distal,NX16_1_P20
89.6000000000118,-74.96719772284283,distal,NX16_1_P20
89.62500000001181,-74.96723867449874,distal,NX16_1_P20
89.65000000001181,-74.96727957502901,distal,NX16_1_P20
89.67500000001182,-74.96732042449744,distal,NX16_1_P20
89.70000000001183,-74.9673612229678,distal,NX16_1_P20
89.72500000001183,-74.96740197050374,distal,NX16_1_P20
89.75000000001184,-74.96744266716885,distal,NX16_1_P20
89.77500000001184,-74.96748331302666,distal,NX16_1_P20
89.80000000001185,-74.96752390814058,distal,NX16_1_P20
89.82500000001185,-74.96756445257397,distal,NX16_1_P20
89.85000000001186,-74.9676049463901,distal,NX16_1_P20
89.87500000001187,-74.96764538965215,distal,NX16_1_P20
89.90000000001187,-74.96768578242325,distal,NX16_1_P20
89.92500000001188,-74.96772612476641,distal,NX16_1_P20
89.95000000001188,-74.96776641674462,distal,NX16_1_P20
89.97500000001189,-74.96780665842074,distal,NX16_1_P20
90.0000000000119,-74.96784684985758,distal,NX16_1_P20
90.0250000000119,-74.96788699111785,distal,NX16_1_P20
90.0500000000119,-74.96792708226418,distal,NX16_1_P20
90.07500000001193,-74.96796712335916,distal,NX16_1_P20
90.10000000001192,-74.96800711446527,distal,NX16_1_P20
90.12500000001192,-74.96804705564489,distal,NX16_1_P20
90.15000000001191,-74.96808694696038,distal,NX16_1_P20
90.17500000001192,-74.968126788474,distal,NX16_1_P20
90.20000000001194,-74.9681665802479,distal,NX16_1_P20
90.22500000001196,-74.96820632234419,distal,NX16_1_P20
90.25000000001197,-74.96824601482487,distal,NX16_1_P20
90.27500000001196,-74.9682856577519,distal,NX16_1_P20
90.30000000001196,-74.96832525118717,distal,NX16_1_P20
90.32500000001195,-74.96836479519241,distal,NX16_1_P20
90.35000000001196,-74.96840428982938,distal,NX16_1_P20
90.37500000001198,-74.96844373515968,distal,NX16_1_P20
90.400000000012,-74.96848313124488,distal,NX16_1_P20
90.425000000012,-74.96852247814647,distal,NX16_1_P20
90.450000000012,-74.96856177592583,distal,NX16_1_P20
90.475000000012,-74.9686010246443,distal,NX16_1_P20
90.500000000012,-74.96864022436313,distal,NX16_1_P20
90.525000000012,-74.9686793751435,distal,NX16_1_P20
90.55000000001202,-74.96871847704648,distal,NX16_1_P20
90.57500000001204,-74.96875753013312,distal,NX16_1_P20
90.60000000001205,-74.96879653446435,distal,NX16_1_P20
90.62500000001204,-74.96883549010103,distal,NX16_1_P20
90.65000000001204,-74.96887439710397,distal,NX16_1_P20
90.67500000001203,-74.96891325553388,distal,NX16_1_P20
90.70000000001204,-74.96895206545139,distal,NX16_1_P20
90.72500000001206,-74.96899082691708,distal,NX16_1_P20
90.75000000001208,-74.96902953999144,distal,NX16_1_P20
90.77500000001208,-74.96906820473487,distal,NX16_1_P20
90.80000000001208,-74.9691068212077,distal,NX16_1_P20
90.82500000001208,-74.96914538947023,distal,NX16_1_P20
90.85000000001207,-74.96918390958261,distal,NX16_1_P20
90.8750000000121,-74.96922238160498,distal,NX16_1_P20
90.9000000000121,-74.96926080559734,distal,NX16_1_P20
90.9250000000121,-74.9692991816197,distal,NX16_1_P20
90.95000000001212,-74.96933750973193,distal,NX16_1_P20
90.97500000001212,-74.96937578999382,distal,NX16_1_P20
91.00000000001212,-74.96941402246513,distal,NX16_1_P20
91.02500000001211,-74.96945220720552,distal,NX16_1_P20
91.05000000001212,-74.96949034427459,distal,NX16_1_P20
91.07500000001214,-74.96952843373182,distal,NX16_1_P20
91.10000000001214,-74.9695664756367,distal,NX16_1_P20
91.12500000001216,-74.96960447004855,distal,NX16_1_P20
91.15000000001216,-74.96964241702669,distal,NX16_1_P20
91.17500000001216,-74.96968031663033,distal,NX16_1_P20
91.20000000001215,-74.96971816891862,distal,NX16_1_P20
91.22500000001216,-74.96975597395061,distal,NX16_1_P20
91.25000000001218,-74.96979373178533,distal,NX16_1_P20
91.27500000001218,-74.96983144248168,distal,NX16_1_P20
91.3000000000122,-74.9698691060985,distal,NX16_1_P20
91.3250000000122,-74.96990672269459,distal,NX16_1_P20
91.3500000000122,-74.96994429232863,distal,NX16_1_P20
91.3750000000122,-74.96998181505928,distal,NX16_1_P20
91.4000000000122,-74.97001929094507,distal,NX16_1_P20
91.42500000001222,-74.9700567200445,distal,NX16_1_P20
91.45000000001222,-74.97009410241596,distal,NX16_1_P20
91.47500000001224,-74.97013143811779,distal,NX16_1_P20
91.50000000001224,-74.97016872720826,distal,NX16_1_P20
91.52500000001224,-74.97020596974558,distal,NX16_1_P20
91.55000000001225,-74.97024316578783,distal,NX16_1_P20
91.57500000001224,-74.9702803153931,distal,NX16_1_P20
91.60000000001226,-74.97031741861932,distal,NX16_1_P20
91.62500000001226,-74.97035447552442,distal,NX16_1_P20
91.65000000001228,-74.97039148616622,distal,NX16_1_P20
91.67500000001228,-74.97042845060248,distal,NX16_1_P20
91.70000000001228,-74.9704653688909,distal,NX16_1_P20
91.72500000001229,-74.97050224108906,distal,NX16_1_P20
91.75000000001228,-74.97053906725452,distal,NX16_1_P20
91.7750000000123,-74.97057584744475,distal,NX16_1_P20
91.8000000000123,-74.97061258171713,distal,NX16_1_P20
91.82500000001232,-74.97064927012902,distal,NX16_1_P20
91.85000000001232,-74.97068591273764,distal,NX16_1_P20
91.87500000001232,-74.97072250960018,distal,NX16_1_P20
91.90000000001233,-74.97075906077376,distal,NX16_1_P20
91.92500000001232,-74.97079556631543,distal,NX16_1_P20
91.95000000001234,-74.97083202628212,distal,NX16_1_P20
91.97500000001234,-74.97086844073078,distal,NX16_1_P20
92.00000000001236,-74.97090480971819,distal,NX16_1_P20
92.02500000001235,-74.97094113330114,distal,NX16_1_P20
92.05000000001236,-74.9709774115363,distal,NX16_1_P20
92.07500000001237,-74.97101364448027,distal,NX16_1_P20
92.10000000001236,-74.9710498321896,distal,NX16_1_P20
92.12500000001238,-74.9710859747208,distal,NX16_1_P20
92.15000000001238,-74.97112207213021,distal,NX16_1_P20
92.1750000000124,-74.97115812447421,distal,NX16_1_P20
92.2000000000124,-74.97119413180904,distal,NX16_1_P20
92.2250000000124,-74.9712300941909,distal,NX16_1_P20
92.2500000000124,-74.97126601167591,distal,NX16_1_P20
92.2750000000124,-74.97130188432011,distal,NX16_1_P20
92.30000000001242,-74.97133771217949,distal,NX16_1_P20
92.32500000001242,-74.97137349530998,distal,NX16_1_P20
92.35000000001244,-74.97140923376737,distal,NX16_1_P20
92.37500000001243,-74.97144492760748,distal,NX16_1_P20
92.40000000001244,-74.971480576886,distal,NX16_1_P20
92.42500000001245,-74.97151618165854,distal,NX16_1_P20
92.45000000001244,-74.97155174198069,distal,NX16_1_P20
92.47500000001246,-74.97158725790794,distal,NX16_1_P20
92.50000000001246,-74.9716227294957,distal,NX16_1_P20
92.52500000001248,-74.97165815679934,distal,NX16_1_P20
92.55000000001247,-74.97169353987414,distal,NX16_1_P20
92.57500000001248,-74.97172887877531,distal,NX16_1_P20
92.60000000001249,-74.971764173558,distal,NX16_1_P20
92.62500000001248,-74.97179942427731,distal,NX16_1_P20
92.6500000000125,-74.97183463098823,distal,NX16_1_P20
92.6750000000125,-74.9718697937457,distal,NX16_1_P20
92.70000000001252,-74.97190491260459,distal,NX16_1_P20
92.72500000001251,-74.97193998761972,distal,NX16_1_P20
92.75000000001252,-74.97197501884582,distal,NX16_1_P20
92.77500000001253,-74.97201000633757,distal,NX16_1_P20
92.80000000001252,-74.97204495014955,distal,NX16_1_P20
92.82500000001254,-74.9720798503363,distal,NX16_1_P20
92.85000000001254,-74.97211470695228,distal,NX16_1_P20
92.87500000001256,-74.9721495200519,distal,NX16_1_P20
92.90000000001255,-74.97218428968947,distal,NX16_1_P20
92.92500000001256,-74.97221901591925,distal,NX16_1_P20
92.95000000001257,-74.97225369879544,distal,NX16_1_P20
92.97500000001256,-74.97228833837215,distal,NX16_1_P20
93.00000000001258,-74.97232293470347,distal,NX16_1_P20
93.02500000001258,-74.97235748784335,distal,NX16_1_P20
93.0500000000126,-74.97239199784573,distal,NX16_1_P20
93.0750000000126,-74.97242646476448,distal,NX16_1_P20
93.1000000000126,-74.97246088865336,distal,NX16_1_P20
93.1250000000126,-74.97249526956611,distal,NX16_1_P20
93.1500000000126,-74.97252960755637,distal,NX16_1_P20
93.17500000001262,-74.97256390267772,distal,NX16_1_P20
93.20000000001262,-74.9725981549837,distal,NX16_1_P20
93.22500000001264,-74.97263236452775,distal,NX16_1_P20
93.25000000001263,-74.97266653136326,distal,NX16_1_P20
93.27500000001264,-74.97270065554355,distal,NX16_1_P20
93.30000000001264,-74.97273473712187,distal,NX16_1_P20
93.32500000001264,-74.9727687761514,distal,NX16_1_P20
93.35000000001266,-74.97280277268527,distal,NX16_1_P20
93.37500000001266,-74.97283672677652,distal,NX16_1_P20
93.40000000001268,-74.97287063847816,distal,NX16_1_P20
93.42500000001267,-74.97290450784308,distal,NX16_1_P20
93.45000000001268,-74.97293833492415,distal,NX16_1_P20
93.47500000001268,-74.97297211977417,distal,NX16_1_P20
93.50000000001268,-74.97300586244585,distal,NX16_1_P20
93.5250000000127,-74.97303956299184,distal,NX16_1_P20
93.5500000000127,-74.97307322146476,distal,NX16_1_P20
93.57500000001272,-74.9731068379171,distal,NX16_1_P20
93.60000000001271,-74.97314041240135,distal,NX16_1_P20
93.62500000001272,-74.97317394496989,distal,NX16_1_P20
93.65000000001272,-74.97320743567504,distal,NX16_1_P20
93.67500000001272,-74.97324088456908,distal,NX16_1_P20
93.70000000001274,-74.9732742917042,distal,NX16_1_P20
93.72500000001274,-74.97330765713254,distal,NX16_1_P20
93.75000000001276,-74.97334098090617,distal,NX16_1_P20
93.77500000001277,-74.97337426307708,distal,NX16_1_P20
93.80000000001276,-74.97340750369722,distal,NX16_1_P20
93.82500000001276,-74.97344070281846,distal,NX16_1_P20
93.85000000001276,-74.97347386049262,distal,NX16_1_P20
93.87500000001278,-74.97350697677142,distal,NX16_1_P20
93.90000000001278,-74.97354005170655,distal,NX16_1_P20
93.9250000000128,-74.97357308534964,distal,NX16_1_P20
93.9500000000128,-74.97360607775222,distal,NX16_1_P20
93.9750000000128,-74.97363902896579,distal,NX16_1_P20
94.0000000000128,-74.97367193904176,distal,NX16_1_P20
94.0250000000128,-74.9737048080315,distal,NX16_1_P20
94.05000000001282,-74.9737376359863,distal,NX16_1_P20
94.07500000001282,-74.97377042295739,distal,NX16_1_P20
94.10000000001284,-74.97380316899593,distal,NX16_1_P20
94.12500000001285,-74.97383587415302,distal,NX16_1_P20
94.15000000001284,-74.9738685384797,distal,NX16_1_P20
94.17500000001284,-74.97390116202696,distal,NX16_1_P20
94.20000000001284,-74.9739337448457,distal,NX16_1_P20
94.22500000001286,-74.97396628698675,distal,NX16_1_P20
94.25000000001286,-74.97399878850092,distal,NX16_1_P20
94.27500000001288,-74.97403124943892,distal,NX16_1_P20
94.30000000001289,-74.9740636698514,distal,NX16_1_P20
94.32500000001288,-74.97409604978897,distal,NX16_1_P20
94.35000000001288,-74.97412838930215,distal,NX16_1_P20
94.37500000001288,-74.9741606884414,distal,NX16_1_P20
94.4000000000129,-74.97419294725714,distal,NX16_1_P20
94.4250000000129,-74.9742251657997,distal,NX16_1_P20
94.4500000000129,-74.97425734411935,distal,NX16_1_P20
94.47500000001293,-74.97428948226633,distal,NX16_1_P20
94.50000000001292,-74.97432158029078,distal,NX16_1_P20
94.52500000001292,-74.97435363824279,distal,NX16_1_P20
94.55000000001291,-74.97438565617239,distal,NX16_1_P20
94.57500000001292,-74.97441763412954,distal,NX16_1_P20
94.60000000001294,-74.97444957216415,distal,NX16_1_P20
94.62500000001296,-74.97448147032605,distal,NX16_1_P20
94.65000000001297,-74.97451332866505,distal,NX16_1_P20
94.67500000001296,-74.97454514723083,distal,NX16_1_P20
94.70000000001296,-74.97457692607307,distal,NX16_1_P20
94.72500000001295,-74.97460866524133,distal,NX16_1_P20
94.75000000001296,-74.97464036478519,distal,NX16_1_P20
94.77500000001298,-74.97467202475407,distal,NX16_1_P20
94.800000000013,-74.97470364519741,distal,NX16_1_P20
94.825000000013,-74.97473522616453,distal,NX16_1_P20
94.850000000013,-74.97476676770472,distal,NX16_1_P20
94.875000000013,-74.97479826986722,distal,NX16_1_P20
94.900000000013,-74.97482973270118,distal,NX16_1_P20
94.925000000013,-74.9748611562557,distal,NX16_1_P20
94.95000000001302,-74.97489254057982,distal,NX16_1_P20
94.97500000001304,-74.9749238857225,distal,NX16_1_P20
95.00000000001305,-74.97495519173268,distal,NX16_1_P20
95.02500000001304,-74.97498645865919,distal,NX16_1_P20
95.05000000001304,-74.97501768655084,distal,NX16_1_P20
95.07500000001303,-74.97504887545637,distal,NX16_1_P20
95.10000000001304,-74.97508002542443,distal,NX16_1_P20
95.12500000001306,-74.97511113650366,distal,NX16_1_P20
95.15000000001308,-74.97514220874257,distal,NX16_1_P20
95.17500000001309,-74.97517324218968,distal,NX16_1_P20
95.20000000001308,-74.97520423689342,distal,NX16_1_P20
95.22500000001308,-74.97523519290215,distal,NX16_1_P20
95.25000000001307,-74.97526611026416,distal,NX16_1_P20
95.2750000000131,-74.97529698902774,distal,NX16_1_P20
95.3000000000131,-74.97532782924104,distal,NX16_1_P20
95.3250000000131,-74.9753586309522,distal,NX16_1_P20
95.35000000001313,-74.9753893942093,distal,NX16_1_P20
95.37500000001312,-74.97542011906033,distal,NX16_1_P20
95.40000000001312,-74.97545080555325,distal,NX16_1_P20
95.42500000001311,-74.97548145373594,distal,NX16_1_P20
95.45000000001312,-74.97551206365624,distal,NX16_1_P20
95.47500000001314,-74.97554263536189,distal,NX16_1_P20
95.50000000001316,-74.97557316890064,distal,NX16_1_P20
95.52500000001316,-74.9756036643201,distal,NX16_1_P20
95.55000000001316,-74.97563412166788,distal,NX16_1_P20
95.57500000001316,-74.97566454099152,distal,NX16_1_P20
95.60000000001315,-74.97569492233846,distal,NX16_1_P20
95.62500000001316,-74.97572526575614,distal,NX16_1_P20
95.65000000001318,-74.9757555712919,distal,NX16_1_P20
95.67500000001318,-74.97578583899302,distal,NX16_1_P20
95.7000000000132,-74.97581606890677,distal,NX16_1_P20
95.7250000000132,-74.97584626108029,distal,NX16_1_P20
95.7500000000132,-74.9758764155607,distal,NX16_1_P20
95.7750000000132,-74.97590653239509,distal,NX16_1_P20
95.8000000000132,-74.97593661163043,distal,NX16_1_P20
95.82500000001322,-74.97596665331366,distal,NX16_1_P20
95.85000000001322,-74.97599665749168,distal,NX16_1_P20
95.87500000001324,-74.9760266242113,distal,NX16_1_P20
95.90000000001324,-74.97605655351929,distal,NX16_1_P20
95.92500000001324,-74.97608644546234,distal,NX16_1_P20
95.95000000001323,-74.97611630008711,distal,NX16_1_P20
95.97500000001324,-74.9761461174402,distal,NX16_1_P20
96.00000000001326,-74.97617589756813,distal,NX16_1_P20
96.02500000001326,-74.97620564051736,distal,NX16_1_P20
96.05000000001328,-74.97623534633433,distal,NX16_1_P20
96.07500000001328,-74.9762650150654,distal,NX16_1_P20
96.10000000001328,-74.97629464675683,distal,NX16_1_P20
96.12500000001327,-74.9763242414549,distal,NX16_1_P20
96.15000000001328,-74.97635379920578,distal,NX16_1_P20
96.1750000000133,-74.9763833200556,distal,NX16_1_P20
96.2000000000133,-74.97641280405044,distal,NX16_1_P20
96.22500000001332,-74.97644225123629,distal,NX16_1_P20
96.25000000001332,-74.9764716616591,distal,NX16_1_P20
96.27500000001332,-74.97650103536479,distal,NX16_1_P20
96.30000000001333,-74.9765303723992,distal,NX16_1_P20
96.32500000001332,-74.97655967280808,distal,NX16_1_P20
96.35000000001334,-74.97658893663719,distal,NX16_1_P20
96.37500000001334,-74.97661816393217,distal,NX16_1_P20
96.40000000001336,-74.97664735473865,distal,NX16_1_P20
96.42500000001336,-74.97667650910216,distal,NX16_1_P20
96.45000000001336,-74.97670562706823,distal,NX16_1_P20
96.47500000001337,-74.97673470868229,distal,NX16_1_P20
96.50000000001336,-74.9767637539897,distal,NX16_1_P20
96.52500000001338,-74.9767927630358,distal,NX16_1_P20
96.55000000001338,-74.97682173586588,distal,NX16_1_P20
96.5750000000134,-74.97685067252513,distal,NX16_1_P20
96.6000000000134,-74.97687957305871,distal,NX16_1_P20
96.6250000000134,-74.97690843751172,distal,NX16_1_P20
96.6500000000134,-74.97693726592922,distal,NX16_1_P20
96.6750000000134,-74.97696605835618,distal,NX16_1_P20
96.70000000001342,-74.97699481483755,distal,NX16_1_P20
96.72500000001342,-74.97702353541818,distal,NX16_1_P20
96.75000000001344,-74.97705222014292,distal,NX16_1_P20
96.77500000001343,-74.97708086905651,distal,NX16_1_P20
96.80000000001344,-74.97710948220367,distal,NX16_1_P20
96.82500000001345,-74.97713805962904,distal,NX16_1_P20
96.85000000001344,-74.97716660137723,distal,NX16_1_P20
96.87500000001346,-74.97719510749279,distal,NX16_1_P20
96.90000000001346,-74.97722357802017,distal,NX16_1_P20
96.92500000001348,-74.97725201300383,distal,NX16_1_P20
96.95000000001347,-74.97728041248814,distal,NX16_1_P20
96.97500000001348,-74.97730877651742,distal,NX16_1_P20
97.00000000001349,-74.97733710513592,distal,NX16_1_P20
97.02500000001348,-74.97736539838785,distal,NX16_1_P20
97.0500000000135,-74.97739365631737,distal,NX16_1_P20
97.0750000000135,-74.97742187896858,distal,NX16_1_P20
97.10000000001352,-74.97745006638552,distal,NX16_1_P20
97.12500000001351,-74.97747821861218,distal,NX16_1_P20
97.15000000001352,-74.97750633569248,distal,NX16_1_P20
97.17500000001353,-74.97753441767031,distal,NX16_1_P20
97.20000000001352,-74.9775624645895,distal,NX16_1_P20
97.22500000001354,-74.9775904764938,distal,NX16_1_P20
97.25000000001354,-74.97761845342694,distal,NX16_1_P20
97.27500000001356,-74.97764639543259,distal,NX16_1_P20
97.30000000001355,-74.97767430255432,distal,NX16_1_P20
97.32500000001356,-74.9777021748357,distal,NX16_1_P20
97.35000000001357,-74.97773001232022,distal,NX16_1_P20
97.37500000001356,-74.97775781505133,distal,NX16_1_P20
97.40000000001358,-74.97778558307242,distal,NX16_1_P20
97.42500000001358,-74.97781331642682,distal,NX16_1_P20
97.4500000000136,-74.97784101515781,distal,NX16_1_P20
97.4750000000136,-74.9778686793086,distal,NX16_1_P20
97.5000000000136,-74.97789630892237,distal,NX16_1_P20
97.5250000000136,-74.97792390404226,distal,NX16_1_P20
97.5500000000136,-74.9779514647113,distal,NX16_1_P20
97.57500000001362,-74.97797899097252,distal,NX16_1_P20
97.60000000001362,-74.97800648286886,distal,NX16_1_P20
97.62500000001364,-74.97803394044324,distal,NX16_1_P20
97.65000000001363,-74.9780613637385,distal,NX16_1_P20
97.67500000001364,-74.97808875279743,distal,NX16_1_P20
97.70000000001365,-74.97811610766279,distal,NX16_1_P20
97.72500000001364,-74.97814342837725,distal,NX16_1_P20
97.75000000001366,-74.97817071498346,distal,NX16_1_P20
97.77500000001366,-74.978197967524,distal,NX16_1_P20
97.80000000001368,-74.97822518604139,distal,NX16_1_P20
97.82500000001367,-74.97825237057809,distal,NX16_1_P20
97.85000000001368,-74.97827952117656,distal,NX16_1_P20
97.87500000001369,-74.97830663787916,distal,NX16_1_P20
97.90000000001368,-74.97833372072819,distal,NX16_1_P20
97.9250000000137,-74.97836076976591,distal,NX16_1_P20
97.9500000000137,-74.97838778503456,distal,NX16_1_P20
97.97500000001372,-74.97841476657628,distal,NX16_1_P20
98.00000000001371,-74.97844171443317,distal,NX16_1_P20
98.02500000001372,-74.9784686286473,distal,NX16_1_P20
98.05000000001372,-74.97849550926068,distal,NX16_1_P20
98.07500000001372,-74.97852235631522,distal,NX16_1_P20
98.10000000001374,-74.97854916985285,distal,NX16_1_P20
98.12500000001374,-74.97857594991541,distal,NX16_1_P20
98.15000000001376,-74.97860269654467,distal,NX16_1_P20
98.17500000001375,-74.97862940978239,distal,NX16_1_P20
98.20000000001376,-74.97865608967024,distal,NX16_1_P20
98.22500000001376,-74.97868273624988,distal,NX16_1_P20
98.25000000001376,-74.97870934956286,distal,NX16_1_P20
98.27500000001378,-74.97873592965075,distal,NX16_1_P20
98.30000000001378,-74.978762476555,distal,NX16_1_P20
98.3250000000138,-74.97878899031706,distal,NX16_1_P20
98.3500000000138,-74.97881547097828,distal,NX16_1_P20
98.3750000000138,-74.97884191858,distal,NX16_1_P20
98.4000000000138,-74.97886833316349,distal,NX16_1_P20
98.4250000000138,-74.97889471476998,distal,NX16_1_P20
98.45000000001382,-74.97892106344064,distal,NX16_1_P20
98.47500000001382,-74.97894737921656,distal,NX16_1_P20
98.50000000001384,-74.97897366213884,distal,NX16_1_P20
98.52500000001385,-74.97899991224848,distal,NX16_1_P20
98.55000000001384,-74.97902612958644,distal,NX16_1_P20
98.57500000001384,-74.97905231419365,distal,NX16_1_P20
98.60000000001384,-74.97907846611096,distal,NX16_1_P20
98.62500000001386,-74.97910458537919,distal,NX16_1_P20
98.65000000001386,-74.9791306720391,distal,NX16_1_P20
98.67500000001388,-74.9791567261314,distal,NX16_1_P20
98.70000000001389,-74.97918274769673,distal,NX16_1_P20
98.72500000001388,-74.9792087367757,distal,NX16_1_P20
98.75000000001388,-74.9792346934089,distal,NX16_1_P20
98.77500000001388,-74.97926061763681,distal,NX16_1_P20
98.8000000000139,-74.97928650949989,distal,NX16_1_P20
98.8250000000139,-74.97931236903855,distal,NX16_1_P20
98.8500000000139,-74.97933819629314,distal,NX16_1_P20
98.87500000001393,-74.97936399130397,distal,NX16_1_P20
98.90000000001392,-74.97938975411128,distal,NX16_1_P20
98.92500000001392,-74.9794154847553,distal,NX16_1_P20
98.95000000001392,-74.97944118327615,distal,NX16_1_P20
98.97500000001394,-74.97946684971397,distal,NX16_1_P20
99.00000000001394,-74.97949248410879,distal,NX16_1_P20
99.02500000001396,-74.97951808650062,distal,NX16_1_P20
99.05000000001397,-74.97954365692942,distal,NX16_1_P20
99.07500000001396,-74.97956919543509,distal,NX16_1_P20
99.10000000001396,-74.97959470205747,distal,NX16_1_P20
99.12500000001396,-74.97962017683639,distal,NX16_1_P20
99.15000000001396,-74.97964561981158,distal,NX16_1_P20
99.17500000001398,-74.97967103102276,distal,NX16_1_P20
99.200000000014,-74.97969641050959,distal,NX16_1_P20
99.225000000014,-74.97972175831165,distal,NX16_1_P20
99.250000000014,-74.97974707446853,distal,NX16_1_P20
99.275000000014,-74.97977235901972,distal,NX16_1_P20
99.300000000014,-74.97979761200467,distal,NX16_1_P20
99.325000000014,-74.9798228334628,distal,NX16_1_P20
99.35000000001402,-74.97984802343348,distal,NX16_1_P20
99.37500000001404,-74.979873181956,distal,NX16_1_P20
99.40000000001405,-74.97989830906963,distal,NX16_1_P20
99.42500000001404,-74.97992340481358,distal,NX16_1_P20
99.45000000001404,-74.979948469227,distal,NX16_1_P20
99.47500000001403,-74.97997350234903,distal,NX16_1_P20
99.50000000001404,-74.97999850421873,distal,NX16_1_P20
99.52500000001406,-74.9800234748751,distal,NX16_1_P20
99.55000000001408,-74.98004841435711,distal,NX16_1_P20
99.57500000001409,-74.9800733227037,distal,NX16_1_P20
99.60000000001408,-74.98009819995372,distal,NX16_1_P20
99.62500000001408,-74.980123046146,distal,NX16_1_P20
99.65000000001407,-74.98014786131932,distal,NX16_1_P20
99.6750000000141,-74.9801726455124,distal,NX16_1_P20
99.7000000000141,-74.9801973987639,distal,NX16_1_P20
99.7250000000141,-74.98022212111249,distal,NX16_1_P20
99.75000000001413,-74.9802468125967,distal,NX16_1_P20
99.77500000001412,-74.9802714732551,distal,NX16_1_P20
99.80000000001412,-74.98029610312616,distal,NX16_1_P20
99.82500000001411,-74.98032070224832,distal,NX16_1_P20
99.85000000001412,-74.98034527065997,distal,NX16_1_P20
99.87500000001414,-74.98036980839943,distal,NX16_1_P20
99.90000000001416,-74.98039431550502,distal,NX16_1_P20
99.92500000001417,-74.98041879201497,distal,NX16_1_P20
99.95000000001416,-74.98044323796748,distal,NX16_1_P20
99.97500000001416,-74.9804676534007,distal,NX16_1_P20
100.00000000001415,-74.98049203835272,distal,NX16_1_P20
100.02500000001416,-74.98051639286162,distal,NX16_1_P20
100.05000000001418,-74.98054071696538,distal,NX16_1_P20
100.0750000000142,-74.98056501070198,distal,NX16_1_P20
100.1000000000142,-74.9805892741093,distal,NX16_1_P20
100.1250000000142,-74.98061350722526,distal,NX16_1_P20
100.1500000000142,-74.98063771008762,distal,NX16_1_P20
100.1750000000142,-74.98066188273417,distal,NX16_1_P20
100.2000000000142,-74.98068602520263,distal,NX16_1_P20
100.22500000001422,-74.98071013753069,distal,NX16_1_P20
100.25000000001424,-74.98073421975597,distal,NX16_1_P20
100.27500000001424,-74.98075827191605,distal,NX16_1_P20
100.30000000001424,-74.98078229404847,distal,NX16_1_P20
100.32500000001424,-74.9808062861907,distal,NX16_1_P20
100.35000000001423,-74.9808302483802,distal,NX16_1_P20
100.37500000001424,-74.98085418065435,distal,NX16_1_P20
100.40000000001426,-74.98087808305051,distal,NX16_1_P20
100.42500000001426,-74.98090195560597,distal,NX16_1_P20
100.45000000001428,-74.980925798358,distal,NX16_1_P20
100.47500000001428,-74.9809496113438,distal,NX16_1_P20
100.50000000001428,-74.98097339460053,distal,NX16_1_P20
100.52500000001427,-74.98099714816529,distal,NX16_1_P20
100.5500000000143,-74.98102087207516,distal,NX16_1_P20
100.5750000000143,-74.98104456636719,distal,NX16_1_P20
100.6000000000143,-74.98106823107831,distal,NX16_1_P20
100.62500000001432,-74.98109186624548,distal,NX16_1_P20
100.65000000001432,-74.98111547190557,distal,NX16_1_P20
100.67500000001432,-74.98113904809543,distal,NX16_1_P20
100.70000000001431,-74.98116259485184,distal,NX16_1_P20
100.72500000001432,-74.98118611221155,distal,NX16_1_P20
100.75000000001434,-74.98120960021126,distal,NX16_1_P20
100.77500000001434,-74.98123305888764,distal,NX16_1_P20
100.80000000001436,-74.98125648827727,distal,NX16_1_P20
100.82500000001436,-74.98127988841672,distal,NX16_1_P20
100.85000000001436,-74.98130325934252,distal,NX16_1_P20
100.87500000001435,-74.98132660109114,distal,NX16_1_P20
100.90000000001436,-74.98134991369899,distal,NX16_1_P20
100.92500000001438,-74.98137319720246,distal,NX16_1_P20
100.95000000001438,-74.98139645163789,distal,NX16_1_P20
100.9750000000144,-74.98141967704157,distal,NX16_1_P20
101.0000000000144,-74.98144287344974,distal,NX16_1_P20
101.0250000000144,-74.9814660408986,distal,NX16_1_P20
101.0500000000144,-74.98148917942429,distal,NX16_1_P20
101.0750000000144,-74.98151228906293,distal,NX16_1_P20
101.10000000001442,-74.9815353698506,distal,NX16_1_P20
101.12500000001442,-74.98155842182331,distal,NX16_1_P20
101.15000000001444,-74.98158144501701,distal,NX16_1_P20
101.17500000001444,-74.98160443946766,distal,NX16_1_P20
101.20000000001444,-74.98162740521113,distal,NX16_1_P20
101.22500000001445,-74.98165034228325,distal,NX16_1_P20
101.25000000001444,-74.98167325071984,distal,NX16_1_P20
101.27500000001446,-74.98169613055661,distal,NX16_1_P20
101.30000000001446,-74.9817189818293,distal,NX16_1_P20
101.32500000001448,-74.98174180457357,distal,NX16_1_P20
101.35000000001448,-74.98176459882502,distal,NX16_1_P20
101.37500000001448,-74.98178736461922,distal,NX16_1_P20
101.40000000001449,-74.98181010199173,distal,NX16_1_P20
101.42500000001448,-74.98183281097798,distal,NX16_1_P20
101.4500000000145,-74.98185549161344,distal,NX16_1_P20
101.4750000000145,-74.98187814393351,distal,NX16_1_P20
101.50000000001452,-74.98190076797353,distal,NX16_1_P20
101.52500000001451,-74.9819233637688,distal,NX16_1_P20
101.55000000001452,-74.98194593135459,distal,NX16_1_P20
101.57500000001453,-74.9819684707661,distal,NX16_1_P20
101.60000000001452,-74.98199098203854,distal,NX16_1_P20
101.62500000001454,-74.98201346520702,distal,NX16_1_P20
101.65000000001454,-74.98203592030661,distal,NX16_1_P20
101.67500000001456,-74.98205834737239,distal,NX16_1_P20
101.70000000001455,-74.98208074643932,distal,NX16_1_P20
101.72500000001456,-74.98210311754238,distal,NX16_1_P20
101.75000000001457,-74.98212546071646,distal,NX16_1_P20
101.77500000001456,-74.98214777599645,distal,NX16_1_P20
101.80000000001458,-74.98217006341716,distal,NX16_1_P20
101.82500000001458,-74.98219232301338,distal,NX16_1_P20
101.8500000000146,-74.98221455481983,distal,NX16_1_P20
101.8750000000146,-74.98223675887122,distal,NX16_1_P20
101.9000000000146,-74.98225893520221,distal,NX16_1_P20
101.9250000000146,-74.98228108384738,distal,NX16_1_P20
101.9500000000146,-74.98230320484132,distal,NX16_1_P20
101.97500000001462,-74.98232529821853,distal,NX16_1_P20
102.00000000001462,-74.98234736401349,distal,NX16_1_P20
102.02500000001464,-74.98236940226066,distal,NX16_1_P20
102.05000000001463,-74.9823914129944,distal,NX16_1_P20
102.07500000001464,-74.98241339624907,distal,NX16_1_P20
102.10000000001465,-74.98243535205899,distal,NX16_1_P20
102.12500000001464,-74.98245728045839,distal,NX16_1_P20
102.15000000001466,-74.98247918148152,distal,NX16_1_P20
102.17500000001466,-74.98250105516256,distal,NX16_1_P20
102.20000000001468,-74.98252290153563,distal,NX16_1_P20
102.22500000001467,-74.98254472063482,distal,NX16_1_P20
102.25000000001468,-74.98256651249419,distal,NX16_1_P20
102.27500000001469,-74.98258827714774,distal,NX16_1_P20
102.30000000001468,-74.98261001462944,distal,NX16_1_P20
102.3250000000147,-74.9826317249732,distal,NX16_1_P20
102.3500000000147,-74.98265340821293,distal,NX16_1_P20
102.37500000001472,-74.98267506438243,distal,NX16_1_P20
102.40000000001471,-74.98269669351552,distal,NX16_1_P20
102.42500000001472,-74.98271829564595,distal,NX16_1_P20
102.45000000001473,-74.98273987080744,distal,NX16_1_P20
102.47500000001472,-74.98276141903362,distal,NX16_1_P20
102.50000000001474,-74.98278294035816,distal,NX16_1_P20
102.52500000001474,-74.98280443481464,distal,NX16_1_P20
102.55000000001476,-74.98282590243657,distal,NX16_1_P20
102.57500000001475,-74.98284734325749,distal,NX16_1_P20
102.60000000001476,-74.98286875731084,distal,NX16_1_P20
102.62500000001477,-74.98289014463005,distal,NX16_1_P20
102.65000000001476,-74.98291150524847,distal,NX16_1_P20
102.67500000001478,-74.98293283919946,distal,NX16_1_P20
102.70000000001478,-74.9829541465163,distal,NX16_1_P20
102.7250000000148,-74.98297542723225,distal,NX16_1_P20
102.7500000000148,-74.98299668138051,distal,NX16_1_P20
102.7750000000148,-74.98301790899426,distal,NX16_1_P20
102.8000000000148,-74.9830391101066,distal,NX16_1_P20
102.8250000000148,-74.98306028475066,distal,NX16_1_P20
102.85000000001482,-74.98308143295945,distal,NX16_1_P20
102.87500000001482,-74.98310255476598,distal,NX16_1_P20
102.90000000001484,-74.98312365020321,distal,NX16_1_P20
102.92500000001483,-74.98314471930406,distal,NX16_1_P20
102.95000000001484,-74.98316576210144,distal,NX16_1_P20
102.97500000001484,-74.98318677862814,distal,NX16_1_P20
103.00000000001484,-74.98320776891698,distal,NX16_1_P20
103.02500000001486,-74.98322873300071,distal,NX16_1_P20
103.05000000001486,-74.98324967091206,distal,NX16_1_P20
103.07500000001488,-74.9832705826837,distal,NX16_1_P20
103.10000000001487,-74.98329146834826,distal,NX16_1_P20
103.12500000001488,-74.98331232793832,distal,NX16_1_P20
103.15000000001488,-74.98333316148646,distal,NX16_1_P20
103.17500000001488,-74.98335396902516,distal,NX16_1_P20
103.2000000000149,-74.98337475058692,distal,NX16_1_P20
103.2250000000149,-74.98339550620415,distal,NX16_1_P20
103.25000000001492,-74.98341623590926,distal,NX16_1_P20
103.27500000001493,-74.98343693973457,distal,NX16_1_P20
103.30000000001492,-74.98345761771242,distal,NX16_1_P20
103.32500000001492,-74.98347826987506,distal,NX16_1_P20
103.35000000001492,-74.98349889625474,distal,NX16_1_P20
103.37500000001494,-74.98351949688363,distal,NX16_1_P20
103.40000000001494,-74.98354007179388,distal,NX16_1_P20
103.42500000001496,-74.9835606210176,distal,NX16_1_P20
103.45000000001497,-74.98358114458685,distal,NX16_1_P20
103.47500000001496,-74.98360164253367,distal,NX16_1_P20
103.50000000001496,-74.98362211489005,distal,NX16_1_P20
103.52500000001496,-74.98364256168793,distal,NX16_1_P20
103.55000000001498,-74.98366298295923,distal,NX16_1_P20
103.57500000001498,-74.98368337873579,distal,NX16_1_P20
103.600000000015,-74.98370374904948,distal,NX16_1_P20
103.625000000015,-74.98372409393205,distal,NX16_1_P20
103.650000000015,-74.98374441341528,distal,NX16_1_P20
103.675000000015,-74.98376470753085,distal,NX16_1_P20
103.700000000015,-74.98378497631046,distal,NX16_1_P20
103.72500000001502,-74.98380521978571,distal,NX16_1_P20
103.75000000001502,-74.98382543798822,distal,NX16_1_P20
103.77500000001504,-74.98384563094953,distal,NX16_1_P20
103.80000000001505,-74.98386579870115,distal,NX16_1_P20
103.82500000001504,-74.98388594127454,distal,NX16_1_P20
103.85000000001504,-74.98390605870115,distal,NX16_1_P20
103.87500000001504,-74.98392615101238,distal,NX16_1_P20
103.90000000001504,-74.98394621823958,distal,NX16_1_P20
103.92500000001506,-74.98396626041405,distal,NX16_1_P20
103.95000000001508,-74.98398627756708,distal,NX16_1_P20
103.97500000001509,-74.98400626972992,distal,NX16_1_P20
104.00000000001508,-74.98402623693374,distal,NX16_1_P20
104.02500000001508,-74.98404617920971,distal,NX16_1_P20
104.05000000001507,-74.98406609658898,distal,NX16_1_P20
104.0750000000151,-74.98408598910258,distal,NX16_1_P20
104.1000000000151,-74.9841058567816,distal,NX16_1_P20
104.1250000000151,-74.98412569965703,distal,NX16_1_P20
104.15000000001513,-74.98414551775981,distal,NX16_1_P20
104.17500000001512,-74.9841653111209,distal,NX16_1_P20
104.20000000001512,-74.98418507977118,distal,NX16_1_P20
104.22500000001511,-74.98420482374149,distal,NX16_1_P20
104.25000000001512,-74.98422454306267,distal,NX16_1_P20
104.27500000001514,-74.98424423776545,distal,NX16_1_P20
104.30000000001516,-74.98426390788059,distal,NX16_1_P20
104.32500000001517,-74.98428355343879,distal,NX16_1_P20
104.35000000001516,-74.9843031744707,distal,NX16_1_P20
104.37500000001516,-74.98432277100693,distal,NX16_1_P20
104.40000000001515,-74.98434234307807,distal,NX16_1_P20
104.42500000001516,-74.98436189071467,distal,NX16_1_P20
104.45000000001518,-74.98438141394723,distal,NX16_1_P20
104.4750000000152,-74.98440091280622,distal,NX16_1_P20
104.5000000000152,-74.98442038732206,distal,NX16_1_P20
104.5250000000152,-74.98443983752514,distal,NX16_1_P20
104.5500000000152,-74.98445926344583,distal,NX16_1_P20
104.5750000000152,-74.98447866511442,distal,NX16_1_P20
104.6000000000152,-74.98449804256121,distal,NX16_1_P20
104.62500000001522,-74.98451739581644,distal,NX16_1_P20
104.65000000001524,-74.9845367249103,distal,NX16_1_P20
104.67500000001525,-74.98455602987295,distal,NX16_1_P20
104.70000000001524,-74.98457531073453,distal,NX16_1_P20
104.72500000001524,-74.98459456752511,distal,NX16_1_P20
104.75000000001523,-74.98461380027476,distal,NX16_1_P20
104.77500000001524,-74.98463300901349,distal,NX16_1_P20
104.80000000001526,-74.98465219377127,distal,NX16_1_P20
104.82500000001528,-74.98467135457804,distal,NX16_1_P20
104.85000000001529,-74.98469049146371,distal,NX16_1_P20
104.87500000001528,-74.98470960445813,distal,NX16_1_P20
104.90000000001528,-74.98472869359114,distal,NX16_1_P20
104.92500000001527,-74.98474775889251,distal,NX16_1_P20
104.9500000000153,-74.98476680039201,distal,NX16_1_P20
104.9750000000153,-74.98478581811936,distal,NX16_1_P20
105.0000000000153,-74.98480481210423,distal,NX16_1_P20
105.02500000001532,-74.98482378237625,distal,NX16_1_P20
105.05000000001532,-74.98484272896503,distal,NX16_1_P20
105.07500000001532,-74.98486165190016,distal,NX16_1_P20
105.10000000001531,-74.98488055121113,distal,NX16_1_P20
105.12500000001532,-74.98489942692747,distal,NX16_1_P20
105.15000000001534,-74.98491827907861,distal,NX16_1_P20
105.17500000001534,-74.984937107694,distal,NX16_1_P20
105.20000000001536,-74.98495591280299,distal,NX16_1_P20
105.22500000001536,-74.98497469443494,distal,NX16_1_P20
105.25000000001536,-74.98499345261916,distal,NX16_1_P20
105.27500000001535,-74.98501218738492,distal,NX16_1_P20
105.30000000001536,-74.98503089876147,distal,NX16_1_P20
105.32500000001538,-74.98504958677799,distal,NX16_1_P20
105.35000000001538,-74.98506825146366,distal,NX16_1_P20
105.3750000000154,-74.98508689284759,distal,NX16_1_P20
105.4000000000154,-74.98510551095889,distal,NX16_1_P20
105.4250000000154,-74.9851241058266,distal,NX16_1_P20
105.4500000000154,-74.98514267747974,distal,NX16_1_P20
105.4750000000154,-74.98516122594731,distal,NX16_1_P20
105.50000000001542,-74.98517975125823,distal,NX16_1_P20
105.52500000001542,-74.98519825344142,distal,NX16_1_P20
105.55000000001544,-74.98521673252576,distal,NX16_1_P20
105.57500000001544,-74.98523518854007,distal,NX16_1_P20
105.60000000001544,-74.98525362151318,distal,NX16_1_P20
105.62500000001543,-74.98527203147384,distal,NX16_1_P20
105.65000000001544,-74.98529041845077,distal,NX16_1_P20
105.67500000001546,-74.98530878247267,distal,NX16_1_P20
105.70000000001546,-74.98532712356821,distal,NX16_1_P20
105.72500000001548,-74.985345441766,distal,NX16_1_P20
105.75000000001548,-74.98536373709463,distal,NX16_1_P20
105.77500000001548,-74.98538200958265,distal,NX16_1_P20
105.80000000001549,-74.98540025925857,distal,NX16_1_P20
105.82500000001548,-74.98541848615088,distal,NX16_1_P20
105.8500000000155,-74.98543669028801,distal,NX16_1_P20
105.8750000000155,-74.98545487169838,distal,NX16_1_P20
105.90000000001552,-74.98547303041036,distal,NX16_1_P20
105.92500000001552,-74.98549116645229,distal,NX16_1_P20
105.95000000001552,-74.98550927985247,distal,NX16_1_P20
105.97500000001553,-74.98552737063918,distal,NX16_1_P20
106.00000000001552,-74.98554543884062,distal,NX16_1_P20
106.02500000001554,-74.985563484485,distal,NX16_1_P20
106.05000000001554,-74.9855815076005,distal,NX16_1_P20
106.07500000001556,-74.98559950821523,distal,NX16_1_P20
106.10000000001556,-74.98561748635728,distal,NX16_1_P20
106.12500000001556,-74.9856354420547,distal,NX16_1_P20
106.15000000001557,-74.98565337533553,distal,NX16_1_P20
106.17500000001556,-74.98567128622774,distal,NX16_1_P20
106.20000000001558,-74.98568917475929,distal,NX16_1_P20
106.22500000001558,-74.98570704095809,distal,NX16_1_P20
106.2500000000156,-74.98572488485202,distal,NX16_1_P20
106.2750000000156,-74.98574270646893,distal,NX16_1_P20
106.3000000000156,-74.98576050583662,distal,NX16_1_P20
106.3250000000156,-74.98577828298289,distal,NX16_1_P20
106.3500000000156,-74.98579603793547,distal,NX16_1_P20
106.37500000001562,-74.98581377072207,distal,NX16_1_P20
106.40000000001562,-74.98583148137035,distal,NX16_1_P20
106.42500000001564,-74.98584916990797,distal,NX16_1_P20
106.45000000001563,-74.9858668363625,distal,NX16_1_P20
106.47500000001564,-74.98588448076154,distal,NX16_1_P20
106.50000000001565,-74.98590210313263,distal,NX16_1_P20
106.52500000001564,-74.98591970350324,distal,NX16_1_P20
106.55000000001566,-74.98593728190086,distal,NX16_1_P20
106.57500000001566,-74.98595483835292,distal,NX16_1_P20
106.60000000001568,-74.9859723728868,distal,NX16_1_P20
106.62500000001567,-74.98598988552989,distal,NX16_1_P20
106.65000000001568,-74.9860073763095,distal,NX16_1_P20
106.67500000001569,-74.98602484525293,distal,NX16_1_P20
106.70000000001568,-74.98604229238744,distal,NX16_1_P20
106.7250000000157,-74.98605971774026,distal,NX16_1_P20
106.7500000000157,-74.98607712133858,distal,NX16_1_P20
106.77500000001572,-74.98609450320957,distal,NX16_1_P20
106.80000000001571,-74.98611186338034,distal,NX16_1_P20
106.82500000001572,-74.986129201878,distal,NX16_1_P20
106.85000000001573,-74.98614651872958,distal,NX16_1_P20
106.87500000001572,-74.98616381396212,distal,NX16_1_P20
106.90000000001574,-74.98618108760262,distal,NX16_1_P20
106.92500000001574,-74.98619833967801,distal,NX16_1_P20
106.95000000001576,-74.98621557021524,distal,NX16_1_P20
106.97500000001575,-74.98623277924119,distal,NX16_1_P20
107.00000000001576,-74.98624996678271,distal,NX16_1_P20
107.02500000001577,-74.98626713286662,distal,NX16_1_P20
107.05000000001576,-74.98628427751972,distal,NX16_1_P20
107.07500000001578,-74.98630140076875,distal,NX16_1_P20
107.10000000001578,-74.98631850264044,distal,NX16_1_P20
107.1250000000158,-74.98633558316149,distal,NX16_1_P20
107.1500000000158,-74.98635264235854,distal,NX16_1_P20
107.1750000000158,-74.98636968025822,distal,NX16_1_P20
107.2000000000158,-74.98638669688711,distal,NX16_1_P20
107.2250000000158,-74.98640369227176,distal,NX16_1_P20
107.25000000001582,-74.98642066643872,distal,NX16_1_P20
107.27500000001582,-74.98643761941445,distal,NX16_1_P20
107.30000000001584,-74.9864545512254,distal,NX16_1_P20
107.32500000001583,-74.98647146189803,distal,NX16_1_P20
107.35000000001584,-74.9864883514587,distal,NX16_1_P20
107.37500000001585,-74.98650521993379,distal,NX16_1_P20
107.40000000001584,-74.9865220673496,distal,NX16_1_P20
107.42500000001586,-74.98653889373243,distal,NX16_1_P20
107.45000000001586,-74.98655569910854,distal,NX16_1_P20
107.47500000001588,-74.98657248350415,distal,NX16_1_P20
107.50000000001587,-74.98658924694547,distal,NX16_1_P20
107.52500000001588,-74.98660598945864,distal,NX16_1_P20
107.55000000001588,-74.9866227110698,distal,NX16_1_P20
107.57500000001588,-74.98663941180504,distal,NX16_1_P20
107.6000000000159,-74.98665609169043,distal,NX16_1_P20
107.6250000000159,-74.98667275075199,distal,NX16_1_P20
107.65000000001592,-74.98668938901572,distal,NX16_1_P20
107.67500000001591,-74.98670600650759,distal,NX16_1_P20
107.70000000001592,-74.98672260325351,distal,NX16_1_P20
107.72500000001592,-74.98673917927941,distal,NX16_1_P20
107.75000000001592,-74.98675573461115,distal,NX16_1_P20
107.77500000001594,-74.98677226927455,distal,NX16_1_P20
107.80000000001594,-74.98678878329542,distal,NX16_1_P20
107.82500000001596,-74.98680527669956,distal,NX16_1_P20
107.85000000001595,-74.98682174951266,distal,NX16_1_P20
107.87500000001596,-74.98683820176045,distal,NX16_1_P20
107.90000000001596,-74.98685463346861,distal,NX16_1_P20
107.92500000001596,-74.98687104466278,distal,NX16_1_P20
107.95000000001598,-74.98688743536857,distal,NX16_1_P20
107.97500000001598,-74.98690380561155,distal,NX16_1_P20
108.000000000016,-74.98692015541728,distal,NX16_1_P20
108.025000000016,-74.98693648481127,distal,NX16_1_P20
108.050000000016,-74.98695279381899,distal,NX16_1_P20
108.075000000016,-74.9869690824659,distal,NX16_1_P20
108.100000000016,-74.98698535077743,distal,NX16_1_P20
108.12500000001602,-74.98700159877896,distal,NX16_1_P20
108.15000000001602,-74.98701782649583,distal,NX16_1_P20
108.17500000001604,-74.98703403395339,distal,NX16_1_P20
108.20000000001605,-74.98705022117691,distal,NX16_1_P20
108.22500000001604,-74.98706638819168,distal,NX16_1_P20
108.25000000001604,-74.98708253502289,distal,NX16_1_P20
108.27500000001604,-74.98709866169577,distal,NX16_1_P20
108.30000000001606,-74.98711476823547,distal,NX16_1_P20
108.32500000001606,-74.98713085466714,distal,NX16_1_P20
108.35000000001608,-74.98714692101586,distal,NX16_1_P20
108.37500000001609,-74.98716296730673,distal,NX16_1_P20
108.40000000001608,-74.98717899356477,distal,NX16_1_P20
108.42500000001608,-74.987194999815,distal,NX16_1_P20
108.45000000001608,-74.9872109860824,distal,NX16_1_P20
108.4750000000161,-74.98722695239191,distal,NX16_1_P20
108.5000000000161,-74.98724289876844,distal,NX16_1_P20
108.5250000000161,-74.98725882523689,distal,NX16_1_P20
108.55000000001613,-74.98727473182211,distal,NX16_1_P20
108.57500000001612,-74.98729061854893,distal,NX16_1_P20
108.60000000001612,-74.98730648544212,distal,NX16_1_P20
108.62500000001612,-74.98732233252646,distal,NX16_1_P20
108.65000000001614,-74.98733815982668,distal,NX16_1_P20
108.67500000001614,-74.98735396736747,distal,NX16_1_P20
108.70000000001616,-74.9873697551735,distal,NX16_1_P20
108.72500000001617,-74.98738552326941,distal,NX16_1_P20
108.75000000001616,-74.98740127167981,distal,NX16_1_P20
108.77500000001616,-74.98741700042928,distal,NX16_1_P20
108.80000000001615,-74.98743270954235,distal,NX16_1_P20
108.82500000001616,-74.98744839904354,distal,NX16_1_P20
108.85000000001618,-74.98746406895735,distal,NX16_1_P20
108.8750000000162,-74.98747971930821,distal,NX16_1_P20
108.9000000000162,-74.98749535012055,distal,NX16_1_P20
108.9250000000162,-74.98751096141878,distal,NX16_1_P20
108.9500000000162,-74.98752655322724,distal,NX16_1_P20
108.9750000000162,-74.98754212557027,distal,NX16_1_P20
109.0000000000162,-74.98755767847219,distal,NX16_1_P20
109.02500000001622,-74.98757321195724,distal,NX16_1_P20
109.05000000001624,-74.98758872604968,distal,NX16_1_P20
109.07500000001625,-74.9876042207737,distal,NX16_1_P20
109.10000000001624,-74.98761969615352,distal,NX16_1_P20
109.12500000001624,-74.98763515221324,distal,NX16_1_P20
109.15000000001623,-74.98765058897702,distal,NX16_1_P20
109.17500000001624,-74.98766600646893,distal,NX16_1_P20
109.20000000001626,-74.98768140471303,distal,NX16_1_P20
109.22500000001628,-74.98769678373337,distal,NX16_1_P20
109.25000000001629,-74.98771214355392,distal,NX16_1_P20
109.27500000001628,-74.98772748419867,distal,NX16_1_P20
109.30000000001628,-74.98774280569155,distal,NX16_1_P20
109.32500000001627,-74.98775810805648,distal,NX16_1_P20
109.3500000000163,-74.98777339131733,distal,NX16_1_P20
109.3750000000163,-74.98778865549795,distal,NX16_1_P20
109.4000000000163,-74.98780390062218,distal,NX16_1_P20
109.42500000001633,-74.98781912671379,distal,NX16_1_P20
109.45000000001632,-74.98783433379654,distal,NX16_1_P20
109.47500000001632,-74.98784952189418,distal,NX16_1_P20
109.50000000001631,-74.98786469103038,distal,NX16_1_P20
109.52500000001632,-74.98787984122885,distal,NX16_1_P20
109.55000000001634,-74.9878949725132,distal,NX16_1_P20
109.57500000001636,-74.98791008490707,distal,NX16_1_P20
109.60000000001637,-74.98792517843403,distal,NX16_1_P20
109.62500000001636,-74.98794025311763,distal,NX16_1_P20
109.65000000001636,-74.9879553089814,distal,NX16_1_P20
109.67500000001635,-74.98797034604884,distal,NX16_1_P20
109.70000000001636,-74.9879853643434,distal,NX16_1_P20
109.72500000001638,-74.98800036388855,distal,NX16_1_P20
109.7500000000164,-74.98801534470766,distal,NX16_1_P20
109.7750000000164,-74.98803030682413,distal,NX16_1_P20
109.8000000000164,-74.98804525026131,distal,NX16_1_P20
109.8250000000164,-74.9880601750425,distal,NX16_1_P20
109.8500000000164,-74.98807508119101,distal,NX16_1_P20
109.8750000000164,-74.9880899687301,distal,NX16_1_P20
109.90000000001642,-74.98810483768298,distal,NX16_1_P20
109.92500000001642,-74.9881196880729,distal,NX16_1_P20
109.95000000001644,-74.988134519923,distal,NX16_1_P20
109.97500000001644,-74.98814933325642,distal,NX16_1_P20
110.00000000001644,-74.9881641280963,distal,NX16_1_P20
110.02500000001643,-74.98817890446571,distal,NX16_1_P20
110.05000000001644,-74.98819366238773,distal,NX16_1_P20
110.07500000001646,-74.98820840188537,distal,NX16_1_P20
110.10000000001646,-74.98822312298164,distal,NX16_1_P20
110.12500000001648,-74.98823782569951,distal,NX16_1_P20
110.15000000001648,-74.98825251006194,distal,NX16_1_P20
110.17500000001648,-74.98826717609182,distal,NX16_1_P20
110.20000000001647,-74.98828182381206,distal,NX16_1_P20
110.2250000000165,-74.9882964532455,distal,NX16_1_P20
110.2500000000165,-74.98831106441499,distal,NX16_1_P20
110.2750000000165,-74.98832565734331,distal,NX16_1_P20
110.30000000001652,-74.98834023205323,distal,NX16_1_P20
110.32500000001652,-74.98835478856753,distal,NX16_1_P20
110.35000000001652,-74.9883693269089,distal,NX16_1_P20
110.37500000001651,-74.98838384710001,distal,NX16_1_P20
110.40000000001652,-74.98839834916356,distal,NX16_1_P20
110.42500000001654,-74.98841283312215,distal,NX16_1_P20
110.45000000001654,-74.9884272989984,distal,NX16_1_P20
110.47500000001656,-74.98844174681489,distal,NX16_1_P20
110.50000000001656,-74.98845617659414,distal,NX16_1_P20
110.52500000001656,-74.9884705883587,distal,NX16_1_P20
110.55000000001657,-74.98848498213103,distal,NX16_1_P20
110.57500000001656,-74.9884993579336,distal,NX16_1_P20
110.60000000001658,-74.98851371578887,distal,NX16_1_P20
110.62500000001658,-74.98852805571921,distal,NX16_1_P20
110.6500000000166,-74.98854237774704,distal,NX16_1_P20
110.6750000000166,-74.98855668189466,distal,NX16_1_P20
110.7000000000166,-74.98857096818443,distal,NX16_1_P20
110.7250000000166,-74.98858523663863,distal,NX16_1_P20
110.7500000000166,-74.98859948727953,distal,NX16_1_P20
110.77500000001662,-74.98861372012936,distal,NX16_1_P20
110.80000000001662,-74.98862793521035,distal,NX16_1_P20
110.82500000001664,-74.98864213254467,distal,NX16_1_P20
110.85000000001664,-74.98865631215448,distal,NX16_1_P20
110.87500000001664,-74.98867047406189,distal,NX16_1_P20
110.90000000001665,-74.98868461828903,distal,NX16_1_P20
110.92500000001664,-74.98869874485796,distal,NX16_1_P20
110.95000000001666,-74.98871285379072,distal,NX16_1_P20
110.97500000001666,-74.98872694510933,distal,NX16_1_P20
111.00000000001668,-74.98874101883578,distal,NX16_1_P20
111.02500000001668,-74.98875507499204,distal,NX16_1_P20
111.05000000001668,-74.98876911360004,distal,NX16_1_P20
111.07500000001669,-74.9887831346817,distal,NX16_1_P20
111.10000000001668,-74.98879713825887,distal,NX16_1_P20
111.1250000000167,-74.98881112435343,distal,NX16_1_P20
111.1500000000167,-74.9888250929872,distal,NX16_1_P20
111.17500000001672,-74.98883904418197,distal,NX16_1_P20
111.20000000001671,-74.98885297795952,distal,NX16_1_P20
111.22500000001672,-74.9888668943416,distal,NX16_1_P20
111.25000000001673,-74.9888807933499,distal,NX16_1_P20
111.27500000001672,-74.98889467500615,distal,NX16_1_P20
111.30000000001674,-74.98890853933199,distal,NX16_1_P20
111.32500000001674,-74.98892238634905,distal,NX16_1_P20
111.35000000001676,-74.98893621607894,distal,NX16_1_P20
111.37500000001675,-74.98895002854326,distal,NX16_1_P20
111.40000000001676,-74.98896382376356,distal,NX16_1_P20
111.42500000001677,-74.98897760176135,distal,NX16_1_P20
111.45000000001676,-74.98899136255815,distal,NX16_1_P20
111.47500000001678,-74.98900510617544,distal,NX16_1_P20
111.50000000001678,-74.98901883263464,distal,NX16_1_P20
111.5250000000168,-74.98903254195719,distal,NX16_1_P20
111.5500000000168,-74.98904623416449,distal,NX16_1_P20
111.5750000000168,-74.98905990927788,distal,NX16_1_P20
111.6000000000168,-74.98907356731874,distal,NX16_1_P20
111.6250000000168,-74.98908720830835,distal,NX16_1_P20
111.65000000001682,-74.98910083226802,distal,NX16_1_P20
111.67500000001682,-74.989114439219,distal,NX16_1_P20
111.70000000001684,-74.98912802918251,distal,NX16_1_P20
111.72500000001683,-74.98914160217979,distal,NX16_1_P20
111.75000000001684,-74.989155158232,distal,NX16_1_P20
111.77500000001685,-74.9891686973603,distal,NX16_1_P20
111.80000000001684,-74.98918221958581,distal,NX16_1_P20
111.82500000001686,-74.98919572492964,distal,NX16_1_P20
111.85000000001686,-74.98920921341288,distal,NX16_1_P20
111.87500000001688,-74.98922268505656,distal,NX16_1_P20
111.90000000001687,-74.98923613988171,distal,NX16_1_P20
111.92500000001688,-74.98924957790932,distal,NX16_1_P20
111.95000000001689,-74.98926299916037,distal,NX16_1_P20
111.97500000001688,-74.98927640365581,distal,NX16_1_P20
112.0000000000169,-74.98928979141654,distal,NX16_1_P20
112.0250000000169,-74.98930316246346,distal,NX16_1_P20
112.05000000001692,-74.98931651681744,distal,NX16_1_P20
112.07500000001691,-74.98932985449932,distal,NX16_1_P20
112.10000000001692,-74.98934317552991,distal,NX16_1_P20
112.12500000001693,-74.98935647993,distal,NX16_1_P20
112.15000000001692,-74.98936976772035,distal,NX16_1_P20
112.17500000001694,-74.98938303892169,distal,NX16_1_P20
112.20000000001694,-74.98939629355475,distal,NX16_1_P20
112.22500000001696,-74.9894095316402,distal,NX16_1_P20
112.25000000001695,-74.98942275319871,distal,NX16_1_P20
112.27500000001696,-74.9894359582509,distal,NX16_1_P20
112.30000000001696,-74.98944914681736,distal,NX16_1_P20
112.32500000001696,-74.98946231891873,distal,NX16_1_P20
112.35000000001698,-74.9894754745755,distal,NX16_1_P20
112.37500000001698,-74.98948861380823,distal,NX16_1_P20
112.400000000017,-74.98950173663744,distal,NX16_1_P20
112.425000000017,-74.98951484308358,distal,NX16_1_P20
112.450000000017,-74.98952793316712,distal,NX16_1_P20
112.475000000017,-74.98954100690848,distal,NX16_1_P20
112.500000000017,-74.98955406432808,distal,NX16_1_P20
112.52500000001702,-74.98956710544627,distal,NX16_1_P20
112.55000000001702,-74.98958013028341,distal,NX16_1_P20
112.57500000001704,-74.98959313885985,distal,NX16_1_P20
112.60000000001703,-74.98960613119584,distal,NX16_1_P20
112.62500000001704,-74.98961910731171,distal,NX16_1_P20
112.65000000001704,-74.98963206722767,distal,NX16_1_P20
112.67500000001704,-74.98964501096397,distal,NX16_1_P20
112.70000000001706,-74.98965793854079,distal,NX16_1_P20
112.72500000001706,-74.98967084997831,distal,NX16_1_P20
112.75000000001708,-74.98968374529669,distal,NX16_1_P20
112.77500000001707,-74.98969662451604,distal,NX16_1_P20
112.80000000001708,-74.98970948765647,distal,NX16_1_P20
112.82500000001708,-74.98972233473805,distal,NX16_1_P20
112.85000000001708,-74.98973516578081,distal,NX16_1_P20
112.8750000000171,-74.98974798080481,distal,NX16_1_P20
112.9000000000171,-74.98976077983002,distal,NX16_1_P20
112.9250000000171,-74.98977356287642,distal,NX16_1_P20
112.95000000001713,-74.98978632996396,distal,NX16_1_P20
112.97500000001712,-74.98979908111258,distal,NX16_1_P20
113.00000000001712,-74.98981181634214,distal,NX16_1_P20
113.02500000001712,-74.98982453567255,distal,NX16_1_P20
113.05000000001714,-74.98983723912364,distal,NX16_1_P20
113.07500000001714,-74.98984992671525,distal,NX16_1_P20
113.10000000001716,-74.98986259846717,distal,NX16_1_P20
113.12500000001717,-74.98987525439917,distal,NX16_1_P20
113.15000000001716,-74.98988789453101,distal,NX16_1_P20
113.17500000001716,-74.98990051888241,distal,NX16_1_P20
113.20000000001716,-74.98991312747306,distal,NX16_1_P20
113.22500000001718,-74.98992572032266,distal,NX16_1_P20
113.25000000001718,-74.98993829745085,distal,NX16_1_P20
113.2750000000172,-74.98995085887725,distal,NX16_1_P20
113.3000000000172,-74.98996340462148,distal,NX16_1_P20
113.3250000000172,-74.9899759347031,distal,NX16_1_P20
113.3500000000172,-74.98998844914166,distal,NX16_1_P20
113.3750000000172,-74.99000094795672,distal,NX16_1_P20
113.40000000001722,-74.99001343116775,distal,NX16_1_P20
113.42500000001722,-74.99002589879426,distal,NX16_1_P20
113.45000000001724,-74.99003835085568,distal,NX16_1_P20
113.47500000001725,-74.99005078737147,distal,NX16_1_P20
113.50000000001724,-74.99006320836102,distal,NX16_1_P20
113.52500000001724,-74.99007561384371,distal,NX16_1_P20
113.55000000001723,-74.99008800383892,distal,NX16_1_P20
113.57500000001724,-74.99010037836597,distal,NX16_1_P20
113.60000000001726,-74.99011273744416,distal,NX16_1_P20
113.62500000001728,-74.9901250810928,distal,NX16_1_P20
113.65000000001729,-74.99013740933114,distal,NX16_1_P20
113.67500000001728,-74.99014972217842,distal,NX16_1_P20
113.70000000001728,-74.99016201965385,distal,NX16_1_P20
113.72500000001727,-74.99017430177663,distal,NX16_1_P20
113.7500000000173,-74.99018656856592,distal,NX16_1_P20
113.7750000000173,-74.99019882004087,distal,NX16_1_P20
113.8000000000173,-74.9902110562206,distal,NX16_1_P20
113.82500000001733,-74.9902232771242,distal,NX16_1_P20
113.85000000001732,-74.99023548277073,distal,NX16_1_P20
113.87500000001732,-74.99024767317925,distal,NX16_1_P20
113.90000000001731,-74.9902598483688,distal,NX16_1_P20
113.92500000001732,-74.99027200835835,distal,NX16_1_P20
113.95000000001734,-74.9902841531669,distal,NX16_1_P20
113.97500000001736,-74.99029628281338,distal,NX16_1_P20
114.00000000001737,-74.99030839731672,distal,NX16_1_P20
114.02500000001736,-74.99032049669586,distal,NX16_1_P20
114.05000000001736,-74.99033258096965,distal,NX16_1_P20
114.07500000001735,-74.99034465015696,distal,NX16_1_P20
114.10000000001736,-74.9903567042766,distal,NX16_1_P20
114.12500000001738,-74.99036874334742,distal,NX16_1_P20
114.1500000000174,-74.99038076738817,distal,NX16_1_P20
114.1750000000174,-74.99039277641765,distal,NX16_1_P20
114.2000000000174,-74.99040477045459,distal,NX16_1_P20
114.2250000000174,-74.99041674951769,distal,NX16_1_P20
114.2500000000174,-74.99042871362566,distal,NX16_1_P20
114.2750000000174,-74.99044066279717,distal,NX16_1_P20
114.30000000001742,-74.99045259705085,distal,NX16_1_P20
114.32500000001744,-74.99046451640535,distal,NX16_1_P20
114.35000000001745,-74.99047642087925,distal,NX16_1_P20
114.37500000001744,-74.99048831049113,distal,NX16_1_P20
114.40000000001744,-74.99050018525956,distal,NX16_1_P20
114.42500000001743,-74.99051204520306,distal,NX16_1_P20
114.45000000001744,-74.99052389034013,distal,NX16_1_P20
114.47500000001746,-74.99053572068927,distal,NX16_1_P20
114.50000000001748,-74.99054753626893,distal,NX16_1_P20
114.52500000001749,-74.99055933709757,distal,NX16_1_P20
114.55000000001748,-74.99057112319358,distal,NX16_1_P20
114.57500000001748,-74.99058289457535,distal,NX16_1_P20
114.60000000001747,-74.99059465126128,distal,NX16_1_P20
114.6250000000175,-74.99060639326969,distal,NX16_1_P20
114.6500000000175,-74.99061812061892,distal,NX16_1_P20
114.6750000000175,-74.99062983332726,distal,NX16_1_P20
114.70000000001752,-74.99064153141299,distal,NX16_1_P20
114.72500000001752,-74.99065321489438,distal,NX16_1_P20
114.75000000001752,-74.99066488378963,distal,NX16_1_P20
114.77500000001751,-74.99067653811699,distal,NX16_1_P20
114.80000000001752,-74.99068817789463,distal,NX16_1_P20
114.82500000001754,-74.9906998031407,distal,NX16_1_P20
114.85000000001754,-74.99071141387336,distal,NX16_1_P20
114.87500000001756,-74.99072301011071,distal,NX16_1_P20
114.90000000001756,-74.99073459187088,distal,NX16_1_P20
114.92500000001756,-74.9907461591719,distal,NX16_1_P20
114.95000000001755,-74.99075771203186,distal,NX16_1_P20
114.97500000001756,-74.99076925046877,distal,NX16_1_P20
115.00000000001758,-74.99078077450065,distal,NX16_1_P20
115.02500000001758,-74.99079228414547,distal,NX16_1_P20
115.0500000000176,-74.99080377942119,distal,NX16_1_P20
115.0750000000176,-74.99081526034576,distal,NX16_1_P20
115.1000000000176,-74.99082672693709,distal,NX16_1_P20
115.1250000000176,-74.99083817921307,distal,NX16_1_P20
115.1500000000176,-74.99084961719159,distal,NX16_1_P20
115.17500000001762,-74.99086104089048,distal,NX16_1_P20
115.20000000001762,-74.99087245032757,distal,NX16_1_P20
115.22500000001764,-74.99088384552067,distal,NX16_1_P20
115.25000000001764,-74.99089522648757,distal,NX16_1_P20
115.27500000001764,-74.99090659324601,distal,NX16_1_P20
115.30000000001765,-74.99091794581373,distal,NX16_1_P20
115.32500000001764,-74.99092928420848,distal,NX16_1_P20
115.35000000001766,-74.99094060844793,distal,NX16_1_P20
115.37500000001766,-74.99095191854974,distal,NX16_1_P20
115.40000000001768,-74.99096321453158,distal,NX16_1_P20
115.42500000001768,-74.99097449641106,distal,NX16_1_P20
115.45000000001768,-74.9909857642058,distal,NX16_1_P20
115.47500000001769,-74.99099701793338,distal,NX16_1_P20
115.50000000001768,-74.99100825761137,distal,NX16_1_P20
115.5250000000177,-74.99101948325729,distal,NX16_1_P20
115.5500000000177,-74.99103069488868,distal,NX16_1_P20
115.57500000001772,-74.99104189252303,distal,NX16_1_P20
115.60000000001772,-74.9910530761778,distal,NX16_1_P20
115.62500000001772,-74.99106424587048,distal,NX16_1_P20
115.65000000001773,-74.99107540161845,distal,NX16_1_P20
115.67500000001772,-74.99108654343915,distal,NX16_1_P20
115.70000000001774,-74.99109767134996,distal,NX16_1_P20
115.72500000001774,-74.99110878536825,distal,NX16_1_P20
115.75000000001776,-74.99111988551137,distal,NX16_1_P20
115.77500000001776,-74.99113097179662,distal,NX16_1_P20
115.80000000001776,-74.99114204424131,distal,NX16_1_P20
115.82500000001777,-74.99115310286274,distal,NX16_1_P20
115.85000000001776,-74.99116414767813,distal,NX16_1_P20
115.87500000001778,-74.99117517870476,distal,NX16_1_P20
115.90000000001778,-74.99118619595981,distal,NX16_1_P20
115.9250000000178,-74.99119719946049,distal,NX16_1_P20
115.9500000000178,-74.99120818922395,distal,NX16_1_P20
115.9750000000178,-74.99121916526737,distal,NX16_1_P20
116.0000000000178,-74.99123012760785,distal,NX16_1_P20
116.0250000000178,-74.99124107626253,distal,NX16_1_P20
116.05000000001782,-74.99125201124848,distal,NX16_1_P20
116.07500000001782,-74.99126293258274,distal,NX16_1_P20
116.10000000001784,-74.99127384028239,distal,NX16_1_P20
116.12500000001783,-74.99128473436443,distal,NX16_1_P20
116.15000000001784,-74.99129561484587,distal,NX16_1_P20
116.17500000001785,-74.99130648174369,distal,NX16_1_P20
116.20000000001784,-74.99131733507485,distal,NX16_1_P20
116.22500000001786,-74.99132817485628,distal,NX16_1_P20
116.25000000001786,-74.99133900110489,distal,NX16_1_P20
116.27500000001788,-74.99134981383759,distal,NX16_1_P20
116.30000000001787,-74.99136061307125,distal,NX16_1_P20
116.32500000001788,-74.99137139882272,distal,NX16_1_P20
116.35000000001789,-74.99138217110884,distal,NX16_1_P20
116.37500000001788,-74.9913929299464,distal,NX16_1_P20
116.4000000000179,-74.9914036753522,distal,NX16_1_P20
116.4250000000179,-74.99141440734303,distal,NX16_1_P20
116.45000000001792,-74.9914251259356,distal,NX16_1_P20
116.47500000001791,-74.99143583114667,distal,NX16_1_P20
116.50000000001792,-74.99144652299293,distal,NX16_1_P20
116.52500000001793,-74.99145720149107,distal,NX16_1_P20
116.55000000001792,-74.99146786665776,distal,NX16_1_P20
116.57500000001794,-74.99147851850962,distal,NX16_1_P20
116.60000000001794,-74.9914891570633,distal,NX16_1_P20
116.62500000001796,-74.99149978233538,distal,NX16_1_P20
116.65000000001795,-74.99151039434246,distal,NX16_1_P20
116.67500000001796,-74.99152099310108,distal,NX16_1_P20
116.70000000001797,-74.99153157862779,distal,NX16_1_P20
116.72500000001796,-74.99154215093911,distal,NX16_1_P20
116.75000000001798,-74.99155271005155,distal,NX16_1_P20
116.77500000001798,-74.99156325598157,distal,NX16_1_P20
116.800000000018,-74.99157378874564,distal,NX16_1_P20
116.825000000018,-74.99158430836019,distal,NX16_1_P20
116.850000000018,-74.99159481484163,distal,NX16_1_P20
116.875000000018,-74.99160530820637,distal,NX16_1_P20
116.900000000018,-74.99161578847078,distal,NX16_1_P20
116.92500000001802,-74.99162625565121,distal,NX16_1_P20
116.95000000001802,-74.99163670976401,distal,NX16_1_P20
116.97500000001804,-74.99164715082547,distal,NX16_1_P20
117.00000000001803,-74.9916575788519,distal,NX16_1_P20
117.02500000001804,-74.99166799385958,distal,NX16_1_P20
117.05000000001804,-74.99167839586475,distal,NX16_1_P20
117.07500000001804,-74.99168878488365,distal,NX16_1_P20
117.10000000001806,-74.99169916093248,distal,NX16_1_P20
117.12500000001806,-74.99170952402746,distal,NX16_1_P20
117.15000000001808,-74.99171987418472,distal,NX16_1_P20
117.17500000001807,-74.99173021142045,distal,NX16_1_P20
117.20000000001808,-74.99174053575075,distal,NX16_1_P20
117.22500000001808,-74.99175084719177,distal,NX16_1_P20
117.25000000001808,-74.99176114575957,distal,NX16_1_P20
117.2750000000181,-74.99177143147023,distal,NX16_1_P20
117.3000000000181,-74.9917817043398,distal,NX16_1_P20
117.32500000001812,-74.99179196438432,distal,NX16_1_P20
117.35000000001811,-74.9918022116198,distal,NX16_1_P20
117.37500000001812,-74.99181244606223,distal,NX16_1_P20
117.40000000001812,-74.99182266772756,distal,NX16_1_P20
117.42500000001812,-74.99183287663178,distal,NX16_1_P20
117.45000000001814,-74.99184307279079,distal,NX16_1_P20
117.47500000001814,-74.99185325622051,distal,NX16_1_P20
117.50000000001816,-74.99186342693683,distal,NX16_1_P20
117.52500000001815,-74.99187358495564,distal,NX16_1_P20
117.55000000001816,-74.99188373029277,distal,NX16_1_P20
117.57500000001816,-74.99189386296406,distal,NX16_1_P20
117.60000000001816,-74.99190398298533,distal,NX16_1_P20
117.62500000001818,-74.99191409037238,distal,NX16_1_P20
117.65000000001818,-74.99192418514095,distal,NX16_1_P20
117.6750000000182,-74.99193426730682,distal,NX16_1_P20
117.7000000000182,-74.99194433688571,distal,NX16_1_P20
117.7250000000182,-74.99195439389334,distal,NX16_1_P20
117.7500000000182,-74.9919644383454,distal,NX16_1_P20
117.7750000000182,-74.99197447025759,distal,NX16_1_P20
117.80000000001822,-74.99198448964553,distal,NX16_1_P20
117.82500000001822,-74.99199449652488,distal,NX16_1_P20
117.85000000001824,-74.99200449091124,distal,NX16_1_P20
117.87500000001825,-74.99201447282022,distal,NX16_1_P20
117.90000000001824,-74.99202444226738,distal,NX16_1_P20
117.92500000001824,-74.99203439926829,distal,NX16_1_P20
117.95000000001824,-74.99204434383849,distal,NX16_1_P20
117.97500000001826,-74.9920542759935,distal,NX16_1_P20
118.00000000001826,-74.99206419574881,distal,NX16_1_P20
118.02500000001828,-74.99207410311992,distal,NX16_1_P20
118.05000000001829,-74.99208399812225,distal,NX16_1_P20
118.07500000001828,-74.9920938807713,distal,NX16_1_P20
118.10000000001828,-74.99210375108244,distal,NX16_1_P20
118.12500000001828,-74.9921136090711,distal,NX16_1_P20
118.1500000000183,-74.99212345475266,distal,NX16_1_P20
118.1750000000183,-74.99213328814248,distal,NX16_1_P20
118.2000000000183,-74.99214310925592,distal,NX16_1_P20
118.22500000001833,-74.99215291810829,distal,NX16_1_P20
118.25000000001832,-74.9921627147149,distal,NX16_1_P20
118.27500000001832,-74.99217249909103,distal,NX16_1_P20
118.30000000001831,-74.99218227125196,distal,NX16_1_P20
118.32500000001832,-74.99219203121295,distal,NX16_1_P20
118.35000000001834,-74.99220177898921,distal,NX16_1_P20
118.37500000001836,-74.99221151459597,distal,NX16_1_P20
118.40000000001837,-74.9922212380484,distal,NX16_1_P20
118.42500000001836,-74.9922309493617,distal,NX16_1_P20
118.45000000001836,-74.992240648551,distal,NX16_1_P20
118.47500000001835,-74.99225033563147,distal,NX16_1_P20
118.50000000001836,-74.9922600106182,distal,NX16_1_P20
118.52500000001838,-74.9922696735263,distal,NX16_1_P20
118.5500000000184,-74.99227932437083,distal,NX16_1_P20
118.5750000000184,-74.99228896316687,distal,NX16_1_P20
118.6000000000184,-74.99229858992946,distal,NX16_1_P20
118.6250000000184,-74.99230820467362,distal,NX16_1_P20
118.6500000000184,-74.99231780741435,distal,NX16_1_P20
118.6750000000184,-74.99232739816664,distal,NX16_1_P20
118.70000000001842,-74.99233697694545,distal,NX16_1_P20
118.72500000001844,-74.99234654376575,distal,NX16_1_P20
118.75000000001845,-74.99235609864245,distal,NX16_1_P20
118.77500000001844,-74.99236564159045,distal,NX16_1_P20
118.80000000001844,-74.99237517262468,distal,NX16_1_P20
118.82500000001843,-74.99238469175998,distal,NX16_1_P20
118.85000000001844,-74.99239419901122,distal,NX16_1_P20
118.87500000001846,-74.99240369439322,distal,NX16_1_P20
118.90000000001848,-74.99241317792082,distal,NX16_1_P20
118.92500000001849,-74.99242264960881,distal,NX16_1_P20
118.95000000001848,-74.99243210947198,distal,NX16_1_P20
118.97500000001848,-74.99244155752507,distal,NX16_1_P20
119.00000000001847,-74.99245099378284,distal,NX16_1_P20
119.0250000000185,-74.99246041826001,distal,NX16_1_P20
119.0500000000185,-74.99246983097129,distal,NX16_1_P20
119.0750000000185,-74.99247923193137,distal,NX16_1_P20
119.10000000001853,-74.99248862115492,distal,NX16_1_P20
119.12500000001852,-74.9924979986566,distal,NX16_1_P20
119.15000000001852,-74.99250736445104,distal,NX16_1_P20
119.17500000001851,-74.99251671855285,distal,NX16_1_P20
119.20000000001852,-74.99252606097663,distal,NX16_1_P20
119.22500000001854,-74.99253539173696,distal,NX16_1_P20
119.25000000001856,-74.9925447108484,distal,NX16_1_P20
119.27500000001857,-74.99255401832549,distal,NX16_1_P20
119.30000000001856,-74.99256331418276,distal,NX16_1_P20
119.32500000001856,-74.99257259843472,distal,NX16_1_P20
119.35000000001855,-74.99258187109585,distal,NX16_1_P20
119.37500000001856,-74.99259113218064,distal,NX16_1_P20
119.40000000001858,-74.99260038170351,distal,NX16_1_P20
119.42500000001858,-74.99260961967892,distal,NX16_1_P20
119.4500000000186,-74.99261884612126,distal,NX16_1_P20
119.4750000000186,-74.99262806104495,distal,NX16_1_P20
119.5000000000186,-74.99263726446438,distal,NX16_1_P20
119.5250000000186,-74.99264645639389,distal,NX16_1_P20
119.5500000000186,-74.99265563684783,distal,NX16_1_P20
119.57500000001862,-74.99266480584053,distal,NX16_1_P20
119.60000000001862,-74.9926739633863,distal,NX16_1_P20
119.62500000001864,-74.99268310949942,distal,NX16_1_P20
119.65000000001864,-74.99269224419417,distal,NX16_1_P20
119.67500000001864,-74.99270136748483,distal,NX16_1_P20
119.70000000001863,-74.9927104793856,distal,NX16_1_P20
119.72500000001864,-74.9927195799107,distal,NX16_1_P20
119.75000000001866,-74.99272866907435,distal,NX16_1_P20
119.77500000001866,-74.99273774689074,distal,NX16_1_P20
119.80000000001868,-74.99274681337403,distal,NX16_1_P20
119.82500000001868,-74.99275586853835,distal,NX16_1_P20
119.85000000001868,-74.99276491239786,distal,NX16_1_P20
119.87500000001867,-74.99277394496666,distal,NX16_1_P20
119.9000000000187,-74.99278296625883,distal,NX16_1_P20
119.9250000000187,-74.99279197628847,distal,NX16_1_P20
119.9500000000187,-74.99280097506964,distal,NX16_1_P20
119.97500000001872,-74.99280996261638,distal,NX16_1_P20
120.00000000001872,-74.99281893894269,distal,NX16_1_P20
