time_ms,soma_mV
0.0,-75.0
0.025,-75.0
0.05,-75.0
0.075,-75.0
0.09999999999999999,-75.0
0.12499999999999999,-75.0
0.15,-75.0
0.17500000000000002,-75.0
0.20000000000000004,-75.0
0.22500000000000006,-75.0
0.25000000000000006,-75.0
0.2750000000000001,-75.0
0.3000000000000001,-75.0
0.3250000000000001,-75.0
0.35000000000000014,-75.0
0.37500000000000017,-75.0
0.4000000000000002,-75.0
0.4250000000000002,-75.0
0.45000000000000023,-75.0
0.47500000000000026,-75.0
0.5000000000000002,-75.0
0.5250000000000001,-75.0
0.55,-75.0
0.575,-75.0
0.5999999999999999,-75.0
0.6249999999999998,-75.0
0.6499999999999997,-75.0
0.6749999999999996,-75.0
0.6999999999999995,-75.0
0.7249999999999994,-75.0
0.7499999999999993,-75.0
0.7749999999999992,-75.0
0.7999999999999992,-75.0
0.8249999999999991,-75.0
0.849999999999999,-75.0
0.8749999999999989,-75.0
0.8999999999999988,-75.0
0.9249999999999987,-75.0
0.9499999999999986,-75.0
0.9749999999999985,-75.0
0.9999999999999984,-75.0
1.0249999999999984,-75.0
1.0499999999999983,-75.0
1.0749999999999982,-75.0
1.099999999999998,-75.0
1.124999999999998,-75.0
1.149999999999998,-75.0
1.1749999999999978,-75.0
1.1999999999999977,-75.0
1.2249999999999976,-75.0
1.2499999999999976,-75.0
1.2749999999999975,-75.0
1.2999999999999974,-75.0
1.3249999999999973,-75.0
1.3499999999999972,-75.0
1.3749999999999971,-75.0
1.399999999999997,-75.0
1.424999999999997,-75.0
1.4499999999999968,-75.0
1.4749999999999968,-75.0
1.4999999999999967,-75.0
1.5249999999999966,-75.0
1.5499999999999965,-75.0
1.5749999999999964,-75.0
1.5999999999999963,-75.0
1.6249999999999962,-75.0
1.6499999999999961,-75.0
1.674999999999996,-75.0
1.699999999999996,-75.0
1.7249999999999959,-75.0
1.7499999999999958,-75.0
1.7749999999999957,-75.0
1.7999999999999956,-75.0
1.8249999999999955,-75.0
1.8499999999999954,-75.0
1.8749999999999953,-75.0
1.8999999999999952,-75.0
1.9249999999999952,-75.0
1.949999999999995,-75.0
1.974999999999995,-75.0
1.999999999999995,-75.0
2.024999999999995,-75.0
2.0499999999999954,-75.0
2.0749999999999957,-75.0
2.099999999999996,-75.0
2.1249999999999964,-75.0
2.149999999999997,-75.0
2.174999999999997,-75.0
2.1999999999999975,-75.0
2.224999999999998,-75.0
2.2499999999999982,-75.0
2.2749999999999986,-75.0
2.299999999999999,-75.0
2.3249999999999993,-75.0
2.3499999999999996,-75.0
2.375,-75.0
2.4000000000000004,-75.0
2.4250000000000007,-75.0
2.450000000000001,-75.0
2.4750000000000014,-75.0
2.5000000000000018,-75.0
2.525000000000002,-75.0
2.5500000000000025,-75.0
2.575000000000003,-75.0
2.600000000000003,-75.0
2.6250000000000036,-75.0
2.650000000000004,-75.0
2.6750000000000043,-75.0
2.7000000000000046,-75.0
2.725000000000005,-75.0
2.7500000000000053,-75.0
2.7750000000000057,-75.0
2.800000000000006,-75.0
2.8250000000000064,-75.0
2.8500000000000068,-75.0
2.875000000000007,-75.0
2.9000000000000075,-75.0
2.925000000000008,-75.0
2.950000000000008,-75.0
2.9750000000000085,-75.0
3.000000000000009,-75.0
3.0250000000000092,-75.0
3.0500000000000096,-75.0
3.07500000000001,-75.0
3.1000000000000103,-75.0
3.1250000000000107,-75.0
3.150000000000011,-75.0
3.1750000000000114,-75.0
3.2000000000000117,-75.0
3.225000000000012,-75.0
3.2500000000000124,-75.0
3.275000000000013,-75.0
3.300000000000013,-75.0
3.3250000000000135,-75.0
3.350000000000014,-75.0
3.375000000000014,-75.0
3.4000000000000146,-75.0
3.425000000000015,-75.0
3.4500000000000153,-75.0
3.4750000000000156,-75.0
3.500000000000016,-75.0
3.5250000000000163,-75.0
3.5500000000000167,-75.0
3.575000000000017,-75.0
3.6000000000000174,-75.0
3.6250000000000178,-75.0
3.650000000000018,-75.0
3.6750000000000185,-75.0
3.700000000000019,-75.0
3.725000000000019,-75.0
3.7500000000000195,-75.0
3.77500000000002,-75.0
3.8000000000000203,-75.0
3.8250000000000206,-75.0
3.850000000000021,-75.0
3.8750000000000213,-75.0
3.9000000000000217,-75.0
3.925000000000022,-75.0
3.9500000000000224,-75.0
3.9750000000000227,-75.0
4.000000000000023,-75.0
4.0250000000000234,-75.0
4.050000000000024,-75.0
4.075000000000024,-75.0
4.1000000000000245,-75.0
4.125000000000025,-75.0
4.150000000000025,-75.0
4.175000000000026,-75.0
4.200000000000026,-75.0
4.225000000000026,-75.0
4.250000000000027,-75.0
4.275000000000027,-75.0
4.300000000000027,-75.0
4.325000000000028,-75.0
4.350000000000028,-75.0
4.375000000000028,-75.0
4.400000000000029,-75.0
4.425000000000029,-75.0
4.4500000000000295,-75.0
4.47500000000003,-75.0
4.50000000000003,-75.0
4.5250000000000306,-75.0
4.550000000000031,-75.0
4.575000000000031,-75.0
4.600000000000032,-75.0
4.625000000000032,-75.0
4.650000000000032,-75.0
4.675000000000033,-75.0
4.700000000000033,-75.0
4.725000000000033,-75.0
4.750000000000034,-75.0
4.775000000000034,-75.0
4.8000000000000345,-75.0
4.825000000000035,-75.0
4.850000000000035,-75.0
4.8750000000000355,-75.0
4.900000000000036,-75.0
4.925000000000036,-75.0
4.950000000000037,-75.0
4.975000000000037,-75.0
5.000000000000037,-75.0
5.025000000000038,-75.0
5.050000000000038,-75.0
5.075000000000038,-75.0
5.100000000000039,-75.0
5.125000000000039,-75.0
5.150000000000039,-75.0
5.17500000000004,-75.0
5.20000000000004,-75.0
5.2250000000000405,-75.0
5.250000000000041,-75.0
5.275000000000041,-75.0
5.300000000000042,-75.0
5.325000000000042,-75.0
5.350000000000042,-75.0
5.375000000000043,-75.0
5.400000000000043,-75.0
5.425000000000043,-75.0
5.450000000000044,-75.0
5.475000000000044,-75.0
5.500000000000044,-75.0
5.525000000000045,-75.0
5.550000000000045,-75.0
5.5750000000000455,-75.0
5.600000000000046,-75.0
5.625000000000046,-75.0
5.6500000000000465,-75.0
5.675000000000047,-75.0
5.700000000000047,-75.0
5.725000000000048,-75.0
5.750000000000048,-75.0
5.775000000000048,-75.0
5.800000000000049,-75.0
5.825000000000049,-75.0
5.850000000000049,-75.0
5.87500000000005,-75.0
5.90000000000005,-75.0
5.9250000000000504,-75.0
5.950000000000051,-75.0
5.975000000000051,-75.0
6.0000000000000515,-75.0
6.025000000000052,-75.0
6.050000000000052,-75.0
6.075000000000053,-75.0
6.100000000000053,-75.0
6.125000000000053,-75.0
6.150000000000054,-75.0
6.175000000000054,-75.0
6.200000000000054,-75.0
6.225000000000055,-75.0
6.250000000000055,-75.0
6.275000000000055,-75.0
6.300000000000056,-75.0
6.325000000000056,-75.0
6.3500000000000565,-75.0
6.375000000000057,-75.0
6.400000000000057,-75.0
6.4250000000000576,-75.0
6.450000000000058,-75.0
6.475000000000058,-75.0
6.500000000000059,-75.0
6.525000000000059,-75.0
6.550000000000059,-75.0
6.57500000000006,-75.0
6.60000000000006,-75.0
6.62500000000006,-75.0
6.650000000000061,-75.0
6.675000000000061,-75.0
6.7000000000000615,-75.0
6.725000000000062,-75.0
6.750000000000062,-75.0
6.7750000000000625,-75.0
6.800000000000063,-75.0
6.825000000000063,-75.0
6.850000000000064,-75.0
6.875000000000064,-75.0
6.900000000000064,-75.0
6.925000000000065,-75.0
6.950000000000065,-75.0
6.975000000000065,-75.0
7.000000000000066,-75.0
7.025000000000066,-75.0
7.050000000000066,-75.0
7.075000000000067,-75.0
7.100000000000067,-75.0
7.1250000000000675,-75.0
7.150000000000068,-75.0
7.175000000000068,-75.0
7.200000000000069,-75.0
7.225000000000069,-75.0
7.250000000000069,-75.0
7.27500000000007,-75.0
7.30000000000007,-75.0
7.32500000000007,-75.0
7.350000000000071,-75.0
7.375000000000071,-75.0
7.400000000000071,-75.0
7.425000000000072,-75.0
7.450000000000072,-75.0
7.4750000000000725,-75.0
7.500000000000073,-75.0
7.525000000000073,-75.0
7.5500000000000735,-75.0
7.575000000000074,-75.0
7.600000000000074,-75.0
7.625000000000075,-75.0
7.650000000000075,-75.0
7.675000000000075,-75.0
7.700000000000076,-75.0
7.725000000000076,-75.0
7.750000000000076,-75.0
7.775000000000077,-75.0
7.800000000000077,-75.0
7.8250000000000774,-75.0
7.850000000000078,-75.0
7.875000000000078,-75.0
7.9000000000000785,-75.0
7.925000000000079,-75.0
7.950000000000079,-75.0
7.97500000000008,-75.0
8.00000000000008,-75.0
8.025000000000079,-75.0
8.050000000000077,-75.0
8.075000000000076,-75.0
8.100000000000074,-75.0
8.125000000000073,-75.0
8.150000000000071,-75.0
8.17500000000007,-75.0
8.200000000000069,-75.0
8.225000000000067,-75.0
8.250000000000066,-75.0
8.275000000000064,-75.0
8.300000000000063,-75.0
8.325000000000061,-75.0
8.35000000000006,-75.0
8.375000000000059,-75.0
8.400000000000057,-75.0
8.425000000000056,-75.0
8.450000000000054,-75.0
8.475000000000053,-75.0
8.500000000000052,-75.0
8.52500000000005,-75.0
8.550000000000049,-75.0
8.575000000000047,-75.0
8.600000000000046,-75.0
8.625000000000044,-75.0
8.650000000000043,-75.0
8.675000000000042,-75.0
8.70000000000004,-75.0
8.725000000000039,-75.0
8.750000000000037,-75.0
8.775000000000036,-75.0
8.800000000000034,-75.0
8.825000000000033,-75.0
8.850000000000032,-75.0
8.87500000000003,-75.0
8.900000000000029,-75.0
8.925000000000027,-75.0
8.950000000000026,-75.0
8.975000000000025,-75.0
9.000000000000023,-75.0
9.025000000000022,-75.0
9.05000000000002,-75.0
9.075000000000019,-75.0
9.100000000000017,-75.0
9.125000000000016,-75.0
9.150000000000015,-75.0
9.175000000000013,-75.0
9.200000000000012,-75.0
9.22500000000001,-75.0
9.250000000000009,-75.0
9.275000000000007,-75.0
9.300000000000006,-75.0
9.325000000000005,-75.0
9.350000000000003,-75.0
9.375000000000002,-75.0
9.4,-75.0
9.424999999999999,-75.0
9.449999999999998,-75.0
9.474999999999996,-75.0
9.499999999999995,-75.0
9.524999999999993,-75.0
9.549999999999992,-75.0
9.57499999999999,-75.0
9.599999999999989,-75.0
9.624999999999988,-75.0
9.649999999999986,-75.0
9.674999999999985,-75.0
9.699999999999983,-75.0
9.724999999999982,-75.0
9.74999999999998,-75.0
9.774999999999979,-75.0
9.799999999999978,-75.0
9.824999999999976,-75.0
9.849999999999975,-75.0
9.874999999999973,-75.0
9.899999999999972,-75.0
9.92499999999997,-75.0
9.949999999999969,-75.0
9.974999999999968,-75.0
9.999999999999966,-75.0
10.024999999999965,-75.0
10.049999999999963,-75.0
10.074999999999962,-75.0
10.09999999999996,-75.0
10.12499999999996,-75.0
10.149999999999958,-75.0
10.174999999999956,-75.0
10.199999999999955,-75.0
10.224999999999953,-75.0
10.249999999999952,-75.0
10.27499999999995,-75.0
10.29999999999995,-75.0
10.324999999999948,-75.0
10.349999999999946,-75.0
10.374999999999945,-75.0
10.399999999999944,-75.0
10.424999999999942,-75.0
10.44999999999994,-75.0
10.47499999999994,-75.0
10.499999999999938,-75.0
10.524999999999936,-75.0
10.549999999999935,-75.0
10.574999999999934,-75.0
10.599999999999932,-75.0
10.62499999999993,-75.0
10.64999999999993,-75.0
10.674999999999928,-75.0
10.699999999999926,-75.0
10.724999999999925,-75.0
10.749999999999924,-75.0
10.774999999999922,-75.0
10.79999999999992,-75.0
10.82499999999992,-75.0
10.849999999999918,-75.0
10.874999999999917,-75.0
10.899999999999915,-75.0
10.924999999999914,-75.0
10.949999999999912,-75.0
10.97499999999991,-75.0
10.99999999999991,-75.0
11.024999999999908,-75.0
11.049999999999907,-75.0
11.074999999999905,-75.0
11.099999999999904,-75.0
11.124999999999902,-75.0
11.1499999999999,-75.0
11.1749999999999,-75.0
11.199999999999898,-75.0
11.224999999999897,-75.0
11.249999999999895,-75.0
11.274999999999894,-75.0
11.299999999999892,-75.0
11.324999999999891,-75.0
11.34999999999989,-75.0
11.374999999999888,-75.0
11.399999999999887,-75.0
11.424999999999885,-75.0
11.449999999999884,-75.0
11.474999999999882,-75.0
11.499999999999881,-75.0
11.52499999999988,-75.0
11.549999999999878,-75.0
11.574999999999877,-75.0
11.599999999999875,-75.0
11.624999999999874,-75.0
11.649999999999872,-75.0
11.674999999999871,-75.0
11.69999999999987,-75.0
11.724999999999868,-75.0
11.749999999999867,-75.0
11.774999999999865,-75.0
11.799999999999864,-75.0
11.824999999999863,-75.0
11.849999999999861,-75.0
11.87499999999986,-75.0
11.899999999999858,-75.0
11.924999999999857,-75.0
11.949999999999855,-75.0
11.974999999999854,-75.0
11.999999999999853,-75.0
12.024999999999851,-75.0
12.04999999999985,-75.0
12.074999999999848,-75.0
12.099999999999847,-75.0
12.124999999999845,-75.0
12.149999999999844,-75.0
12.174999999999843,-75.0
12.199999999999841,-75.0
12.22499999999984,-75.0
12.249999999999838,-75.0
12.274999999999837,-75.0
12.299999999999836,-75.0
12.324999999999834,-75.0
12.349999999999833,-75.0
12.374999999999831,-75.0
12.39999999999983,-75.0
12.424999999999828,-75.0
12.449999999999827,-75.0
12.474999999999826,-75.0
12.499999999999824,-75.0
12.524999999999823,-75.0
12.549999999999821,-75.0
12.57499999999982,-75.0
12.599999999999818,-75.0
12.624999999999817,-75.0
12.649999999999816,-75.0
12.674999999999814,-75.0
12.699999999999813,-75.0
12.724999999999811,-75.0
12.74999999999981,-75.0
12.774999999999809,-75.0
12.799999999999807,-75.0
12.824999999999806,-75.0
12.849999999999804,-75.0
12.874999999999803,-75.0
12.899999999999801,-75.0
12.9249999999998,-75.0
12.949999999999799,-75.0
12.974999999999797,-75.0
12.999999999999796,-75.0
13.024999999999794,-75.0
13.049999999999793,-75.0
13.074999999999791,-75.0
13.09999999999979,-75.0
13.124999999999789,-75.0
13.149999999999787,-75.0
13.174999999999786,-75.0
13.199999999999784,-75.0
13.224999999999783,-75.0
13.249999999999782,-75.0
13.27499999999978,-75.0
13.299999999999779,-75.0
13.324999999999777,-75.0
13.349999999999776,-75.0
13.374999999999774,-75.0
13.399999999999773,-75.0
13.424999999999772,-75.0
13.44999999999977,-75.0
13.474999999999769,-75.0
13.499999999999767,-75.0
13.524999999999766,-75.0
13.549999999999764,-75.0
13.574999999999763,-75.0
13.599999999999762,-75.0
13.62499999999976,-75.0
13.649999999999759,-75.0
13.674999999999757,-75.0
13.699999999999756,-75.0
13.724999999999755,-75.0
13.749999999999753,-75.0
13.774999999999752,-75.0
13.79999999999975,-75.0
13.824999999999749,-75.0
13.849999999999747,-75.0
13.874999999999746,-75.0
13.899999999999745,-75.0
13.924999999999743,-75.0
13.949999999999742,-75.0
13.97499999999974,-75.0
13.999999999999739,-75.0
14.024999999999737,-75.0
14.049999999999736,-75.0
14.074999999999735,-75.0
14.099999999999733,-75.0
14.124999999999732,-75.0
14.14999999999973,-75.0
14.174999999999729,-75.0
14.199999999999728,-75.0
14.224999999999726,-75.0
14.249999999999725,-75.0
14.274999999999723,-75.0
14.299999999999722,-75.0
14.32499999999972,-75.0
14.349999999999719,-75.0
14.374999999999718,-75.0
14.399999999999716,-75.0
14.424999999999715,-75.0
14.449999999999713,-75.0
14.474999999999712,-75.0
14.49999999999971,-75.0
14.524999999999709,-75.0
14.549999999999708,-75.0
14.574999999999706,-75.0
14.599999999999705,-75.0
14.624999999999703,-75.0
14.649999999999702,-75.0
14.6749999999997,-75.0
14.699999999999699,-75.0
14.724999999999698,-75.0
14.749999999999696,-75.0
14.774999999999695,-75.0
14.799999999999693,-75.0
14.824999999999692,-75.0
14.84999999999969,-75.0
14.87499999999969,-75.0
14.899999999999688,-75.0
14.924999999999686,-75.0
14.949999999999685,-75.0
14.974999999999683,-75.0
14.999999999999682,-75.0
15.02499999999968,-75.0
15.04999999999968,-75.0
15.074999999999678,-75.0
15.099999999999676,-75.0
15.124999999999675,-75.0
15.149999999999674,-75.0
15.174999999999672,-75.0
15.19999999999967,-75.0
15.22499999999967,-75.0
15.249999999999668,-75.0
15.274999999999666,-75.0
15.299999999999665,-75.0
15.324999999999664,-75.0
15.349999999999662,-75.0
15.37499999999966,-75.0
15.39999999999966,-75.0
15.424999999999658,-75.0
15.449999999999656,-75.0
15.474999999999655,-75.0
15.499999999999654,-75.0
15.524999999999652,-75.0
15.54999999999965,-75.0
15.57499999999965,-75.0
15.599999999999648,-75.0
15.624999999999647,-75.0
15.649999999999645,-75.0
15.674999999999644,-75.0
15.699999999999642,-75.0
15.72499999999964,-75.0
15.74999999999964,-75.0
15.774999999999638,-75.0
15.799999999999637,-75.0
15.824999999999635,-75.0
15.849999999999634,-75.0
15.874999999999632,-75.0
15.89999999999963,-75.0
15.92499999999963,-75.0
15.949999999999628,-75.0
15.974999999999627,-75.0
15.999999999999625,-75.0
16.024999999999626,-75.0
16.049999999999624,-75.0
16.074999999999623,-75.0
16.09999999999962,-75.0
16.12499999999962,-75.0
16.14999999999962,-75.0
16.174999999999617,-75.0
16.199999999999616,-75.0
16.224999999999614,-75.0
16.249999999999613,-75.0
16.27499999999961,-75.0
16.29999999999961,-75.0
16.32499999999961,-75.0
16.349999999999607,-75.0
16.374999999999606,-75.0
16.399999999999604,-75.0
16.424999999999603,-75.0
16.4499999999996,-75.0
16.4749999999996,-75.0
16.4999999999996,-75.0
16.524999999999597,-75.0
16.549999999999596,-75.0
16.574999999999594,-75.0
16.599999999999593,-75.0
16.62499999999959,-75.0
16.64999999999959,-75.0
16.67499999999959,-75.0
16.699999999999587,-75.0
16.724999999999586,-75.0
16.749999999999584,-75.0
16.774999999999583,-75.0
16.79999999999958,-75.0
16.82499999999958,-75.0
16.84999999999958,-75.0
16.874999999999577,-75.0
16.899999999999576,-75.0
16.924999999999574,-75.0
16.949999999999573,-75.0
16.97499999999957,-75.0
16.99999999999957,-75.0
17.02499999999957,-75.0
17.049999999999567,-75.0
17.074999999999566,-75.0
17.099999999999564,-75.0
17.124999999999563,-75.0
17.14999999999956,-75.0
17.17499999999956,-75.0
17.19999999999956,-75.0
17.224999999999557,-75.0
17.249999999999556,-75.0
17.274999999999554,-75.0
17.299999999999553,-75.0
17.32499999999955,-75.0
17.34999999999955,-75.0
17.37499999999955,-75.0
17.399999999999547,-75.0
17.424999999999546,-75.0
17.449999999999545,-75.0
17.474999999999543,-75.0
17.49999999999954,-75.0
17.52499999999954,-75.0
17.54999999999954,-75.0
17.574999999999537,-75.0
17.599999999999536,-75.0
17.624999999999535,-75.0
17.649999999999533,-75.0
17.67499999999953,-75.0
17.69999999999953,-75.0
17.72499999999953,-75.0
17.749999999999527,-75.0
17.774999999999526,-75.0
17.799999999999525,-75.0
17.824999999999523,-75.0
17.849999999999522,-75.0
17.87499999999952,-75.0
17.89999999999952,-75.0
17.924999999999518,-75.0
17.949999999999516,-75.0
17.974999999999515,-75.0
17.999999999999513,-75.0
18.024999999999512,-75.0
18.04999999999951,-75.0
18.07499999999951,-75.0
18.099999999999508,-75.0
18.124999999999506,-75.0
18.149999999999505,-75.0
18.174999999999503,-75.0
18.199999999999502,-75.0
18.2249999999995,-75.0
18.2499999999995,-75.0
18.274999999999498,-75.0
18.299999999999496,-75.0
18.324999999999495,-75.0
18.349999999999493,-75.0
18.374999999999492,-75.0
18.39999999999949,-75.0
18.42499999999949,-75.0
18.449999999999488,-75.0
18.474999999999486,-75.0
18.499999999999485,-75.0
18.524999999999483,-75.0
18.549999999999482,-75.0
18.57499999999948,-75.0
18.59999999999948,-75.0
18.624999999999478,-75.0
18.649999999999476,-75.0
18.674999999999475,-75.0
18.699999999999473,-75.0
18.724999999999472,-75.0
18.74999999999947,-75.0
18.77499999999947,-75.0
18.799999999999468,-75.0
18.824999999999466,-75.0
18.849999999999465,-75.0
18.874999999999464,-75.0
18.899999999999462,-75.0
18.92499999999946,-75.0
18.94999999999946,-75.0
18.974999999999458,-75.0
18.999999999999456,-75.0
19.024999999999455,-75.0
19.049999999999454,-75.0
19.074999999999452,-75.0
19.09999999999945,-75.0
19.12499999999945,-75.0
19.149999999999448,-75.0
19.174999999999446,-75.0
19.199999999999445,-75.0
19.224999999999444,-75.0
19.249999999999442,-75.0
19.27499999999944,-75.0
19.29999999999944,-75.0
19.324999999999438,-75.0
19.349999999999437,-75.0
19.374999999999435,-75.0
19.399999999999434,-75.0
19.424999999999432,-75.0
19.44999999999943,-75.0
19.47499999999943,-75.0
19.499999999999428,-75.0
19.524999999999427,-75.0
19.549999999999425,-75.0
19.574999999999424,-75.0
19.599999999999422,-75.0
19.62499999999942,-75.0
19.64999999999942,-75.0
19.674999999999418,-75.0
19.699999999999417,-75.0
19.724999999999415,-75.0
19.749999999999414,-75.0
19.774999999999412,-75.0
19.79999999999941,-75.0
19.82499999999941,-75.0
19.849999999999408,-75.0
19.874999999999407,-75.0
19.899999999999405,-75.0
19.924999999999404,-75.0
19.949999999999402,-75.0
19.9749999999994,-75.0
19.9999999999994,-75.0
20.024999999999398,-75.0
20.049999999999397,-74.99999274436021
20.074999999999395,-74.9999656763339
20.099999999999394,-74.99990488357045
20.124999999999392,-74.999797482687
20.14999999999939,-74.99963251062842
20.17499999999939,-74.9994010407667
20.199999999999388,-74.99909600127928
20.224999999999387,-74.998711917446
20.249999999999385,-74.99824466134254
20.274999999999384,-74.997691233296
20.299999999999383,-74.99704957779659
20.32499999999938,-74.99631842997552
20.34999999999938,-74.99549718756677
20.37499999999938,-74.99458580373224
20.399999999999377,-74.99358469694008
20.424999999999375,-74.99249467484742
20.449999999999374,-74.99131686975886
20.474999999999373,-74.9900526837178
20.49999999999937,-74.98870374166398
20.52499999999937,-74.98727185138205
20.54999999999937,-74.98575896919647
20.574999999999367,-74.98416717054874
20.599999999999365,-74.98249862473892
20.624999999999364,-74.98075557323062
20.649999999999363,-74.97894031101413
20.67499999999936,-74.97705517060082
20.69999999999936,-74.97510250828637
20.72499999999936,-74.97308469237424
20.749999999999357,-74.97100409309552
20.774999999999356,-74.96886307399873
20.799999999999354,-74.96666398461515
20.824999999999353,-74.96440915423149
20.84999999999935,-74.96210088662525
20.87499999999935,-74.95974145563687
20.89999999999935,-74.95733310146979
20.924999999999347,-74.9548780276237
20.949999999999346,-74.95237839837864
20.974999999999344,-74.94983633675801
20.999999999999343,-74.94725392290806
21.02499999999934,-74.94463319283912
21.04999999999934,-74.94197613748082
21.07499999999934,-74.9392847020096
21.099999999999337,-74.93656078541198
21.124999999999336,-74.93380624025174
21.149999999999334,-74.93102287261291
21.174999999999333,-74.92821244219435
21.19999999999933,-74.92537666253413
21.22499999999933,-74.92251720134534
21.24999999999933,-74.91963568094664
21.274999999999327,-74.91673367877323
21.299999999999326,-74.91381272795567
21.324999999999324,-74.91087431795559
21.349999999999323,-74.90791989524834
21.37499999999932,-74.90495086404468
21.39999999999932,-74.90196858704348
21.42499999999932,-74.89897438620962
21.449999999999317,-74.89596954357094
21.474999999999316,-74.89295530202968
21.499999999999314,-74.88993286618397
21.524999999999313,-74.88690340315569
21.54999999999931,-74.88386804342149
21.57499999999931,-74.88082788164414
21.59999999999931,-74.87778397750175
21.624999999999307,-74.87473735651294
21.649999999999306,-74.87168901085586
21.674999999999304,-74.86863990017986
21.699999999999303,-74.86559095240818
21.7249999999993,-74.86254306453084
21.7499999999993,-74.85949710338647
21.7749999999993,-74.85645390643259
21.799999999999297,-74.85341428250348
21.824999999999296,-74.85037901255517
21.849999999999294,-74.8473488503972
21.874999999999293,-74.84432452341065
21.89999999999929,-74.8413067332523
21.92499999999929,-74.8382961565447
21.94999999999929,-74.83529344555205
21.974999999999287,-74.8322992288417
21.999999999999286,-74.82931411193144
22.024999999999284,-74.82633867792242
22.049999999999283,-74.82337348811785
22.07499999999928,-74.8204190826275
22.09999999999928,-74.8174759809582
22.12499999999928,-74.81454468259038
22.149999999999277,-74.8116256675408
22.174999999999276,-74.80871939691178
22.199999999999275,-74.80582631342693
22.224999999999273,-74.8029468419537
22.24999999999927,-74.80008139001289
22.27499999999927,-74.79723034827546
22.29999999999927,-74.79439409104658
22.324999999999267,-74.79157297673758
22.349999999999266,-74.78876734832559
22.374999999999265,-74.78597753380144
22.399999999999263,-74.78320384660582
22.42499999999926,-74.78044658605415
22.44999999999926,-74.77770603775026
22.47499999999926,-74.77498247398911
22.499999999999257,-74.77227615414891
22.524999999999256,-74.7695873250728
22.549999999999255,-74.76691622144027
22.574999999999253,-74.7642630661287
22.599999999999252,-74.76162807056518
22.62499999999925,-74.75901143506871
22.64999999999925,-74.75641334918336
22.674999999999248,-74.75383399200216
22.699999999999246,-74.7512735324823
22.724999999999245,-74.74873212975174
22.749999999999243,-74.74620993340734
22.774999999999242,-74.74370708380492
22.79999999999924,-74.7412237123413
22.82499999999924,-74.73875994172853
22.849999999999238,-74.73631588626075
22.874999999999236,-74.7338916520734
22.899999999999235,-74.73148733739545
22.924999999999233,-74.72910303279464
22.949999999999232,-74.72673882141578
22.97499999999923,-74.72439477921259
22.99999999999923,-74.72207097517297
23.024999999999228,-74.71976747153803
23.049999999999226,-74.71748432401508
23.074999999999225,-74.71522158198451
23.099999999999223,-74.71297928870105
23.124999999999222,-74.71075748148937
23.14999999999922,-74.70855619193406
23.17499999999922,-74.70637544606451
23.199999999999218,-74.70421526453441
23.224999999999216,-74.70207566279632
23.249999999999215,-74.69995665127131
23.274999999999213,-74.6978582355138
23.299999999999212,-74.6957804163718
23.32499999999921,-74.69372319014266
23.34999999999921,-74.69168654872435
23.374999999999208,-74.68967047976253
23.399999999999206,-74.68767496679351
23.424999999999205,-74.68569998938312
23.449999999999203,-74.68374552326165
23.474999999999202,-74.68181154045503
23.4999999999992,-74.67989800941227
23.5249999999992,-74.67800489512929
23.549999999999198,-74.6761321592693
23.574999999999196,-74.6742797602797
23.599999999999195,-74.67244765350571
23.624999999999194,-74.67063579130077
23.649999999999192,-74.66884412313382
23.67499999999919,-74.66707259569358
23.69999999999919,-74.66532115298975
23.724999999999188,-74.66358973645144
23.749999999999186,-74.6618782850228
23.774999999999185,-74.66018673525589
23.799999999999184,-74.65851502140093
23.824999999999182,-74.65686307549397
23.84999999999918,-74.65523082744213
23.87499999999918,-74.65361820510623
23.899999999999178,-74.65202513438133
23.924999999999176,-74.6504515392748
23.949999999999175,-74.6488973419821
23.974999999999174,-74.64736246296063
23.999999999999172,-74.64584682100121
24.02499999999917,-74.6443503332977
24.04999999999917,-74.64287291551453
24.074999999999168,-74.64141448185234
24.099999999999167,-74.63997494511172
24.124999999999165,-74.63855421675508
24.149999999999164,-74.63715220696683
24.174999999999162,-74.63576882471175
24.19999999999916,-74.63440397779168
24.22499999999916,-74.63305757290067
24.249999999999158,-74.63172951567839
24.274999999999157,-74.6304197107621
24.299999999999155,-74.62912806183708
24.324999999999154,-74.62785447168561
24.349999999999152,-74.62659884223451
24.37499999999915,-74.62536107460129
24.39999999999915,-74.62414106913897
24.424999999999148,-74.62293872547961
24.449999999999147,-74.62175394257655
24.474999999999145,-74.62058661874534
24.499999999999144,-74.61943665170361
24.524999999999142,-74.61830393860964
24.54999999999914,-74.61718837609989
24.57499999999914,-74.61608986032533
24.599999999999138,-74.61500828698672
24.624999999999137,-74.61394355136893
24.649999999999135,-74.6128955483741
24.674999999999134,-74.6118641725539
24.699999999999132,-74.61084931814077
24.72499999999913,-74.60985087907831
24.74999999999913,-74.60886874905066
24.774999999999128,-74.60790282151098
24.799999999999127,-74.6069529897092
24.824999999999125,-74.6060191467188
24.849999999999124,-74.60510118546279
24.874999999999122,-74.60419899873895
24.89999999999912,-74.60331247924428
24.92499999999912,-74.60244151959859
24.949999999999118,-74.60158601236752
24.974999999999117,-74.60074585008478
24.999999999999115,-74.59992092527364
25.024999999999114,-74.59911113046778
25.049999999999113,-74.59831635823153
25.07499999999911,-74.59753650117945
25.09999999999911,-74.59677145199518
25.12499999999911,-74.59602110344989
25.149999999999107,-74.59528534841989
25.174999999999105,-74.59456407990396
25.199999999999104,-74.59385719103979
25.224999999999103,-74.59316457512016
25.2499999999991,-74.59248612560846
25.2749999999991,-74.59182173615369
25.2999999999991,-74.59117130060498
25.324999999999097,-74.59053471302566
25.349999999999095,-74.58991186770679
25.374999999999094,-74.58930265918025
25.399999999999093,-74.58870698223141
25.42499999999909,-74.58812473191136
25.44999999999909,-74.58755580354865
25.47499999999909,-74.5870000927607
25.499999999999087,-74.58645749546476
25.524999999999086,-74.58592790788845
25.549999999999084,-74.58541122658002
25.574999999999083,-74.58490734841814
25.59999999999908,-74.58441617062134
25.62499999999908,-74.58393759075715
25.64999999999908,-74.58347150675088
25.674999999999077,-74.58301781689403
25.699999999999076,-74.58257641985239
25.724999999999074,-74.58214721467387
25.749999999999073,-74.58173010079595
25.77499999999907,-74.58132497805292
25.79999999999907,-74.58093174668272
25.82499999999907,-74.5805503073336
25.849999999999067,-74.58018056107043
25.874999999999066,-74.5798224093808
25.899999999999064,-74.57947575418082
25.924999999999063,-74.57914049782066
25.94999999999906,-74.57881654308993
25.97499999999906,-74.57850379322264
25.99999999999906,-74.57820215190215
26.024999999999057,-74.57791152326571
26.049999999999056,-74.57763181190892
26.074999999999054,-74.5773629228898
26.099999999999053,-74.57710476173287
26.12499999999905,-74.57685723443286
26.14999999999905,-74.5766202474583
26.17499999999905,-74.57639370775482
26.199999999999047,-74.57617752274847
26.224999999999046,-74.5759716003486
26.249999999999044,-74.5757758489508
26.274999999999043,-74.57559017743945
26.29999999999904,-74.57541449519032
26.32499999999904,-74.57524871207279
26.34999999999904,-74.57509273845211
26.374999999999037,-74.57494648519139
26.399999999999036,-74.57480986365344
26.424999999999034,-74.57468278570252
26.449999999999033,-74.57456516370596
26.47499999999903,-74.57445691053549
26.49999999999903,-74.57435793956871
26.52499999999903,-74.57426816469018
26.549999999999027,-74.57418750029247
26.574999999999026,-74.57411586127714
26.599999999999024,-74.57405316305555
26.624999999999023,-74.57399932154955
26.64999999999902,-74.57395425319208
26.67499999999902,-74.57391787492767
26.69999999999902,-74.57389010421282
26.724999999999017,-74.57387085901622
26.749999999999016,-74.57386005781902
26.774999999999014,-74.57385761961484
26.799999999999013,-74.57386346390982
26.82499999999901,-74.57387751072244
26.84999999999901,-74.57389968058342
26.87499999999901,-74.57392989453541
26.899999999999007,-74.57396807413258
26.924999999999006,-74.5740141414403
26.949999999999005,-74.57406801903453
26.974999999999003,-74.57412963000127
26.999999999999,-74.57419889793587
27.024999999999,-74.57427574694238
27.049999999999,-74.57436010163266
27.074999999998997,-74.57445188712555
27.099999999998996,-74.57455102904595
27.124999999998995,-74.57465745352381
27.149999999998993,-74.5747710871931
27.17499999999899,-74.57489185719069
27.19999999999899,-74.57501969115519
27.22499999999899,-74.57515451722573
27.249999999998987,-74.57529626404066
27.274999999998986,-74.57544486073628
27.299999999998985,-74.57560023694546
27.324999999998983,-74.57576232279617
27.349999999998982,-74.57593104891008
27.37499999999898,-74.57610634640102
27.39999999999898,-74.57628814687345
27.424999999998978,-74.57647638242084
27.449999999998976,-74.57667098562405
27.474999999998975,-74.57687188954971
27.499999999998973,-74.57707902774843
27.524999999998972,-74.57729233425314
27.54999999999897,-74.57751174357729
27.57499999999897,-74.577737190713
27.599999999998968,-74.5779686111293
27.624999999998966,-74.57820594077018
27.649999999998965,-74.57844911605278
27.674999999998963,-74.57869807386543
27.699999999998962,-74.57895275156565
27.72499999999896,-74.57921308697826
27.74999999999896,-74.5794790183933
27.774999999998958,-74.57975048456409
27.799999999998956,-74.58002742470511
27.824999999998955,-74.58030977848998
27.849999999998953,-74.58059748604933
27.874999999998952,-74.58089048796874
27.89999999999895,-74.58118872528661
27.92499999999895,-74.58149213949197
27.949999999998948,-74.58180067252236
27.974999999998946,-74.58211426676168
27.999999999998945,-74.58243286503793
28.024999999998943,-74.58275641062104
28.049999999998942,-74.58308484722072
28.07499999999894,-74.58341811898408
28.09999999999894,-74.58375617049354
28.124999999998938,-74.58409894676448
28.149999999998936,-74.58444639324303
28.174999999998935,-74.58479845580375
28.199999999998933,-74.5851550807474
28.224999999998932,-74.5855162147986
28.24999999999893,-74.58588180510357
28.27499999999893,-74.5862517992278
28.299999999998928,-74.58662614515374
28.324999999998926,-74.58700479127852
28.349999999998925,-74.58738768641155
28.374999999998924,-74.58777477977225
28.399999999998922,-74.58816602098773
28.42499999999892,-74.58856136009041
28.44999999999892,-74.58896074751567
28.474999999998918,-74.58936413409958
28.499999999998916,-74.58977147107647
28.524999999998915,-74.59018271007666
28.549999999998914,-74.59059780312403
28.574999999998912,-74.59101670263375
28.59999999999891,-74.59143936140987
28.62499999999891,-74.59186573264303
28.649999999998908,-74.59229576990802
28.674999999998906,-74.59272942716153
28.699999999998905,-74.59316665873976
28.724999999998904,-74.59360741935603
28.749999999998902,-74.59405166409852
28.7749999999989,-74.59449934842786
28.7999999999989,-74.59495042817481
28.824999999998898,-74.59540485953795
28.849999999998897,-74.59586259908131
28.874999999998895,-74.59632360373203
28.899999999998894,-74.59678783077808
28.924999999998892,-74.59725523786591
28.94999999999889,-74.59772578299811
28.97499999999889,-74.59819942453113
28.999999999998888,-74.59867612117296
29.024999999998887,-74.59915583198081
29.049999999998885,-74.59963851635882
29.074999999998884,-74.6001241340558
29.099999999998882,-74.60061264516288
29.12499999999888,-74.60110401011126
29.14999999999888,-74.60159818966993
29.174999999998878,-74.60209514494343
29.199999999998877,-74.60259483736955
29.224999999998875,-74.60309722871706
29.249999999998874,-74.6036022810835
29.274999999998872,-74.60410995689293
29.29999999999887,-74.60462021889367
29.32499999999887,-74.60513303015613
29.349999999998868,-74.60564835407051
29.374999999998867,-74.60616615434463
29.399999999998865,-74.60668639500177
29.424999999998864,-74.6072090403784
29.449999999998862,-74.607734055122
29.47499999999886,-74.60826140418895
29.49999999999886,-74.60879105284229
29.524999999998858,-74.60932296664959
29.549999999998857,-74.60985711148079
29.574999999998855,-74.61039345350605
29.599999999998854,-74.61093195919362
29.624999999998852,-74.61147259530772
29.64999999999885,-74.61201532890642
29.67499999999885,-74.61256012733952
29.699999999998848,-74.61310695824648
29.724999999998847,-74.61365578955429
29.749999999998845,-74.61420658947542
29.774999999998844,-74.61475932650576
29.799999999998843,-74.61531396942253
29.82499999999884,-74.61587048728225
29.84999999999884,-74.6164288494187
29.87499999999884,-74.61698902544084
29.899999999998837,-74.61755098523092
29.924999999998835,-74.6181146989423
29.949999999998834,-74.6186801369976
29.974999999998833,-74.61924727008656
29.99999999999883,-74.61981606916423
30.02499999999883,-74.62038650544886
30.04999999999883,-74.62095855042001
30.074999999998827,-74.62153217581658
30.099999999998825,-74.62210735363487
30.124999999998824,-74.62268405612669
30.149999999998823,-74.62326225579734
30.17499999999882,-74.62384192540385
30.19999999999882,-74.62442303795295
30.22499999999882,-74.62500556669924
30.249999999998817,-74.62558948514335
30.274999999998816,-74.62617476702998
30.299999999998814,-74.62676138634615
30.324999999998813,-74.62734931731924
30.34999999999881,-74.6279385344153
30.37499999999881,-74.62852901233711
30.39999999999881,-74.62912072602236
30.424999999998807,-74.62971365064196
30.449999999998806,-74.63030776159815
30.474999999998804,-74.63090303452272
30.499999999998803,-74.63149944527531
30.5249999999988,-74.6320969699416
30.5499999999988,-74.63269558483154
30.5749999999988,-74.63329526647765
30.599999999998797,-74.6338959916333
30.624999999998796,-74.63449773727093
30.649999999998794,-74.63510048058043
30.674999999998793,-74.63570419896737
30.69999999999879,-74.63630887005134
30.72499999999879,-74.63691447166427
30.74999999999879,-74.6375209818488
30.774999999998787,-74.63812837885655
30.799999999998786,-74.63873664114655
30.824999999998784,-74.63934574738357
30.849999999998783,-74.6399556764365
30.87499999999878,-74.64056640737672
30.89999999999878,-74.64117791947656
30.92499999999878,-74.64179019220764
30.949999999998777,-74.64240320523929
30.974999999998776,-74.64301693843701
30.999999999998774,-74.64363137186093
31.024999999998773,-74.6442464857642
31.04999999999877,-74.64486226059147
31.07499999999877,-74.64547867697736
31.09999999999877,-74.64609571574498
31.124999999998767,-74.64671335790433
31.149999999998766,-74.6473315846509
31.174999999998764,-74.6479503773641
31.199999999998763,-74.64856971760582
31.22499999999876,-74.64918958711895
31.24999999999876,-74.64980996782593
31.27499999999876,-74.65043084182727
31.299999999998757,-74.65105219140014
31.324999999998756,-74.65167399899693
31.349999999998754,-74.6522962472438
31.374999999998753,-74.65291891893933
31.39999999999875,-74.65354199705307
31.42499999999875,-74.65416546472416
31.44999999999875,-74.65478930525994
31.474999999998747,-74.65541350213458
31.499999999998746,-74.65603803898776
31.524999999998744,-74.65666289962323
31.549999999998743,-74.65728806800756
31.57499999999874,-74.65791352826872
31.59999999999874,-74.65853926469482
31.62499999999874,-74.65916526173277
31.649999999998737,-74.65979150398695
31.674999999998736,-74.66041797621797
31.699999999998735,-74.6610446633413
31.724999999998733,-74.66167155042609
31.74999999999873,-74.66229862269383
31.77499999999873,-74.66292586551707
31.79999999999873,-74.66355326441825
31.824999999998727,-74.66418080506841
31.849999999998726,-74.66480847328596
31.874999999998725,-74.66543625503542
31.899999999998723,-74.66606413642627
31.92499999999872,-74.66669210371174
31.94999999999872,-74.66732014328751
31.97499999999872,-74.66794824169067
31.999999999998717,-74.66857638559841
32.02499999999872,-74.66920456182694
32.049999999998725,-74.66983275733028
32.07499999999873,-74.67046095919909
32.09999999999874,-74.67108915465955
32.12499999999874,-74.67171733107226
32.14999999999875,-74.67234547593104
32.174999999998754,-74.6729735768618
32.19999999999876,-74.67360162162157
32.224999999998765,-74.67422959809718
32.24999999999877,-74.67485749430433
32.274999999998776,-74.67548529838645
32.29999999999878,-74.67611299861358
32.32499999999879,-74.67674058338137
32.34999999999879,-74.67736804120997
32.3749999999988,-74.67799536074298
32.399999999998805,-74.67862253074641
32.42499999999881,-74.67924954010762
32.449999999998816,-74.67987637783433
32.47499999999882,-74.68050303305354
32.49999999999883,-74.68112949501058
32.52499999999883,-74.68175575306803
32.54999999999884,-74.68238179670476
32.574999999998845,-74.68300761551494
32.59999999999885,-74.68363319920702
32.624999999998856,-74.6842585376028
32.64999999999886,-74.68488362063641
32.67499999999887,-74.6855084383534
32.69999999999887,-74.68613298090969
32.72499999999888,-74.68675723857075
32.749999999998884,-74.68738120171056
32.77499999999889,-74.68800486081071
32.799999999998896,-74.68862820645946
32.8249999999989,-74.68925122935083
32.84999999999891,-74.68987392028372
32.87499999999891,-74.69049627016092
32.89999999999892,-74.6911182699883
32.924999999998924,-74.69173991087385
32.94999999999893,-74.69236118402685
32.974999999998936,-74.69298208075693
32.99999999999894,-74.69360259247328
33.02499999999895,-74.6942227106837
33.04999999999895,-74.6948424269938
33.07499999999896,-74.69546173310613
33.099999999998964,-74.69608062081933
33.12499999999897,-74.69669908202728
33.149999999998975,-74.69731710871834
33.17499999999898,-74.6979346929744
33.19999999999899,-74.69855182697017
33.22499999999899,-74.69916850297237
33.249999999999,-74.6997847133388
33.274999999999004,-74.70040045051769
33.29999999999901,-74.70101570704682
33.324999999999015,-74.70163047555276
33.34999999999902,-74.70224474875009
33.37499999999903,-74.7028585194406
33.39999999999903,-74.70347178051256
33.42499999999904,-74.70408452493996
33.449999999999044,-74.70469674578169
33.47499999999905,-74.70530843618087
33.499999999999055,-74.70591958936406
33.52499999999906,-74.70653019864054
33.549999999999066,-74.70714025740155
33.57499999999907,-74.7077497591196
33.59999999999908,-74.70835869734772
33.62499999999908,-74.70896706571878
33.64999999999909,-74.70957485794473
33.674999999999095,-74.71018206781596
33.6999999999991,-74.71078868920053
33.724999999999106,-74.71139471604354
33.74999999999911,-74.7120001423664
33.77499999999912,-74.7126049622662
33.79999999999912,-74.71320916991495
33.82499999999913,-74.71381275955899
33.849999999999135,-74.71441572551832
33.87499999999914,-74.71501806218586
33.899999999999146,-74.71561976402688
33.92499999999915,-74.71622082557835
33.94999999999916,-74.71682124144822
33.97499999999916,-74.71742100631484
33.99999999999917,-74.71802011492635
34.024999999999174,-74.71861856209999
34.04999999999918,-74.7192163427215
34.074999999999186,-74.71981345174453
34.09999999999919,-74.72040988418998
34.1249999999992,-74.72100563514542
34.1499999999992,-74.72160069976451
34.17499999999921,-74.72219507326632
34.199999999999214,-74.72278875093485
34.22499999999922,-74.72338172811834
34.249999999999226,-74.72397400022875
34.27499999999923,-74.72456556274113
34.29999999999924,-74.72515641119311
34.32499999999924,-74.72574654118426
34.34999999999925,-74.72633594837559
34.374999999999254,-74.72692462848894
34.39999999999926,-74.72751257730647
34.424999999999265,-74.72809979067003
34.44999999999927,-74.7286862644807
34.47499999999928,-74.72927199469821
34.49999999999928,-74.7298569773404
34.52499999999929,-74.73044120848272
34.549999999999294,-74.7310246842576
34.5749999999993,-74.73160740085409
34.599999999999305,-74.73218935451716
34.62499999999931,-74.73277054154734
34.64999999999932,-74.7333509583001
34.67499999999932,-74.73393060118539
34.69999999999933,-74.73450946666713
34.72499999999933,-74.73508755126274
34.74999999999934,-74.73566485154254
34.774999999999345,-74.7362413641294
34.79999999999935,-74.73681708569815
34.824999999999356,-74.73739201297515
34.84999999999936,-74.73796614273779
34.87499999999937,-74.73853947181401
34.89999999999937,-74.73911199708185
34.92499999999938,-74.73968371546896
34.949999999999385,-74.74025462395214
34.97499999999939,-74.74082471955693
34.999999999999396,-74.74139399935704
35.0249999999994,-74.74196246047404
35.04999999999941,-74.74253010007679
35.07499999999941,-74.74309691538109
35.09999999999942,-74.74366290364917
35.124999999999424,-74.74422806218928
35.14999999999943,-74.74479238835526
35.174999999999436,-74.74535587954612
35.19999999999944,-74.7459185332056
35.22499999999945,-74.7464803468217
35.24999999999945,-74.74704131792639
35.27499999999946,-74.74760144409504
35.299999999999464,-74.74816072294612
35.32499999999947,-74.74871915214075
35.349999999999476,-74.74927672938229
35.37499999999948,-74.74983345241596
35.39999999999949,-74.75038931902839
35.42499999999949,-74.75094432704729
35.4499999999995,-74.75149847434105
35.474999999999504,-74.7520517588183
35.49999999999951,-74.75260417842756
35.524999999999515,-74.75315573115687
35.54999999999952,-74.75370641503336
35.57499999999953,-74.75425622812298
35.59999999999953,-74.75480516852998
35.62499999999954,-74.75535323439668
35.649999999999544,-74.755900423903
35.67499999999955,-74.75644673526615
35.699999999999555,-74.75699216674029
35.72499999999956,-74.75753671661609
35.74999999999957,-74.75808038322047
35.77499999999957,-74.7586231649162
35.79999999999958,-74.75916506010155
35.824999999999584,-74.75970606720995
35.84999999999959,-74.76024618470966
35.874999999999595,-74.76078541110343
35.8999999999996,-74.76132374492815
35.924999999999606,-74.76186118475451
35.94999999999961,-74.76239772918672
35.97499999999962,-74.76293337686211
35.99999999999962,-74.76346812645083
36.02499999999963,-74.76400197665559
36.049999999999635,-74.76453492621125
36.07499999999964,-74.76506697388454
36.099999999999646,-74.76559811847375
36.12499999999965,-74.76612835880842
36.14999999999966,-74.76665769374902
36.17499999999966,-74.76718612218669
36.19999999999967,-74.76771364304282
36.224999999999675,-74.76824025526889
36.24999999999968,-74.76876595784609
36.274999999999686,-74.76929074978501
36.29999999999969,-74.76981463012545
36.3249999999997,-74.77033759793598
36.3499999999997,-74.77085965231377
36.37499999999971,-74.77138079238426
36.399999999999714,-74.77190101730088
36.42499999999972,-74.77242032624474
36.449999999999726,-74.77293871842443
36.47499999999973,-74.77345619307565
36.49999999999974,-74.77397274946101
36.52499999999974,-74.7744883868697
36.54999999999975,-74.7750031046173
36.574999999999754,-74.7755169020454
36.59999999999976,-74.77602977852143
36.624999999999766,-74.77654173343838
36.64999999999977,-74.77705276621448
36.67499999999978,-74.77756287629305
36.69999999999978,-74.77807206314212
36.72499999999979,-74.77858032625429
36.749999999999794,-74.7790876651464
36.7749999999998,-74.77959407935933
36.799999999999805,-74.78009956845769
36.82499999999981,-74.78060413202967
36.84999999999982,-74.78110776968671
36.87499999999982,-74.78161048106332
36.89999999999983,-74.78211226581679
36.924999999999834,-74.78261312362702
36.94999999999984,-74.78311305419618
36.974999999999845,-74.78361205724859
36.99999999999985,-74.78411013253046
37.02499999999986,-74.78460727980959
37.04999999999986,-74.78510349887524
37.07499999999987,-74.78559878953787
37.09999999999987,-74.78609315162888
37.12499999999988,-74.78658658500044
37.149999999999885,-74.78707908952524
37.17499999999989,-74.7875706650963
37.199999999999896,-74.78806131162673
37.2249999999999,-74.78855102904957
37.24999999999991,-74.78903981731749
37.27499999999991,-74.78952767640263
37.29999999999992,-74.79001460629641
37.324999999999925,-74.7905006070093
37.34999999999993,-74.79098567857065
37.374999999999936,-74.79146982102841
37.39999999999994,-74.79195303444901
37.42499999999995,-74.79243531891713
37.44999999999995,-74.79291667453549
37.47499999999996,-74.7933971014247
37.499999999999964,-74.79387659972302
37.52499999999997,-74.79435516958618
37.549999999999976,-74.79483281118719
37.57499999999998,-74.79530952471619
37.59999999999999,-74.79578531038018
37.62499999999999,-74.79626016840295
37.65,-74.79673409902477
37.675000000000004,-74.79720710250231
37.70000000000001,-74.79767917910841
37.725000000000016,-74.79815032913191
37.75000000000002,-74.7986205528775
37.77500000000003,-74.79908985066547
37.80000000000003,-74.79955822283162
37.82500000000004,-74.80002566972706
37.850000000000044,-74.80049219171802
37.87500000000005,-74.8009577891857
37.900000000000055,-74.80142246252609
37.92500000000006,-74.80188621214981
37.95000000000007,-74.80234903848196
37.97500000000007,-74.80281094196192
38.00000000000008,-74.80327192304324
38.025000000000084,-74.80373198219343
38.05000000000009,-74.80419111989382
38.075000000000095,-74.80464933663939
38.1000000000001,-74.80510663293866
38.12500000000011,-74.80556300931349
38.15000000000011,-74.80601846629894
38.17500000000012,-74.80647300444309
38.200000000000124,-74.80692662430697
38.22500000000013,-74.80737932646429
38.250000000000135,-74.80783111150141
38.27500000000014,-74.80828198001714
38.300000000000146,-74.80873193262258
38.32500000000015,-74.80918096994097
38.35000000000016,-74.80962909260762
38.37500000000016,-74.81007630126969
38.40000000000017,-74.81052259658607
38.425000000000175,-74.81096797922727
38.45000000000018,-74.81141244987525
38.475000000000186,-74.81185600922329
38.50000000000019,-74.81229865797587
38.5250000000002,-74.81274039684853
38.5500000000002,-74.8131812265677
38.57500000000021,-74.81362114787066
38.600000000000215,-74.81406016150528
38.62500000000022,-74.81449826823001
38.650000000000226,-74.81493546881369
38.67500000000023,-74.81537176403542
38.70000000000024,-74.81580715468446
38.72500000000024,-74.81624164156013
38.75000000000025,-74.81667522547158
38.775000000000254,-74.8171079072378
38.80000000000026,-74.81753968768741
38.825000000000266,-74.81797056765858
38.85000000000027,-74.81840054799888
38.87500000000028,-74.8188296295652
38.90000000000028,-74.8192578132236
38.92500000000029,-74.81968509984921
38.950000000000294,-74.82011149032611
38.9750000000003,-74.82053698554724
39.000000000000306,-74.82096158641423
39.02500000000031,-74.82138529383734
39.05000000000032,-74.82180810873534
39.07500000000032,-74.82223003203538
39.10000000000033,-74.8226510646729
39.125000000000334,-74.82307120759152
39.15000000000034,-74.82349046174294
39.175000000000345,-74.82390882808677
39.20000000000035,-74.82432630759055
39.22500000000036,-74.82474290122954
39.25000000000036,-74.82515860998666
39.27500000000037,-74.82557343485236
39.300000000000374,-74.82598737682456
39.32500000000038,-74.82640043690853
39.350000000000385,-74.82681261611677
39.37500000000039,-74.82722391546895
39.4000000000004,-74.82763433599177
39.4250000000004,-74.82804387871894
39.45000000000041,-74.82845254469099
39.47500000000041,-74.8288603349552
39.50000000000042,-74.82926725056555
39.525000000000425,-74.82967329258261
39.55000000000043,-74.83007846207342
39.575000000000436,-74.83048276011141
39.60000000000044,-74.83088618777633
39.62500000000045,-74.83128874615416
39.65000000000045,-74.83169043633697
39.67500000000046,-74.83209125942291
39.700000000000465,-74.83249121651605
39.72500000000047,-74.83289030872635
39.750000000000476,-74.83328853716952
39.77500000000048,-74.83368590296702
39.80000000000049,-74.83408240724586
39.82500000000049,-74.83447805113862
39.8500000000005,-74.83487283578332
39.875000000000504,-74.83526676232333
39.90000000000051,-74.83565983190732
39.925000000000516,-74.83605204568914
39.95000000000052,-74.83644340482782
39.97500000000053,-74.83683391048737
40.00000000000053,-74.8372235638368
40.02500000000054,-74.83761236605002
40.050000000000544,-74.83800031830573
40.07500000000055,-74.8383874217874
40.100000000000556,-74.83877367768314
40.12500000000056,-74.83915908718564
40.15000000000057,-74.83954365149214
40.17500000000057,-74.8399273718043
40.20000000000058,-74.84031024932816
40.225000000000584,-74.84069228527406
40.25000000000059,-74.84107348085656
40.275000000000595,-74.8414538372944
40.3000000000006,-74.84183335581038
40.32500000000061,-74.84221203763133
40.35000000000061,-74.84258988398805
40.37500000000062,-74.84296689611521
40.400000000000624,-74.84334307525131
40.42500000000063,-74.84371842263857
40.450000000000635,-74.84409293952294
40.47500000000064,-74.84446662715395
40.50000000000065,-74.84483948678472
40.52500000000065,-74.84521151967185
40.55000000000066,-74.84558272707537
40.575000000000664,-74.84595311025865
40.60000000000067,-74.84632267048843
40.625000000000675,-74.84669140903463
40.65000000000068,-74.8470593271704
40.675000000000686,-74.84742642617198
40.70000000000069,-74.84779270731869
40.7250000000007,-74.84815817189285
40.7500000000007,-74.84852282117974
40.77500000000071,-74.8488866564675
40.800000000000715,-74.84924967904712
40.82500000000072,-74.84961189021237
40.850000000000726,-74.84997329125972
40.87500000000073,-74.85033388348832
40.90000000000074,-74.85069366819992
40.92500000000074,-74.85105264669882
40.95000000000075,-74.85141082029182
40.975000000000755,-74.85176819028817
41.00000000000076,-74.8521247579995
41.025000000000766,-74.85248052473982
41.05000000000077,-74.85283549182536
41.07500000000078,-74.85318966057464
41.10000000000078,-74.85354303230835
41.12500000000079,-74.85389560834932
41.150000000000794,-74.85424739002244
41.1750000000008,-74.85459837865467
41.200000000000806,-74.85494857557494
41.22500000000081,-74.85529798211411
41.25000000000082,-74.85564659960495
41.27500000000082,-74.85599442938208
41.30000000000083,-74.85634147278186
41.325000000000834,-74.85668773114246
41.35000000000084,-74.85703320580373
41.375000000000846,-74.85737789810717
41.40000000000085,-74.85772180939593
41.42500000000086,-74.85806494101465
41.45000000000086,-74.85840729430957
41.47500000000087,-74.85874887062838
41.500000000000874,-74.85908967132019
41.52500000000088,-74.85942969773554
41.550000000000885,-74.85976895122627
41.57500000000089,-74.86010743314557
41.6000000000009,-74.8604451448479
41.6250000000009,-74.8607820876889
41.65000000000091,-74.86111826302545
41.675000000000914,-74.86145367221552
41.70000000000092,-74.86178831661822
41.725000000000925,-74.8621221975937
41.75000000000093,-74.86245531650319
41.77500000000094,-74.86278767470883
41.80000000000094,-74.86311927357373
41.82500000000095,-74.86345011446195
41.85000000000095,-74.8637801987384
41.87500000000096,-74.86410952776879
41.900000000000965,-74.86443810291966
41.92500000000097,-74.86476592555833
41.950000000000976,-74.8650929970528
41.97500000000098,-74.86541931877179
42.00000000000099,-74.86574489208466
42.02500000000099,-74.8660697183614
42.050000000001,-74.86639379897258
42.075000000001005,-74.8667171352893
42.10000000000101,-74.86703972868324
42.125000000001016,-74.86736158052646
42.15000000000102,-74.86768269219156
42.17500000000103,-74.86800306505152
42.20000000000103,-74.86832270047971
42.22500000000104,-74.86864159984984
42.250000000001044,-74.86895976453593
42.27500000000105,-74.86927719591233
42.300000000001056,-74.86959389535362
42.32500000000106,-74.86990986423459
42.35000000000107,-74.87022510393025
42.37500000000107,-74.87053961581579
42.40000000000108,-74.87085340126649
42.425000000001084,-74.87116646165777
42.45000000000109,-74.8714787983651
42.475000000001096,-74.87179041276404
42.5000000000011,-74.87210130623014
42.52500000000111,-74.87241148013892
42.55000000000111,-74.8727209358659
42.57500000000112,-74.87302967478652
42.600000000001124,-74.87333769827613
42.62500000000113,-74.87364500770997
42.650000000001135,-74.87395160446309
42.67500000000114,-74.8742574899104
42.70000000000115,-74.87456266542665
42.72500000000115,-74.87486713238629
42.75000000000116,-74.87517089216354
42.775000000001164,-74.87547394613237
42.80000000000117,-74.87577629566644
42.825000000001175,-74.87607794213908
42.85000000000118,-74.87637888692323
42.87500000000119,-74.87667913139154
42.90000000000119,-74.87697867691617
42.9250000000012,-74.87727752486892
42.950000000001204,-74.87757567662109
42.97500000000121,-74.87787313354357
43.000000000001215,-74.87816989700673
43.02500000000122,-74.87846596838038
43.050000000001226,-74.87876134903387
43.07500000000123,-74.87905604033594
43.10000000000124,-74.87935004365474
43.12500000000124,-74.87964336035786
43.15000000000125,-74.87993599181222
43.175000000001255,-74.88022793938413
43.20000000000126,-74.88051920443918
43.225000000001266,-74.88080978834233
43.25000000000127,-74.8810996924578
43.27500000000128,-74.88138891814907
43.30000000000128,-74.88167746677891
43.32500000000129,-74.88196533970927
43.350000000001295,-74.88225253830133
43.3750000000013,-74.88253906391549
43.400000000001306,-74.8828249179113
43.42500000000131,-74.88311010164743
43.45000000000132,-74.88339461648174
43.47500000000132,-74.88367846377118
43.50000000000133,-74.88396164487179
43.525000000001334,-74.88424416113871
43.55000000000134,-74.88452601392612
43.575000000001346,-74.88480720458726
43.60000000000135,-74.88508773447441
43.62500000000136,-74.8853676049388
43.65000000000136,-74.88564681733074
43.67500000000137,-74.88592537299942
43.700000000001374,-74.88620327329309
43.72500000000138,-74.88648051955886
43.750000000001386,-74.88675711314279
43.77500000000139,-74.88703305538986
43.8000000000014,-74.88730834764397
43.8250000000014,-74.88758299124784
43.85000000000141,-74.8878569875431
43.875000000001414,-74.88813033787021
43.90000000000142,-74.88840304356846
43.925000000001425,-74.88867510597596
43.95000000000143,-74.88894652642963
43.97500000000144,-74.88921730626518
44.00000000000144,-74.8894874468171
44.02500000000145,-74.88975694941861
44.050000000001454,-74.8900258154017
44.07500000000146,-74.8902940460971
44.100000000001465,-74.89056164283424
44.12500000000147,-74.89082860694127
44.15000000000148,-74.89109493974503
44.17500000000148,-74.89136064257103
44.20000000000149,-74.89162571674345
44.225000000001494,-74.89189016358513
44.2500000000015,-74.89215398441755
44.275000000001505,-74.8924171805608
44.30000000000151,-74.89267975333361
44.325000000001516,-74.8929417040533
44.35000000000152,-74.89320303403579
44.37500000000153,-74.89346374459559
44.40000000000153,-74.89372383704574
44.42500000000154,-74.89398331269788
44.450000000001545,-74.89424217286216
44.47500000000155,-74.8945004188473
44.500000000001556,-74.89475805196052
44.52500000000156,-74.89501507350755
44.55000000000157,-74.89527148479263
44.57500000000157,-74.8955272871185
44.60000000000158,-74.89578248178636
44.625000000001585,-74.89603707009589
44.65000000000159,-74.89629105334524
44.675000000001596,-74.89654443283099
44.7000000000016,-74.89679720984817
44.72500000000161,-74.89704938569027
44.75000000000161,-74.89730096164912
44.77500000000162,-74.89755193901506
44.800000000001624,-74.89780231907676
44.82500000000163,-74.89805210312133
44.850000000001636,-74.89830129243421
44.87500000000164,-74.89854988829926
44.90000000000165,-74.8987978919987
44.92500000000165,-74.89904530481309
44.95000000000166,-74.89929212802134
44.975000000001664,-74.89953836290071
45.00000000000167,-74.8997840107268
45.025000000001675,-74.90002907277352
45.05000000000168,-74.90027355031309
45.07500000000169,-74.90051744461604
45.10000000000169,-74.90076075695121
45.1250000000017,-74.90100348858574
45.150000000001704,-74.90124564078502
45.17500000000171,-74.90148721481275
45.200000000001715,-74.90172821193086
45.22500000000172,-74.9019686333996
45.25000000000173,-74.90220848047744
45.27500000000173,-74.9024477544211
45.30000000000174,-74.90268645648553
45.325000000001744,-74.90292458792393
45.35000000000175,-74.90316214998775
45.375000000001755,-74.9033991439266
45.40000000000176,-74.90363557098836
45.425000000001766,-74.9038714324191
45.45000000000177,-74.90410672946307
45.47500000000178,-74.90434146336275
45.50000000000178,-74.90457563535881
45.52500000000179,-74.90480924669006
45.550000000001795,-74.90504229859353
45.5750000000018,-74.90527479230441
45.600000000001806,-74.90550672905606
45.62500000000181,-74.90573811008
45.65000000000182,-74.90596893660587
45.67500000000182,-74.90619920986151
45.70000000000183,-74.9064289310729
45.725000000001835,-74.90665810146413
45.75000000000184,-74.90688672225744
45.775000000001846,-74.9071147946732
45.80000000000185,-74.90734231992991
45.82500000000186,-74.90756929924416
45.85000000000186,-74.90779573383071
45.87500000000187,-74.90802162490237
45.900000000001874,-74.90824697367012
45.92500000000188,-74.90847178134297
45.950000000001886,-74.90869604912807
45.97500000000189,-74.90891977823067
46.0000000000019,-74.90914296985407
46.0250000000019,-74.90936562519971
46.05000000000191,-74.90958774546705
46.075000000001914,-74.90980933185367
46.10000000000192,-74.9100303855552
46.125000000001926,-74.91025090776536
46.15000000000193,-74.9104708996759
46.17500000000194,-74.91069036247666
46.20000000000194,-74.91090929735553
46.22500000000195,-74.91112770549846
46.250000000001954,-74.91134558808945
46.27500000000196,-74.91156294631053
46.300000000001965,-74.91177978134178
46.32500000000197,-74.91199609436136
46.35000000000198,-74.9122118865454
46.37500000000198,-74.91242715906814
46.40000000000199,-74.9126419131018
46.425000000001994,-74.91285614981663
46.450000000002,-74.91306987038094
46.475000000002005,-74.91328307596102
46.50000000000201,-74.91349576772123
46.52500000000202,-74.91370794682392
46.55000000000202,-74.91391961442945
46.57500000000203,-74.91413077169621
46.600000000002034,-74.91434141978058
46.62500000000204,-74.914551559837
46.650000000002045,-74.91476119301784
46.67500000000205,-74.91497032047353
46.700000000002056,-74.91517894335249
46.72500000000206,-74.91538706280114
46.75000000000207,-74.91559467996389
46.77500000000207,-74.91580179598316
46.80000000000208,-74.91600841199934
46.825000000002085,-74.91621452915084
46.85000000000209,-74.91642014857405
46.875000000002096,-74.91662527140333
46.9000000000021,-74.91682989877107
46.92500000000211,-74.91703403180762
46.95000000000211,-74.9172376716413
46.97500000000212,-74.91744081939845
47.000000000002125,-74.91764347620335
47.02500000000213,-74.91784564317828
47.050000000002136,-74.91804732144352
47.07500000000214,-74.9182485121173
47.10000000000215,-74.91844921631584
47.12500000000215,-74.91864943515331
47.15000000000216,-74.91884916974189
47.175000000002164,-74.9190484211917
47.20000000000217,-74.91924719061088
47.225000000002176,-74.91944547910548
47.25000000000218,-74.91964328777955
47.27500000000219,-74.91984061773513
47.30000000000219,-74.92003747007222
47.3250000000022,-74.92023384588875
47.350000000002204,-74.92042974628065
47.37500000000221,-74.92062517234181
47.400000000002215,-74.92082012516411
47.42500000000222,-74.92101460583736
47.45000000000223,-74.92120861544934
47.47500000000223,-74.92140215508583
47.50000000000224,-74.92159522583052
47.525000000002244,-74.9217878287651
47.55000000000225,-74.92197996496924
47.575000000002255,-74.92217163552053
47.60000000000226,-74.92236284149456
47.62500000000227,-74.92255358396484
47.65000000000227,-74.9227438640029
47.67500000000228,-74.92293368267819
47.700000000002284,-74.92312304105815
47.72500000000229,-74.92331194020814
47.750000000002295,-74.92350038119154
47.7750000000023,-74.92368836506967
47.800000000002306,-74.92387589290179
47.82500000000231,-74.92406296574516
47.85000000000232,-74.92424958465499
47.87500000000232,-74.92443575068442
47.90000000000233,-74.92462146488464
47.925000000002335,-74.9248067283047
47.95000000000234,-74.92499154199169
47.975000000002346,-74.92517590699063
48.00000000000235,-74.92535982434454
48.02500000000236,-74.92554329509436
48.05000000000236,-74.92572632027903
48.07500000000237,-74.92590890093544
48.100000000002375,-74.92609103809846
48.12500000000238,-74.92627273280094
48.150000000002386,-74.92645398607367
48.17500000000239,-74.92663479894541
48.2000000000024,-74.92681517244293
48.2250000000024,-74.92699510759094
48.25000000000241,-74.92717460541212
48.275000000002414,-74.92735366692713
48.30000000000242,-74.92753229315463
48.325000000002426,-74.9277104851112
48.35000000000243,-74.92788824381145
48.37500000000244,-74.92806557026793
48.40000000000244,-74.9282424654912
48.42500000000245,-74.92841893048974
48.450000000002454,-74.9285949662701
48.47500000000246,-74.92877057383673
48.500000000002466,-74.9289457541921
48.52500000000247,-74.92912050833667
48.55000000000248,-74.92929483726884
48.57500000000248,-74.92946874198505
48.60000000000249,-74.9296422234797
48.625000000002494,-74.92981528274518
48.6500000000025,-74.92998792077188
48.675000000002505,-74.93016013854816
48.70000000000251,-74.93033193706039
48.72500000000252,-74.9305033172929
48.75000000000252,-74.93067428022809
48.77500000000253,-74.93084482684627
48.800000000002534,-74.9310149581258
48.82500000000254,-74.93118467504303
48.850000000002545,-74.93135397857228
48.87500000000255,-74.93152286968592
48.90000000000256,-74.9316913493543
48.92500000000256,-74.93185941854577
48.95000000000257,-74.93202707822668
48.975000000002574,-74.93219432936144
49.00000000000258,-74.93236117291238
49.025000000002585,-74.93252760983994
49.05000000000259,-74.93269364110249
49.075000000002596,-74.93285926765647
49.1000000000026,-74.93302449045632
49.12500000000261,-74.93318931045448
49.15000000000261,-74.93335372860146
49.17500000000262,-74.93351774584572
49.200000000002625,-74.9336813631338
49.22500000000263,-74.93384458141026
49.250000000002636,-74.93400740161766
49.27500000000264,-74.93416982469662
49.30000000000265,-74.93433185158577
49.32500000000265,-74.93449348322179
49.35000000000266,-74.93465472053937
49.375000000002665,-74.93481556447126
49.40000000000267,-74.93497601594825
49.425000000002676,-74.93513607589915
49.45000000000268,-74.93529574525084
49.47500000000269,-74.93545502492823
49.50000000000269,-74.93561391585428
49.5250000000027,-74.93577241895
49.550000000002704,-74.93593053513445
49.57500000000271,-74.93608826532473
49.600000000002716,-74.93624561043603
49.62500000000272,-74.93640257138158
49.65000000000273,-74.93655914907264
49.67500000000273,-74.93671534441859
49.70000000000274,-74.93687115832682
49.725000000002744,-74.93702659170283
49.75000000000275,-74.93718164545017
49.775000000002755,-74.93733632047045
49.80000000000276,-74.93749061766336
49.82500000000277,-74.93764453792667
49.85000000000277,-74.93779808215625
49.87500000000278,-74.93795125124599
49.900000000002784,-74.93810404608794
49.92500000000279,-74.93825646757216
49.950000000002795,-74.93840851658685
49.9750000000028,-74.93856019401828
50.00000000000281,-74.9387115007508
50.02500000000281,-74.93886243766688
50.05000000000282,-74.93901300564708
50.075000000002824,-74.93916320557003
50.10000000000283,-74.93931303831249
50.125000000002835,-74.93946250474933
50.15000000000284,-74.93961160575351
50.175000000002846,-74.9397603421961
50.20000000000285,-74.93990871494627
50.22500000000286,-74.94005672487134
50.25000000000286,-74.94020437283672
50.27500000000287,-74.94035165970593
50.300000000002875,-74.94049858634062
50.32500000000288,-74.94064515360058
50.350000000002886,-74.94079136234372
50.37500000000289,-74.94093721342605
50.4000000000029,-74.94108270770175
50.4250000000029,-74.94122784602312
50.45000000000291,-74.94137262924059
50.475000000002915,-74.94151705820273
50.50000000000292,-74.94166113375627
50.525000000002926,-74.94180485674605
50.55000000000293,-74.94194822801506
50.57500000000294,-74.94209124840451
50.60000000000294,-74.94223391875367
50.62500000000295,-74.9423762399
50.650000000002954,-74.94251821267915
50.67500000000296,-74.94265983792488
50.700000000002966,-74.94280111646913
50.72500000000297,-74.94294204914203
50.75000000000298,-74.94308263677185
50.77500000000298,-74.94322288018502
50.80000000000299,-74.94336278020619
50.825000000002994,-74.94350233765815
50.850000000003,-74.94364155336187
50.875000000003006,-74.94378042813653
50.90000000000301,-74.94391896279946
50.92500000000302,-74.94405715816619
50.95000000000302,-74.94419501505045
50.97500000000303,-74.94433253426418
51.000000000003034,-74.94446971661745
51.02500000000304,-74.9446065629186
51.050000000003045,-74.94474307397411
51.07500000000305,-74.94487925058873
51.10000000000306,-74.94501509356537
51.12500000000306,-74.94515060370516
51.15000000000307,-74.94528578180746
51.175000000003074,-74.94542062866981
51.20000000000308,-74.945555145088
51.225000000003085,-74.94568933185602
51.25000000000309,-74.9458231897661
51.2750000000031,-74.94595671960872
51.3000000000031,-74.9460899221725
51.32500000000311,-74.9462227982444
51.350000000003114,-74.94635534860957
51.37500000000312,-74.94648757405137
51.400000000003125,-74.94661947535144
51.42500000000313,-74.94675105328965
51.450000000003136,-74.94688230864412
51.47500000000314,-74.94701324219122
51.50000000000315,-74.94714385470556
51.52500000000315,-74.94727414696003
51.55000000000316,-74.94740411972576
51.575000000003165,-74.94753377377215
51.60000000000317,-74.94766310986685
51.625000000003176,-74.9477921287758
51.65000000000318,-74.94792083126319
51.67500000000319,-74.9480492180915
51.70000000000319,-74.94817729002148
51.7250000000032,-74.94830504781213
51.750000000003205,-74.94843249222077
51.77500000000321,-74.94855962400302
51.800000000003216,-74.94868644391273
51.82500000000322,-74.94881295270208
51.85000000000323,-74.94893915112154
51.87500000000323,-74.94906503991986
51.90000000000324,-74.9491906198441
51.925000000003244,-74.94931589163964
51.95000000000325,-74.94944085605013
51.975000000003256,-74.94956551381756
52.00000000000326,-74.94968986568223
52.02500000000327,-74.94981391238272
52.05000000000327,-74.94993765465595
52.07500000000328,-74.95006109323718
52.100000000003284,-74.95018422885997
52.12500000000329,-74.9503070622562
52.150000000003295,-74.9504295941561
52.1750000000033,-74.95055182528823
52.20000000000331,-74.95067375637946
52.22500000000331,-74.95079538815502
52.25000000000332,-74.95091672133847
52.275000000003324,-74.95103775665174
52.30000000000333,-74.95115849481509
52.325000000003335,-74.95127893654711
52.35000000000334,-74.95139908256476
52.37500000000335,-74.95151893358339
52.40000000000335,-74.95163849031665
52.42500000000336,-74.95175775347658
52.450000000003364,-74.95187672377361
52.47500000000337,-74.95199540191649
52.500000000003375,-74.95211378861237
52.52500000000338,-74.95223188456677
52.550000000003386,-74.95234969048359
52.57500000000339,-74.95246720706511
52.6000000000034,-74.95258443501199
52.6250000000034,-74.95270137502325
52.65000000000341,-74.95281802779637
52.675000000003415,-74.95293439402714
52.70000000000342,-74.9530504744098
52.725000000003426,-74.953166269637
52.75000000000343,-74.9532817803997
52.77500000000344,-74.95339700738738
52.80000000000344,-74.95351195128787
52.82500000000345,-74.95362661278739
52.850000000003455,-74.95374099257062
52.87500000000346,-74.95385509132062
52.900000000003466,-74.95396890971891
52.92500000000347,-74.95408244844539
52.95000000000348,-74.9541957081784
52.97500000000348,-74.95430868959473
53.00000000000349,-74.95442139336956
53.025000000003494,-74.95453382017655
53.0500000000035,-74.95464597068776
53.075000000003506,-74.95475784557372
53.10000000000351,-74.95486944550339
53.12500000000352,-74.95498077114416
53.15000000000352,-74.95509182316191
53.17500000000353,-74.95520260222092
53.200000000003534,-74.95531310898399
53.22500000000354,-74.95542334411232
53.250000000003546,-74.95553330826559
53.27500000000355,-74.95564300210197
53.30000000000356,-74.95575242627807
53.32500000000356,-74.95586158144896
53.35000000000357,-74.95597046826823
53.375000000003574,-74.9560790873879
53.40000000000358,-74.95618743945852
53.425000000003585,-74.95629552512905
53.45000000000359,-74.95640334504701
53.4750000000036,-74.95651089985834
53.5000000000036,-74.95661819020755
53.52500000000361,-74.95672521673757
53.550000000003614,-74.95683198008987
53.57500000000362,-74.95693848090443
53.600000000003625,-74.95704471981969
53.62500000000363,-74.95715069747263
53.65000000000364,-74.95725641449874
53.67500000000364,-74.957361871532
53.70000000000365,-74.95746706920494
53.725000000003654,-74.95757200814856
53.75000000000366,-74.95767668899242
53.775000000003665,-74.95778111236461
53.80000000000367,-74.95788527889174
53.825000000003676,-74.95798918919891
53.85000000000368,-74.95809284390981
53.87500000000369,-74.95819624364663
53.90000000000369,-74.95829938903012
53.9250000000037,-74.95840228067956
53.950000000003705,-74.95850491921281
53.97500000000371,-74.95860730524622
54.000000000003716,-74.95870943939472
54.02500000000372,-74.95881132227181
54.05000000000373,-74.95891295448952
54.07500000000373,-74.95901433665847
54.10000000000374,-74.95911546938781
54.125000000003745,-74.95921635328529
54.15000000000375,-74.95931698895718
54.175000000003756,-74.95941737700839
54.20000000000376,-74.95951751804235
54.22500000000377,-74.95961741266109
54.25000000000377,-74.95971706146523
54.27500000000378,-74.95981646505393
54.300000000003784,-74.959915624025
54.32500000000379,-74.9600145389748
54.350000000003796,-74.9601132104983
54.3750000000038,-74.96021163918904
54.40000000000381,-74.96030982563919
54.42500000000381,-74.96040777043949
54.45000000000382,-74.96050547417931
54.475000000003824,-74.96060293744662
54.50000000000383,-74.96070016082801
54.525000000003836,-74.96079714490865
54.55000000000384,-74.96089389027236
54.57500000000385,-74.96099039750158
54.60000000000385,-74.96108666717733
54.62500000000386,-74.9611826998793
54.650000000003864,-74.9612784961858
54.67500000000387,-74.96137405667375
54.700000000003875,-74.96146938191872
54.72500000000388,-74.96156447249491
54.75000000000389,-74.96165932897517
54.77500000000389,-74.96175395193096
54.8000000000039,-74.96184834193244
54.825000000003904,-74.96194249954836
54.85000000000391,-74.96203642534616
54.875000000003915,-74.96213011989191
54.90000000000392,-74.96222358375036
54.92500000000393,-74.96231681748489
54.95000000000393,-74.96240982165757
54.97500000000394,-74.96250259682914
55.00000000000394,-74.96259514355896
55.02500000000395,-74.96268746240511
55.050000000003955,-74.96277955392432
55.07500000000396,-74.96287141867201
55.100000000003966,-74.96296305720226
55.12500000000397,-74.96305447006785
55.15000000000398,-74.96314565782023
55.17500000000398,-74.96323662100956
55.20000000000399,-74.96332736018466
55.225000000003995,-74.96341787589309
55.250000000004,-74.96350816868106
55.275000000004006,-74.96359823909349
55.30000000000401,-74.963688087674
55.32500000000402,-74.96377771496495
55.35000000000402,-74.96386712150735
55.37500000000403,-74.96395630784097
55.400000000004034,-74.96404527450427
55.42500000000404,-74.96413402203443
55.450000000004046,-74.96422255096734
55.47500000000405,-74.96431086183762
55.50000000000406,-74.96439895517862
55.52500000000406,-74.96448683152241
55.55000000000407,-74.96457449139979
55.575000000004074,-74.96466193534029
55.60000000000408,-74.96474916387218
55.625000000004086,-74.96483617752247
55.65000000000409,-74.9649229768169
55.6750000000041,-74.96500956227996
55.7000000000041,-74.96509593443488
55.72500000000411,-74.96518209380368
55.750000000004114,-74.96526804090706
55.77500000000412,-74.96535377626454
55.800000000004125,-74.96543930039434
55.82500000000413,-74.9655246138135
55.85000000000414,-74.96560971703778
55.87500000000414,-74.96569461058172
55.90000000000415,-74.96577929495862
55.925000000004154,-74.96586377068057
55.95000000000416,-74.9659480382584
55.975000000004165,-74.96603209820177
56.00000000000417,-74.96611595101906
56.02500000000418,-74.96619959721747
56.05000000000418,-74.96628303730296
56.07500000000419,-74.9663662717803
56.100000000004194,-74.96644930115305
56.1250000000042,-74.96653212592355
56.150000000004205,-74.96661474659291
56.17500000000421,-74.9666971636611
56.200000000004216,-74.96677937762684
56.22500000000422,-74.96686138898767
56.25000000000423,-74.96694319823993
56.27500000000423,-74.96702480587878
56.30000000000424,-74.96710621239819
56.325000000004245,-74.96718741829093
56.35000000000425,-74.96726842404861
56.375000000004256,-74.96734923016162
56.40000000000426,-74.96742983711921
56.42500000000427,-74.96751024540946
56.45000000000427,-74.96759045551921
56.47500000000428,-74.96767046793423
56.500000000004285,-74.96775028313903
56.52500000000429,-74.96782990161701
56.550000000004296,-74.96790932385039
56.5750000000043,-74.96798855032024
56.60000000000431,-74.96806758150647
56.62500000000431,-74.96814641788781
56.65000000000432,-74.96822505994187
56.675000000004324,-74.9683035081451
56.70000000000433,-74.96838176297278
56.725000000004336,-74.9684598248991
56.75000000000434,-74.96853769439707
56.77500000000435,-74.96861537193855
56.80000000000435,-74.96869285799428
56.82500000000436,-74.96877015303389
56.850000000004364,-74.96884725752584
56.87500000000437,-74.96892417193747
56.900000000004376,-74.969000896735
56.92500000000438,-74.96907743238354
56.95000000000439,-74.96915377934705
56.97500000000439,-74.96922993808839
57.0000000000044,-74.9693059090693
57.025000000004404,-74.96938169275042
57.05000000000441,-74.96945728959123
57.075000000004415,-74.96953270005017
57.10000000000442,-74.96960792458452
57.12500000000443,-74.96968296365048
57.15000000000443,-74.96975781770315
57.17500000000444,-74.96983248719654
57.200000000004444,-74.96990697258353
57.22500000000445,-74.96998127431593
57.250000000004455,-74.97005539284446
57.27500000000446,-74.97012932861875
57.30000000000447,-74.97020308208734
57.32500000000447,-74.97027665369768
57.35000000000448,-74.97035004389616
57.37500000000448,-74.97042325312808
57.40000000000449,-74.97049628183764
57.425000000004495,-74.97056913046801
57.4500000000045,-74.97064179946125
57.475000000004506,-74.97071428925838
57.50000000000451,-74.97078660029935
57.52500000000452,-74.97085873302302
57.55000000000452,-74.97093068786721
57.57500000000453,-74.97100246526868
57.600000000004535,-74.97107406566313
57.62500000000454,-74.97114548948521
57.650000000004546,-74.9712167371685
57.67500000000455,-74.97128780914557
57.70000000000456,-74.97135870584789
57.72500000000456,-74.97142942770594
57.75000000000457,-74.97149997514911
57.775000000004574,-74.97157034860578
57.80000000000458,-74.97164054850329
57.825000000004586,-74.97171057526793
57.85000000000459,-74.97178042932497
57.8750000000046,-74.97185011109865
57.9000000000046,-74.97191962101216
57.92500000000461,-74.97198895948772
57.950000000004614,-74.97205812694645
57.97500000000462,-74.9721271238085
58.000000000004626,-74.97219595049302
58.02500000000463,-74.97226460741808
58.05000000000464,-74.97233309500079
58.07500000000464,-74.97240141365722
58.10000000000465,-74.97246956380245
58.125000000004654,-74.97253754585053
58.15000000000466,-74.97260536021453
58.175000000004665,-74.9726730073065
58.20000000000467,-74.97274048753751
58.22500000000468,-74.97280780131761
58.25000000000468,-74.97287494905588
58.27500000000469,-74.97294193116036
58.300000000004694,-74.97300874803818
58.3250000000047,-74.9730754000954
58.350000000004705,-74.97314188773713
58.37500000000471,-74.97320821136752
58.40000000000472,-74.97327437138969
58.42500000000472,-74.97334036820581
58.45000000000473,-74.97340620221706
58.475000000004734,-74.97347187382368
58.50000000000474,-74.97353738342488
58.525000000004745,-74.97360273141896
58.55000000000475,-74.9736679182032
58.575000000004756,-74.97373294417396
58.60000000000476,-74.97379780972659
58.62500000000477,-74.97386251525552
58.65000000000477,-74.97392706115421
58.67500000000478,-74.97399144781515
58.700000000004785,-74.9740556756299
58.72500000000479,-74.97411974498903
58.750000000004796,-74.9741836562822
58.7750000000048,-74.9742474098981
58.80000000000481,-74.97431100622447
58.82500000000481,-74.97437444564814
58.85000000000482,-74.97443772855497
58.875000000004825,-74.97450085532988
58.90000000000483,-74.97456382635687
58.925000000004836,-74.974626642019
58.95000000000484,-74.97468930269838
58.97500000000485,-74.97475180877622
59.00000000000485,-74.97481416063279
59.02500000000486,-74.9748763586474
59.050000000004864,-74.97493840319852
59.07500000000487,-74.97500029466362
59.100000000004876,-74.97506203341926
59.12500000000488,-74.97512361984114
59.15000000000489,-74.97518505430398
59.17500000000489,-74.97524633718163
59.2000000000049,-74.975307468847
59.225000000004904,-74.97536844967212
59.25000000000491,-74.97542928002808
59.275000000004916,-74.9754899602851
59.30000000000492,-74.9755504908125
59.32500000000493,-74.97561087197865
59.35000000000493,-74.97567110415106
59.37500000000494,-74.97573118769637
59.400000000004944,-74.97579112298027
59.42500000000495,-74.9758509103676
59.450000000004955,-74.97591055022228
59.47500000000496,-74.97597004290738
59.50000000000497,-74.97602938878504
59.52500000000497,-74.97608858821657
59.55000000000498,-74.97614764156235
59.575000000004984,-74.97620654918191
59.60000000000499,-74.97626531143389
59.625000000004995,-74.97632392867607
59.650000000005,-74.97638240126533
59.67500000000501,-74.97644072955771
59.70000000000501,-74.97649891390837
59.72500000000502,-74.97655695467161
59.75000000000502,-74.97661485220084
59.77500000000503,-74.97667260684862
59.800000000005035,-74.9767302189667
59.82500000000504,-74.97678768890587
59.850000000005046,-74.97684501701615
59.87500000000505,-74.97690220364667
59.90000000000506,-74.97695924914574
59.92500000000506,-74.97701615386075
59.95000000000507,-74.97707291813832
59.975000000005075,-74.97712954232418
60.00000000000508,-74.97718602676322
60.025000000005086,-74.9772423717995
60.05000000000509,-74.97729857777624
60.0750000000051,-74.9773546450358
60.1000000000051,-74.97741057391974
60.12500000000511,-74.97746636476876
60.150000000005114,-74.97752201792272
60.17500000000512,-74.97757753372068
60.200000000005126,-74.97763291250082
60.22500000000513,-74.97768815460059
60.25000000000514,-74.9777432603565
60.27500000000514,-74.97779823010431
60.30000000000515,-74.97785306417896
60.325000000005154,-74.97790776291453
60.35000000000516,-74.97796232664432
60.375000000005166,-74.97801675570079
60.40000000000517,-74.97807105041561
60.42500000000518,-74.97812521111963
60.45000000000518,-74.97817923814289
60.47500000000519,-74.9782331318146
60.500000000005194,-74.97828689246323
60.5250000000052,-74.97834052041638
60.550000000005205,-74.97839401600089
60.57500000000521,-74.97844737954277
60.60000000000522,-74.97850061136725
60.62500000000522,-74.97855371179878
60.65000000000523,-74.97860668116098
60.675000000005234,-74.97865951977671
60.70000000000524,-74.97871222796803
60.725000000005245,-74.9787648060562
60.75000000000525,-74.97881725436172
60.77500000000526,-74.97886957320428
60.80000000000526,-74.97892176290279
60.82500000000527,-74.9789738237754
60.850000000005274,-74.97902575613948
60.87500000000528,-74.97907756031161
60.900000000005285,-74.97912923660758
60.92500000000529,-74.97918078534245
60.950000000005296,-74.97923220683046
60.9750000000053,-74.97928350138514
61.00000000000531,-74.97933466931919
61.02500000000531,-74.97938571094458
61.05000000000532,-74.97943662657252
61.075000000005325,-74.97948741651344
61.10000000000533,-74.97953808107701
61.125000000005336,-74.97958862057216
61.15000000000534,-74.97963903530706
61.17500000000535,-74.9796893255891
61.20000000000535,-74.97973949172496
61.22500000000536,-74.97978953402053
61.250000000005365,-74.97983945278095
61.27500000000537,-74.97988924831067
61.300000000005376,-74.97993892091333
61.32500000000538,-74.97998847089184
61.35000000000539,-74.98003789854839
61.37500000000539,-74.98008720418441
61.4000000000054,-74.98013638810062
61.425000000005404,-74.98018545059696
61.45000000000541,-74.98023439197267
61.475000000005416,-74.98028321252623
61.50000000000542,-74.98033191255543
61.52500000000543,-74.98038049235727
61.55000000000543,-74.98042895222808
61.57500000000544,-74.98047729246343
61.600000000005444,-74.98052551335817
61.62500000000545,-74.98057361520645
61.650000000005456,-74.98062159830167
61.67500000000546,-74.98066946293652
61.70000000000547,-74.98071720940298
61.72500000000547,-74.98076483799231
61.75000000000548,-74.98081234899506
61.775000000005484,-74.98085974270106
61.80000000000549,-74.98090701939942
61.825000000005495,-74.98095417937859
61.8500000000055,-74.98100122292624
61.87500000000551,-74.98104815032939
61.90000000000551,-74.98109496187432
61.92500000000552,-74.98114165784665
61.950000000005524,-74.98118823853126
61.97500000000553,-74.98123470421235
62.000000000005535,-74.98128105517343
62.02500000000554,-74.98132729169728
62.05000000000555,-74.98137341406604
62.07500000000555,-74.98141942256112
62.10000000000556,-74.98146531746325
62.12500000000556,-74.98151109905245
62.15000000000557,-74.98155676760811
62.175000000005575,-74.98160232340886
62.20000000000558,-74.98164776673272
62.225000000005586,-74.98169309785696
62.25000000000559,-74.98173831705823
62.2750000000056,-74.98178342461244
62.3000000000056,-74.9818284207949
62.32500000000561,-74.98187330588017
62.350000000005615,-74.98191808014218
62.37500000000562,-74.98196274385417
62.400000000005626,-74.98200729728872
62.42500000000563,-74.98205174071774
62.45000000000564,-74.98209607441244
62.47500000000564,-74.98214029864343
62.50000000000565,-74.9821844136806
62.525000000005654,-74.98222841979319
62.55000000000566,-74.9822723172498
62.575000000005666,-74.98231610631834
62.60000000000567,-74.98235978726609
62.62500000000568,-74.98240336035967
62.65000000000568,-74.98244682586503
62.67500000000569,-74.98249018404746
62.700000000005694,-74.98253343517163
62.7250000000057,-74.98257657950154
62.750000000005706,-74.98261961730056
62.77500000000571,-74.98266254883137
62.80000000000572,-74.98270537435604
62.82500000000572,-74.98274809413601
62.85000000000573,-74.98279070843205
62.875000000005734,-74.98283321750428
62.90000000000574,-74.98287562161222
62.925000000005745,-74.98291792101473
62.95000000000575,-74.98296011597003
62.97500000000576,-74.9830022067357
63.00000000000576,-74.98304419356873
63.02500000000577,-74.98308607672543
63.050000000005774,-74.98312785646148
63.07500000000578,-74.98316953303198
63.100000000005785,-74.98321110669137
63.12500000000579,-74.98325257769345
63.1500000000058,-74.98329394629143
63.1750000000058,-74.98333521273787
63.20000000000581,-74.98337637728474
63.225000000005814,-74.98341744018336
63.25000000000582,-74.98345840168446
63.275000000005825,-74.98349926203812
63.30000000000583,-74.98354002149384
63.325000000005836,-74.98358068030049
63.35000000000584,-74.98362123870632
63.37500000000585,-74.983661696959
63.40000000000585,-74.98370205530556
63.42500000000586,-74.98374231399244
63.450000000005865,-74.98378247326546
63.47500000000587,-74.98382253336986
63.500000000005876,-74.98386249455025
63.52500000000588,-74.98390235705065
63.55000000000589,-74.9839421211145
63.57500000000589,-74.9839817869846
63.6000000000059,-74.98402135490319
63.625000000005905,-74.9840608251119
63.65000000000591,-74.98410019785176
63.675000000005916,-74.98413947336321
63.70000000000592,-74.98417865188613
63.72500000000593,-74.98421773365976
63.75000000000593,-74.98425671892278
63.77500000000594,-74.98429560791328
63.800000000005944,-74.98433440086876
63.82500000000595,-74.98437309802615
63.850000000005956,-74.98441169962177
63.87500000000596,-74.98445020589139
63.90000000000597,-74.98448861707018
63.92500000000597,-74.98452693339274
63.95000000000598,-74.98456515509311
63.975000000005984,-74.98460328240469
64.00000000000598,-74.98464131556038
64.02500000000599,-74.98467925479248
64.050000000006,-74.98471710033272
64.075000000006,-74.98475485241224
64.100000000006,-74.98479251126165
64.12500000000601,-74.98483007711094
64.15000000000602,-74.9848675501896
64.17500000000602,-74.9849049307265
64.20000000000603,-74.98494221894998
64.22500000000603,-74.9849794150878
64.25000000000604,-74.98501651936719
64.27500000000605,-74.98505353201477
64.30000000000605,-74.98509045325663
64.32500000000606,-74.98512728331832
64.35000000000606,-74.98516402242481
64.37500000000607,-74.98520067080054
64.40000000000607,-74.98523722866936
64.42500000000608,-74.98527369625461
64.45000000000609,-74.98531007377905
64.47500000000609,-74.98534636146492
64.5000000000061,-74.98538255953389
64.5250000000061,-74.9854186682071
64.55000000000611,-74.98545468770513
64.57500000000611,-74.98549061824804
64.60000000000612,-74.98552646005533
64.62500000000612,-74.98556221334594
64.65000000000613,-74.98559787833833
64.67500000000614,-74.98563345525037
64.70000000000614,-74.98566894429942
64.72500000000615,-74.9857043457023
64.75000000000615,-74.98573965967529
64.77500000000616,-74.98577488643413
64.80000000000616,-74.98581002619405
64.82500000000617,-74.98584507916975
64.85000000000618,-74.98588004557537
64.87500000000618,-74.98591492562457
64.90000000000619,-74.98594971953044
64.9250000000062,-74.98598442750558
64.9500000000062,-74.98601904976205
64.9750000000062,-74.98605358651137
65.00000000000621,-74.98608803796458
65.02500000000622,-74.98612240433218
65.05000000000622,-74.98615668582413
65.07500000000623,-74.98619088264992
65.10000000000623,-74.98622499501849
65.12500000000624,-74.98625902313826
65.15000000000624,-74.98629296721717
65.17500000000625,-74.98632682746262
65.20000000000626,-74.98636060408151
65.22500000000626,-74.98639429728023
65.25000000000627,-74.98642790726467
65.27500000000627,-74.98646143424018
65.30000000000628,-74.98649487841166
65.32500000000628,-74.98652823998346
65.35000000000629,-74.98656151915942
65.3750000000063,-74.98659471614293
65.4000000000063,-74.98662783113684
65.4250000000063,-74.9866608643435
65.45000000000631,-74.9866938159648
65.47500000000632,-74.98672668620206
65.50000000000632,-74.98675947525616
65.52500000000633,-74.9867921833275
65.55000000000634,-74.98682481061593
65.57500000000634,-74.98685735732084
65.60000000000635,-74.98688982364115
65.62500000000635,-74.98692220977524
65.65000000000636,-74.98695451592104
65.67500000000636,-74.98698674227599
65.70000000000637,-74.987018889037
65.72500000000637,-74.98705095640057
65.75000000000638,-74.98708294456264
65.77500000000639,-74.98711485371874
65.80000000000639,-74.98714668406384
65.8250000000064,-74.9871784357925
65.8500000000064,-74.98721010909875
65.87500000000641,-74.9872417041762
65.90000000000641,-74.9872732212179
65.92500000000642,-74.9873046604165
65.95000000000643,-74.98733602196414
65.97500000000643,-74.98736730605249
66.00000000000644,-74.98739851287276
66.02500000000644,-74.98742964261567
66.05000000000645,-74.98746069547148
66.07500000000645,-74.98749167163
66.10000000000646,-74.98752257128052
66.12500000000647,-74.98755339461192
66.15000000000647,-74.98758414181259
66.17500000000648,-74.98761481307046
66.20000000000648,-74.987645408573
66.22500000000649,-74.9876759285072
66.2500000000065,-74.9877063730596
66.2750000000065,-74.98773674241629
66.3000000000065,-74.9877670367629
66.32500000000651,-74.9877972562846
66.35000000000652,-74.98782740116607
66.37500000000652,-74.9878574715916
66.40000000000653,-74.98788746774498
66.42500000000653,-74.98791738980955
66.45000000000654,-74.98794723796823
66.47500000000655,-74.98797701240343
66.50000000000655,-74.98800671329718
66.52500000000656,-74.98803634083102
66.55000000000656,-74.98806589518604
66.57500000000657,-74.9880953765429
66.60000000000657,-74.98812478508181
66.62500000000658,-74.98815412098253
66.65000000000659,-74.98818338442439
66.67500000000659,-74.98821257558627
66.7000000000066,-74.9882416946466
66.7250000000066,-74.9882707417834
66.75000000000661,-74.9882997171742
66.77500000000661,-74.98832862099616
66.80000000000662,-74.98835745342593
66.82500000000663,-74.98838621463979
66.85000000000663,-74.98841490481354
66.87500000000664,-74.98844352412256
66.90000000000664,-74.98847207274181
66.92500000000665,-74.98850055084583
66.95000000000665,-74.98852895860868
66.97500000000666,-74.98855729620402
67.00000000000666,-74.9885855638051
67.02500000000667,-74.98861376158473
67.05000000000668,-74.98864188971527
67.07500000000668,-74.98866994836868
67.10000000000669,-74.9886979377165
67.1250000000067,-74.98872585792982
67.1500000000067,-74.98875370917935
67.1750000000067,-74.98878149163535
67.20000000000671,-74.98880920546765
67.22500000000672,-74.98883685084569
67.25000000000672,-74.98886442793848
67.27500000000673,-74.9888919369146
67.30000000000673,-74.98891937794224
67.32500000000674,-74.98894675118916
67.35000000000674,-74.98897405682271
67.37500000000675,-74.98900129500983
67.40000000000676,-74.98902846591703
67.42500000000676,-74.98905556971044
67.45000000000677,-74.98908260655575
67.47500000000677,-74.98910957661828
67.50000000000678,-74.9891364800629
67.52500000000678,-74.98916331705409
67.55000000000679,-74.98919008775593
67.5750000000068,-74.9892167923321
67.6000000000068,-74.98924343094586
67.6250000000068,-74.98927000376008
67.65000000000681,-74.98929651093722
67.67500000000682,-74.98932295263934
67.70000000000682,-74.98934932902812
67.72500000000683,-74.98937564026481
67.75000000000684,-74.9894018865103
67.77500000000684,-74.98942806792502
67.80000000000685,-74.98945418466909
67.82500000000685,-74.98948023690217
67.85000000000686,-74.98950622478354
67.87500000000686,-74.98953214847211
67.90000000000687,-74.98955800812637
67.92500000000688,-74.98958380390442
67.95000000000688,-74.98960953596402
67.97500000000689,-74.98963520446247
68.00000000000689,-74.98966080955674
68.0250000000069,-74.98968635140336
68.0500000000069,-74.98971183015853
68.07500000000691,-74.989737245978
68.10000000000692,-74.98976259901721
68.12500000000692,-74.98978788943116
68.15000000000693,-74.98981311737448
68.17500000000693,-74.98983828300143
68.20000000000694,-74.9898633864659
68.22500000000694,-74.98988842792137
68.25000000000695,-74.98991340752096
68.27500000000695,-74.98993832541741
68.30000000000696,-74.98996318176309
68.32500000000697,-74.98998797670997
68.35000000000697,-74.99001271040967
68.37500000000698,-74.99003738301343
68.40000000000698,-74.99006199467212
68.42500000000699,-74.99008654553623
68.450000000007,-74.99011103575586
68.475000000007,-74.99013546548079
68.500000000007,-74.99015983486039
68.52500000000701,-74.99018414404368
68.55000000000702,-74.99020839317929
68.57500000000702,-74.99023258241552
68.60000000000703,-74.99025671190026
68.62500000000703,-74.99028078178108
68.65000000000704,-74.99030479220515
68.67500000000705,-74.99032874331931
68.70000000000705,-74.99035263527
68.72500000000706,-74.99037646820332
68.75000000000706,-74.99040024226501
68.77500000000707,-74.99042395760046
68.80000000000707,-74.99044761435468
68.82500000000708,-74.99047121267232
68.85000000000709,-74.9904947526977
68.87500000000709,-74.99051823457478
68.9000000000071,-74.99054165844713
68.9250000000071,-74.99056502445801
68.95000000000711,-74.99058833275028
68.97500000000711,-74.9906115834665
69.00000000000712,-74.99063477674883
69.02500000000713,-74.99065791273914
69.05000000000713,-74.99068099157886
69.07500000000714,-74.99070401340916
69.10000000000714,-74.9907269783708
69.12500000000715,-74.99074988660423
69.15000000000715,-74.99077273824955
69.17500000000716,-74.99079553344649
69.20000000000717,-74.99081827233445
69.22500000000717,-74.99084095505249
69.25000000000718,-74.99086358173933
69.27500000000718,-74.99088615253334
69.30000000000719,-74.99090866757253
69.3250000000072,-74.9909311269946
69.3500000000072,-74.9909535309369
69.3750000000072,-74.99097587953646
69.40000000000721,-74.99099817292992
69.42500000000722,-74.99102041125363
69.45000000000722,-74.99104259464359
69.47500000000723,-74.99106472323547
69.50000000000723,-74.99108679716457
69.52500000000724,-74.99110881656591
69.55000000000724,-74.99113078157416
69.57500000000725,-74.99115269232362
69.60000000000726,-74.99117454894831
69.62500000000726,-74.99119635158188
69.65000000000727,-74.99121810035767
69.67500000000727,-74.9912397954087
69.70000000000728,-74.99126143686765
69.72500000000728,-74.99128302486686
69.75000000000729,-74.99130455953836
69.7750000000073,-74.99132604101386
69.8000000000073,-74.99134746942474
69.82500000000731,-74.99136884490203
69.85000000000731,-74.99139016757645
69.87500000000732,-74.99141143757844
69.90000000000732,-74.99143265503805
69.92500000000733,-74.99145382008507
69.95000000000734,-74.99147493284893
69.97500000000734,-74.99149599345874
70.00000000000735,-74.99151700204332
70.02500000000735,-74.99153795873116
70.05000000000736,-74.99155886365041
70.07500000000736,-74.99157971692894
70.10000000000737,-74.99160051869428
70.12500000000738,-74.99162126907366
70.15000000000738,-74.99164196819397
70.17500000000739,-74.99166261618183
70.20000000000739,-74.9916832131635
70.2250000000074,-74.99170375926496
70.2500000000074,-74.99172425461188
70.27500000000741,-74.9917446993296
70.30000000000742,-74.99176509354317
70.32500000000742,-74.99178543737732
70.35000000000743,-74.99180573095646
70.37500000000743,-74.9918259744047
70.40000000000744,-74.99184616784589
70.42500000000744,-74.99186631140351
70.45000000000745,-74.99188640520077
70.47500000000746,-74.99190644936056
70.50000000000746,-74.99192644400547
70.52500000000747,-74.9919463892578
70.55000000000747,-74.99196628523953
70.57500000000748,-74.99198613207236
70.60000000000748,-74.99200592987766
70.62500000000749,-74.99202567877654
70.6500000000075,-74.99204537888977
70.6750000000075,-74.99206503033786
70.7000000000075,-74.99208463324098
70.72500000000751,-74.99210418771904
70.75000000000752,-74.99212369389164
70.77500000000752,-74.99214315187808
70.80000000000753,-74.99216256179739
70.82500000000753,-74.99218192376826
70.85000000000754,-74.99220123790914
70.87500000000755,-74.99222050433815
70.90000000000755,-74.99223972317313
70.92500000000756,-74.99225889453163
70.95000000000756,-74.99227801853091
70.97500000000757,-74.99229709528795
71.00000000000757,-74.99231612491943
71.02500000000758,-74.99233510754172
71.05000000000759,-74.99235404327095
71.07500000000759,-74.99237293222293
71.1000000000076,-74.99239177451321
71.1250000000076,-74.99241057025701
71.15000000000761,-74.99242931956931
71.17500000000761,-74.99244802256479
71.20000000000762,-74.99246667935785
71.22500000000763,-74.9924852900626
71.25000000000763,-74.99250385479287
71.27500000000764,-74.99252237366223
71.30000000000764,-74.99254084678392
71.32500000000765,-74.99255927427097
71.35000000000765,-74.99257765623607
71.37500000000766,-74.99259599279165
71.40000000000767,-74.99261428404989
71.42500000000767,-74.99263253012265
71.45000000000768,-74.99265073112154
71.47500000000768,-74.9926688871579
71.50000000000769,-74.99268699834278
71.5250000000077,-74.99270506478695
71.5500000000077,-74.9927230866009
71.5750000000077,-74.99274106389491
71.60000000000771,-74.99275899677892
71.62500000000772,-74.9927768853626
71.65000000000772,-74.9927947297554
71.67500000000773,-74.99281253006646
71.70000000000773,-74.99283028640465
71.72500000000774,-74.99284799887859
71.75000000000774,-74.99286566759662
71.77500000000775,-74.99288329266682
71.80000000000776,-74.99290087419699
71.82500000000776,-74.99291841229467
71.85000000000777,-74.99293590706716
71.87500000000777,-74.99295335862145
71.90000000000778,-74.99297076706429
71.92500000000778,-74.99298813250218
71.95000000000779,-74.99300545504131
71.9750000000078,-74.99302273478769
72.0000000000078,-74.99303997184697
72.02500000000781,-74.9930571663246
72.05000000000781,-74.99307431832577
72.07500000000782,-74.99309142795539
72.10000000000782,-74.99310849531811
72.12500000000783,-74.99312552051835
72.15000000000784,-74.99314250366022
72.17500000000784,-74.99315944484763
72.20000000000785,-74.99317634418419
72.22500000000785,-74.9931932017733
72.25000000000786,-74.99321001771804
72.27500000000786,-74.9932267921213
72.30000000000787,-74.99324352508569
72.32500000000788,-74.99326021671355
72.35000000000788,-74.99327686710699
72.37500000000789,-74.99329347636785
72.40000000000789,-74.99331004459775
72.4250000000079,-74.99332657189802
72.4500000000079,-74.99334305836977
72.47500000000791,-74.99335950411384
72.50000000000792,-74.99337590923083
72.52500000000792,-74.99339227382109
72.55000000000793,-74.99340859798473
72.57500000000793,-74.9934248818216
72.60000000000794,-74.9934411254313
72.62500000000794,-74.99345732891322
72.65000000000795,-74.99347349236646
72.67500000000796,-74.9934896158899
72.70000000000796,-74.99350569958216
72.72500000000797,-74.99352174354163
72.75000000000797,-74.99353774786647
72.77500000000798,-74.99355371265455
72.80000000000798,-74.99356963800355
72.82500000000799,-74.99358552401088
72.850000000008,-74.99360137077372
72.875000000008,-74.993617178389
72.900000000008,-74.99363294695344
72.92500000000801,-74.99364867656348
72.95000000000802,-74.99366436731533
72.97500000000802,-74.993680019305
73.00000000000803,-74.99369563262823
73.02500000000803,-74.99371120738051
73.05000000000804,-74.99372674365713
73.07500000000805,-74.99374224155315
73.10000000000805,-74.99375770116333
73.12500000000806,-74.99377312258227
73.15000000000806,-74.9937885059043
73.17500000000807,-74.99380385122352
73.20000000000807,-74.99381915863381
73.22500000000808,-74.9938344282288
73.25000000000809,-74.9938496601019
73.27500000000809,-74.99386485434628
73.3000000000081,-74.99388001105491
73.3250000000081,-74.9938951303205
73.35000000000811,-74.99391021223553
73.37500000000811,-74.99392525689227
73.40000000000812,-74.99394026438274
73.42500000000813,-74.99395523479876
73.45000000000813,-74.99397016823191
73.47500000000814,-74.99398506477353
73.50000000000814,-74.99399992451475
73.52500000000815,-74.99401474754649
73.55000000000815,-74.99402953395939
73.57500000000816,-74.99404428384395
73.60000000000817,-74.99405899729037
73.62500000000817,-74.99407367438867
73.65000000000818,-74.99408831522864
73.67500000000818,-74.99410291989982
73.70000000000819,-74.99411748849158
73.7250000000082,-74.99413202109302
73.7500000000082,-74.99414651779307
73.7750000000082,-74.99416097868038
73.80000000000821,-74.99417540384343
73.82500000000822,-74.99418979337047
73.85000000000822,-74.99420414734952
73.87500000000823,-74.99421846586839
73.90000000000823,-74.99423274901467
73.92500000000824,-74.99424699687575
73.95000000000825,-74.99426120953876
73.97500000000825,-74.99427538709068
74.00000000000826,-74.99428952961823
74.02500000000826,-74.99430363720792
74.05000000000827,-74.99431770994606
74.07500000000827,-74.99433174791874
74.10000000000828,-74.99434575121182
74.12500000000828,-74.99435971991099
74.15000000000829,-74.9943736541017
74.1750000000083,-74.99438755386917
74.2000000000083,-74.99440141929846
74.22500000000831,-74.99441525047438
74.25000000000831,-74.99442904748153
74.27500000000832,-74.99444281040435
74.30000000000832,-74.994456539327
74.32500000000833,-74.99447023433348
74.35000000000834,-74.99448389550757
74.37500000000834,-74.99449752293285
74.40000000000835,-74.99451111669266
74.42500000000835,-74.9945246768702
74.45000000000836,-74.9945382035484
74.47500000000836,-74.99455169681002
74.50000000000837,-74.9945651567376
74.52500000000838,-74.99457858341349
74.55000000000838,-74.9945919769198
74.57500000000839,-74.99460533733853
74.6000000000084,-74.99461866475134
74.6250000000084,-74.99463195923983
74.6500000000084,-74.99464522088527
74.67500000000841,-74.99465844976883
74.70000000000842,-74.99467164597142
74.72500000000842,-74.99468480957378
74.75000000000843,-74.99469794065645
74.77500000000843,-74.99471103929973
74.80000000000844,-74.99472410558378
74.82500000000844,-74.99473713958852
74.85000000000845,-74.9947501413937
74.87500000000846,-74.99476311107885
74.90000000000846,-74.99477604872332
74.92500000000847,-74.99478895440626
74.95000000000847,-74.99480182820662
74.97500000000848,-74.99481467020316
75.00000000000848,-74.99482748047444
75.02500000000849,-74.99484025909884
75.0500000000085,-74.99485300615451
75.0750000000085,-74.99486572171946
75.1000000000085,-74.99487840587146
75.12500000000851,-74.99489105868813
75.15000000000852,-74.99490368024686
75.17500000000852,-74.99491627062487
75.20000000000853,-74.99492882989918
75.22500000000854,-74.99494135814663
75.25000000000854,-74.99495385544387
75.27500000000855,-74.99496632186735
75.30000000000855,-74.99497875749333
75.32500000000856,-74.9949911623979
75.35000000000856,-74.99500353665694
75.37500000000857,-74.99501588034614
75.40000000000857,-74.99502819354105
75.42500000000858,-74.99504047631697
75.45000000000859,-74.99505272874907
75.47500000000859,-74.99506495091228
75.5000000000086,-74.99507714288139
75.5250000000086,-74.99508930473098
75.55000000000861,-74.99510143653546
75.57500000000861,-74.99511353836904
75.60000000000862,-74.99512561030578
75.62500000000863,-74.9951376524195
75.65000000000863,-74.9951496647839
75.67500000000864,-74.99516164747244
75.70000000000864,-74.99517360055846
75.72500000000865,-74.99518552411507
75.75000000000865,-74.99519741821521
75.77500000000866,-74.99520928293167
75.80000000000867,-74.99522111833701
75.82500000000867,-74.99523292450365
75.85000000000868,-74.99524470150382
75.87500000000868,-74.99525644940957
75.90000000000869,-74.99526816829277
75.9250000000087,-74.9952798582251
75.9500000000087,-74.9952915192781
75.9750000000087,-74.9953031515231
76.00000000000871,-74.99531475503126
76.02500000000872,-74.99532632987358
76.05000000000872,-74.99533787612087
76.07500000000873,-74.99534939384377
76.10000000000873,-74.99536088311272
76.12500000000874,-74.99537234399806
76.15000000000875,-74.99538377656985
76.17500000000875,-74.99539518089807
76.20000000000876,-74.99540655705248
76.22500000000876,-74.99541790510268
76.25000000000877,-74.9954292251181
76.27500000000877,-74.99544051716798
76.30000000000878,-74.99545178132142
76.32500000000879,-74.99546301764732
76.35000000000879,-74.99547422621444
76.3750000000088,-74.99548540709134
76.4000000000088,-74.99549656034642
76.42500000000881,-74.99550768604793
76.45000000000881,-74.99551878426392
76.47500000000882,-74.9955298550623
76.50000000000882,-74.9955408985108
76.52500000000883,-74.99555191467697
76.55000000000884,-74.99556290362821
76.57500000000884,-74.99557386543177
76.60000000000885,-74.99558480015469
76.62500000000885,-74.99559570786388
76.65000000000886,-74.99560658862607
76.67500000000886,-74.99561744250784
76.70000000000887,-74.99562826957558
76.72500000000888,-74.99563906989552
76.75000000000888,-74.99564984353376
76.77500000000889,-74.99566059055618
76.8000000000089,-74.99567131102857
76.8250000000089,-74.99568200501649
76.8500000000089,-74.99569267258538
76.87500000000891,-74.99570331380049
76.90000000000892,-74.99571392872693
76.92500000000892,-74.99572451742965
76.95000000000893,-74.99573507997343
76.97500000000893,-74.99574561642287
77.00000000000894,-74.99575612684245
77.02500000000894,-74.99576661129649
77.05000000000895,-74.9957770698491
77.07500000000896,-74.99578750256428
77.10000000000896,-74.99579790950587
77.12500000000897,-74.99580829073751
77.15000000000897,-74.99581864632275
77.17500000000898,-74.9958289763249
77.20000000000898,-74.9958392808072
77.22500000000899,-74.99584955983268
77.250000000009,-74.99585981346422
77.275000000009,-74.99587004176458
77.300000000009,-74.9958802447963
77.32500000000901,-74.99589042262181
77.35000000000902,-74.9959005753034
77.37500000000902,-74.99591070290315
77.40000000000903,-74.99592080548305
77.42500000000904,-74.9959308831049
77.45000000000904,-74.99594093583036
77.47500000000905,-74.99595096372093
77.50000000000905,-74.99596096683796
77.52500000000906,-74.99597094524265
77.55000000000906,-74.99598089899604
77.57500000000907,-74.99599082815904
77.60000000000908,-74.9960007327924
77.62500000000908,-74.9960106129567
77.65000000000909,-74.99602046871239
77.67500000000909,-74.99603030011978
77.7000000000091,-74.99604010723903
77.7250000000091,-74.99604989013011
77.75000000000911,-74.99605964885289
77.77500000000911,-74.99606938346709
77.80000000000912,-74.99607909403224
77.82500000000913,-74.99608878060776
77.85000000000913,-74.99609844325292
77.87500000000914,-74.99610808202682
77.90000000000914,-74.99611769698845
77.92500000000915,-74.99612728819662
77.95000000000915,-74.99613685571002
77.97500000000916,-74.99614639958719
78.00000000000917,-74.9961559198865
78.02500000000917,-74.99616541666622
78.05000000000918,-74.99617488998443
78.07500000000918,-74.99618433989912
78.10000000000919,-74.99619376646807
78.1250000000092,-74.99620316974897
78.1500000000092,-74.99621254979935
78.1750000000092,-74.9962219066766
78.20000000000921,-74.99623124043796
78.22500000000922,-74.99624055114054
78.25000000000922,-74.99624983884131
78.27500000000923,-74.99625910359708
78.30000000000923,-74.99626834546456
78.32500000000924,-74.99627756450025
78.35000000000925,-74.99628676076058
78.37500000000925,-74.99629593430181
78.40000000000926,-74.99630508518007
78.42500000000926,-74.99631421345134
78.45000000000927,-74.99632331917148
78.47500000000927,-74.99633240239618
78.50000000000928,-74.99634146318103
78.52500000000929,-74.99635050158145
78.55000000000929,-74.99635951765275
78.5750000000093,-74.99636851145009
78.6000000000093,-74.99637748302848
78.62500000000931,-74.99638643244283
78.65000000000931,-74.9963953597479
78.67500000000932,-74.99640426499829
78.70000000000933,-74.99641314824848
78.72500000000933,-74.99642200955283
78.75000000000934,-74.99643084896556
78.77500000000934,-74.99643966654075
78.80000000000935,-74.99644846233234
78.82500000000935,-74.99645723639415
78.85000000000936,-74.99646598877985
78.87500000000936,-74.996474719543
78.90000000000937,-74.99648342873701
78.92500000000938,-74.99649211641517
78.95000000000938,-74.99650078263063
78.97500000000939,-74.99650942743642
79.0000000000094,-74.99651805088541
79.0250000000094,-74.99652665303039
79.0500000000094,-74.99653523392396
79.07500000000941,-74.99654379361864
79.10000000000942,-74.99655233216679
79.12500000000942,-74.99656084962065
79.15000000000943,-74.99656934603233
79.17500000000943,-74.99657782145383
79.20000000000944,-74.99658627593698
79.22500000000944,-74.99659470953351
79.25000000000945,-74.99660312229504
79.27500000000946,-74.99661151427303
79.30000000000946,-74.99661988551881
79.32500000000947,-74.99662823608362
79.35000000000947,-74.99663656601854
79.37500000000948,-74.99664487537451
79.40000000000948,-74.99665316420241
79.42500000000949,-74.99666143255294
79.4500000000095,-74.99666968047667
79.4750000000095,-74.99667790802408
79.5000000000095,-74.99668611524551
79.52500000000951,-74.99669430219116
79.55000000000952,-74.99670246891112
79.57500000000952,-74.99671061545537
79.60000000000953,-74.99671874187374
79.62500000000954,-74.99672684821596
79.65000000000954,-74.99673493453162
79.67500000000955,-74.99674300087018
79.70000000000955,-74.99675104728102
79.72500000000956,-74.99675907381335
79.75000000000956,-74.99676708051629
79.77500000000957,-74.99677506743882
79.80000000000958,-74.99678303462981
79.82500000000958,-74.99679098213801
79.85000000000959,-74.99679891001202
79.87500000000959,-74.99680681830037
79.9000000000096,-74.99681470705144
79.9250000000096,-74.99682257631349
79.95000000000961,-74.99683042613466
79.97500000000962,-74.99683825656301
80.00000000000962,-74.9968460676464
80.02500000000963,-74.99685385943266
80.05000000000963,-74.99686163196945
80.07500000000964,-74.99686938530431
80.10000000000964,-74.9968771194847
80.12500000000965,-74.99688483455792
80.15000000000965,-74.99689253057119
80.17500000000966,-74.99690020757157
80.20000000000967,-74.99690786560606
80.22500000000967,-74.9969155047215
80.25000000000968,-74.99692312496462
80.27500000000968,-74.99693072638208
80.30000000000969,-74.99693830902034
80.3250000000097,-74.9969458729258
80.3500000000097,-74.99695341814477
80.3750000000097,-74.9969609447234
80.40000000000971,-74.99696845270772
80.42500000000972,-74.99697594214369
80.45000000000972,-74.99698341307712
80.47500000000973,-74.99699086555373
80.50000000000973,-74.9969982996191
80.52500000000974,-74.99700571531872
80.55000000000975,-74.99701311269796
80.57500000000975,-74.99702049180209
80.60000000000976,-74.99702785267625
80.62500000000976,-74.99703519536548
80.65000000000977,-74.9970425199147
80.67500000000977,-74.99704982636872
80.70000000000978,-74.99705711477225
80.72500000000979,-74.99706438516988
80.75000000000979,-74.9970716376061
80.7750000000098,-74.99707887212527
80.8000000000098,-74.99708608877167
80.82500000000981,-74.99709328758942
80.85000000000981,-74.9971004686226
80.87500000000982,-74.99710763191514
80.90000000000983,-74.99711477751086
80.92500000000983,-74.99712190545347
80.95000000000984,-74.99712901578658
80.97500000000984,-74.99713610855372
81.00000000000985,-74.99714318379827
81.02500000000985,-74.99715024156352
81.05000000000986,-74.99715728189264
81.07500000000987,-74.99716430482871
81.10000000000987,-74.99717131041471
81.12500000000988,-74.9971782986935
81.15000000000988,-74.99718526970783
81.17500000000989,-74.99719222350035
81.2000000000099,-74.99719916011361
81.2250000000099,-74.99720607959004
81.2500000000099,-74.997212981972
81.27500000000991,-74.9972198673017
81.30000000000992,-74.99722673562127
81.32500000000992,-74.99723358697273
81.35000000000993,-74.997240421398
81.37500000000993,-74.99724723893891
81.40000000000994,-74.99725403963716
81.42500000000994,-74.99726082353436
81.45000000000995,-74.99726759067201
81.47500000000996,-74.99727434109153
81.50000000000996,-74.99728107483419
81.52500000000997,-74.99728779194123
81.55000000000997,-74.99729449245372
81.57500000000998,-74.99730117641266
81.60000000000998,-74.99730784385896
81.62500000000999,-74.99731449483339
81.65000000001,-74.99732112937666
81.67500000001,-74.99732774752935
81.70000000001001,-74.99733434933198
81.72500000001001,-74.9973409348249
81.75000000001002,-74.99734750404843
81.77500000001002,-74.99735405704277
81.80000000001003,-74.99736059384799
81.82500000001004,-74.9973671145041
81.85000000001004,-74.99737361905099
81.87500000001005,-74.99738010752844
81.90000000001005,-74.99738657997618
81.92500000001006,-74.9973930364338
81.95000000001006,-74.9973994769408
81.97500000001007,-74.99740590153658
82.00000000001008,-74.99741231026046
82.02500000001008,-74.99741870315164
82.05000000001009,-74.99742508024923
82.07500000001009,-74.99743144159227
82.1000000000101,-74.99743778721965
82.1250000000101,-74.99744411717023
82.15000000001011,-74.9974504314827
82.17500000001012,-74.99745673019574
82.20000000001012,-74.99746301334784
82.22500000001013,-74.99746928097747
82.25000000001013,-74.99747553312297
82.27500000001014,-74.9974817698226
82.30000000001014,-74.9974879911145
82.32500000001015,-74.99749419703676
82.35000000001016,-74.99750038762733
82.37500000001016,-74.99750656292409
82.40000000001017,-74.99751272296483
82.42500000001017,-74.99751886778724
82.45000000001018,-74.99752499742891
82.47500000001018,-74.99753111192734
82.50000000001019,-74.99753721131995
82.5250000000102,-74.99754329564406
82.5500000000102,-74.99754936493689
82.5750000000102,-74.99755541923557
82.60000000001021,-74.99756145857714
82.62500000001022,-74.99756748299856
82.65000000001022,-74.9975734925367
82.67500000001023,-74.99757948722831
82.70000000001023,-74.99758546711007
82.72500000001024,-74.99759143221858
82.75000000001025,-74.99759738259033
82.77500000001025,-74.99760331826172
82.80000000001026,-74.99760923926907
82.82500000001026,-74.99761514564861
82.85000000001027,-74.99762103743647
82.87500000001027,-74.99762691466871
82.90000000001028,-74.9976327773813
82.92500000001029,-74.99763862561008
82.95000000001029,-74.99764445939084
82.9750000000103,-74.99765027875928
83.0000000000103,-74.99765608375101
83.02500000001031,-74.99766187440154
83.05000000001031,-74.9976676507463
83.07500000001032,-74.99767341282063
83.10000000001033,-74.99767916065979
83.12500000001033,-74.99768489429894
83.15000000001034,-74.99769061377317
83.17500000001034,-74.99769631911748
83.20000000001035,-74.99770201036675
83.22500000001035,-74.99770768755583
83.25000000001036,-74.99771335071944
83.27500000001037,-74.99771899989223
83.30000000001037,-74.99772463510878
83.32500000001038,-74.99773025640354
83.35000000001038,-74.99773586381093
83.37500000001039,-74.99774145736524
83.4000000000104,-74.99774703710071
83.4250000000104,-74.99775260305145
83.4500000000104,-74.99775815525156
83.47500000001041,-74.99776369373497
83.50000000001042,-74.99776921853558
83.52500000001042,-74.99777472968721
83.55000000001043,-74.99778022722354
83.57500000001043,-74.99778571117825
83.60000000001044,-74.99779118158487
83.62500000001044,-74.99779663847687
83.65000000001045,-74.99780208188764
83.67500000001046,-74.9978075118505
83.70000000001046,-74.99781292839864
83.72500000001047,-74.99781833156523
83.75000000001047,-74.99782372138331
83.77500000001048,-74.99782909788588
83.80000000001048,-74.99783446110581
83.82500000001049,-74.99783981107593
83.8500000000105,-74.99784514782897
83.8750000000105,-74.99785047139758
83.90000000001051,-74.99785578181434
83.92500000001051,-74.99786107911173
83.95000000001052,-74.99786636332216
83.97500000001052,-74.99787163447796
84.00000000001053,-74.9978768926114
84.02500000001054,-74.99788213775464
84.05000000001054,-74.99788736993976
84.07500000001055,-74.9978925891988
84.10000000001055,-74.99789779556366
84.12500000001056,-74.99790298906622
84.15000000001056,-74.99790816973825
84.17500000001057,-74.99791333761145
84.20000000001058,-74.99791849271742
84.22500000001058,-74.99792363508773
84.25000000001059,-74.99792876475382
84.27500000001059,-74.99793388174709
84.3000000000106,-74.99793898609884
84.3250000000106,-74.9979440778403
84.35000000001061,-74.99794915700264
84.37500000001062,-74.9979542236169
84.40000000001062,-74.99795927771412
84.42500000001063,-74.9979643193252
84.45000000001063,-74.99796934848099
84.47500000001064,-74.99797436521227
84.50000000001064,-74.99797936954972
84.52500000001065,-74.99798436152398
84.55000000001066,-74.99798934116556
84.57500000001066,-74.99799430850496
84.60000000001067,-74.99799926357255
84.62500000001067,-74.99800420639866
84.65000000001068,-74.99800913701354
84.67500000001068,-74.99801405544733
84.70000000001069,-74.99801896173015
84.7250000000107,-74.998023855892
84.7500000000107,-74.99802873796284
84.7750000000107,-74.99803360797253
84.80000000001071,-74.99803846595087
84.82500000001072,-74.99804331192757
84.85000000001072,-74.99804814593232
84.87500000001073,-74.99805296799465
84.90000000001073,-74.99805777814409
84.92500000001074,-74.99806257641006
84.95000000001075,-74.99806736282193
84.97500000001075,-74.99807213740897
85.00000000001076,-74.9980769002004
85.02500000001076,-74.99808165122536
85.05000000001077,-74.99808639051292
85.07500000001077,-74.99809111809208
85.10000000001078,-74.99809583399175
85.12500000001079,-74.99810053824082
85.15000000001079,-74.99810523086803
85.1750000000108,-74.99810991190212
85.2000000000108,-74.99811458137171
85.22500000001081,-74.99811923930538
85.25000000001081,-74.99812388573164
85.27500000001082,-74.9981285206789
85.30000000001083,-74.99813314417554
85.32500000001083,-74.99813775624983
85.35000000001084,-74.99814235692999
85.37500000001084,-74.99814694624418
85.40000000001085,-74.99815152422048
85.42500000001085,-74.99815609088688
85.45000000001086,-74.99816064627133
85.47500000001087,-74.99816519040172
85.50000000001087,-74.99816972330584
85.52500000001088,-74.99817424501141
85.55000000001088,-74.99817875554612
85.57500000001089,-74.99818325493756
85.6000000000109,-74.99818774321324
85.6250000000109,-74.99819222040064
85.6500000000109,-74.99819668652717
85.67500000001091,-74.99820114162011
85.70000000001092,-74.99820558570677
85.72500000001092,-74.9982100188143
85.75000000001093,-74.99821444096985
85.77500000001093,-74.99821885220045
85.80000000001094,-74.99822325253312
85.82500000001095,-74.99822764199476
85.85000000001095,-74.99823202061224
85.87500000001096,-74.99823638841235
85.90000000001096,-74.99824074542181
85.92500000001097,-74.99824509166727
85.95000000001097,-74.99824942717534
85.97500000001098,-74.99825375197253
86.00000000001098,-74.99825806608531
86.02500000001099,-74.99826236954009
86.050000000011,-74.99826666236316
86.075000000011,-74.99827094458082
86.10000000001101,-74.99827521621927
86.12500000001101,-74.99827947730462
86.15000000001102,-74.99828372786297
86.17500000001102,-74.9982879679203
86.20000000001103,-74.9982921975026
86.22500000001104,-74.99829641663568
86.25000000001104,-74.99830062534541
86.27500000001105,-74.99830482365752
86.30000000001105,-74.99830901159768
86.32500000001106,-74.99831318919155
86.35000000001106,-74.99831735646467
86.37500000001107,-74.99832151344253
86.40000000001108,-74.99832566015058
86.42500000001108,-74.9983297966142
86.45000000001109,-74.99833392285868
86.4750000000111,-74.99833803890925
86.5000000000111,-74.99834214479114
86.5250000000111,-74.99834624052943
86.55000000001111,-74.9983503261492
86.57500000001112,-74.99835440167544
86.60000000001112,-74.99835846713309
86.62500000001113,-74.99836252254703
86.65000000001113,-74.99836656794206
86.67500000001114,-74.99837060334293
86.70000000001114,-74.99837462877436
86.72500000001115,-74.99837864426094
86.75000000001116,-74.99838264982726
86.77500000001116,-74.99838664549783
86.80000000001117,-74.9983906312971
86.82500000001117,-74.99839460724944
86.85000000001118,-74.99839857337918
86.87500000001118,-74.9984025297106
86.90000000001119,-74.99840647626789
86.9250000000112,-74.99841041307522
86.9500000000112,-74.99841434015666
86.9750000000112,-74.99841825753623
87.00000000001121,-74.99842216523791
87.02500000001122,-74.99842606328562
87.05000000001122,-74.99842995170319
87.07500000001123,-74.99843383051441
87.10000000001124,-74.99843769974304
87.12500000001124,-74.99844155941273
87.15000000001125,-74.99844540954709
87.17500000001125,-74.9984492501697
87.20000000001126,-74.99845308130404
87.22500000001126,-74.99845690297356
87.25000000001127,-74.99846071520165
87.27500000001127,-74.9984645180116
87.30000000001128,-74.99846831142672
87.32500000001129,-74.9984720954702
87.35000000001129,-74.9984758701652
87.3750000000113,-74.9984796355348
87.4000000000113,-74.99848339160205
87.42500000001131,-74.99848713838993
87.45000000001131,-74.99849087592138
87.47500000001132,-74.99849460421923
87.50000000001133,-74.99849832330632
87.52500000001133,-74.99850203320541
87.55000000001134,-74.99850573393918
87.57500000001134,-74.99850942553027
87.60000000001135,-74.99851310800129
87.62500000001135,-74.99851678137476
87.65000000001136,-74.99852044567315
87.67500000001137,-74.99852410091889
87.70000000001137,-74.99852774713433
87.72500000001138,-74.99853138434179
87.75000000001138,-74.99853501256352
87.77500000001139,-74.99853863182173
87.8000000000114,-74.99854224213854
87.8250000000114,-74.99854584353606
87.8500000000114,-74.99854943603633
87.87500000001141,-74.99855301966132
87.90000000001142,-74.99855659443296
87.92500000001142,-74.9985601603731
87.95000000001143,-74.99856371750359
87.97500000001143,-74.99856726584618
88.00000000001144,-74.99857080542259
88.02500000001145,-74.99857433625446
88.05000000001145,-74.9985778583634
88.07500000001146,-74.99858137177097
88.10000000001146,-74.99858487649865
88.12500000001147,-74.9985883725679
88.15000000001147,-74.9985918600001
88.17500000001148,-74.9985953388166
88.20000000001149,-74.99859880903867
88.22500000001149,-74.99860227068754
88.2500000000115,-74.99860572378441
88.2750000000115,-74.99860916835038
88.30000000001151,-74.99861260440655
88.32500000001151,-74.99861603197394
88.35000000001152,-74.99861945107351
88.37500000001153,-74.99862286172619
88.40000000001153,-74.99862626395284
88.42500000001154,-74.99862965777429
88.45000000001154,-74.99863304321129
88.47500000001155,-74.99863642028456
88.50000000001155,-74.99863978901476
88.52500000001156,-74.99864314942249
88.55000000001156,-74.99864650152834
88.57500000001157,-74.9986498453528
88.60000000001158,-74.99865318091634
88.62500000001158,-74.99865650823935
88.65000000001159,-74.99865982734221
88.6750000000116,-74.99866313824522
88.7000000000116,-74.99866644096862
88.7250000000116,-74.99866973553264
88.75000000001161,-74.99867302195744
88.77500000001162,-74.99867630026311
88.80000000001162,-74.99867957046972
88.82500000001163,-74.99868283259727
88.85000000001163,-74.99868608666573
88.87500000001164,-74.99868933269501
88.90000000001164,-74.99869257070495
88.92500000001165,-74.99869580071538
88.95000000001166,-74.99869902274607
88.97500000001166,-74.99870223681673
89.00000000001167,-74.998705442947
89.02500000001167,-74.99870864115653
89.05000000001168,-74.99871183146486
89.07500000001168,-74.99871501389154
89.10000000001169,-74.99871818845601
89.1250000000117,-74.99872135517772
89.1500000000117,-74.99872451407603
89.1750000000117,-74.99872766517028
89.20000000001171,-74.99873080847973
89.22500000001172,-74.99873394402363
89.25000000001172,-74.99873707182115
89.27500000001173,-74.99874019189146
89.30000000001174,-74.99874330425361
89.32500000001174,-74.99874640892666
89.35000000001175,-74.99874950592961
89.37500000001175,-74.9987525952814
89.40000000001176,-74.99875567700094
89.42500000001176,-74.99875875110709
89.45000000001177,-74.99876181761864
89.47500000001178,-74.99876487655436
89.50000000001178,-74.99876792793297
89.52500000001179,-74.99877097177315
89.55000000001179,-74.9987740080935
89.5750000000118,-74.99877703691263
89.6000000000118,-74.99878005824904
89.62500000001181,-74.99878307212123
89.65000000001181,-74.99878607854764
89.67500000001182,-74.99878907754666
89.70000000001183,-74.99879206913664
89.72500000001183,-74.9987950533359
89.75000000001184,-74.99879803016267
89.77500000001184,-74.9988009996352
89.80000000001185,-74.99880396177161
89.82500000001185,-74.99880691659007
89.85000000001186,-74.99880986410864
89.87500000001187,-74.99881280434535
89.90000000001187,-74.9988157373182
89.92500000001188,-74.99881866304513
89.95000000001188,-74.99882158154404
89.97500000001189,-74.9988244928328
90.0000000000119,-74.99882739692919
90.0250000000119,-74.99883029385101
90.0500000000119,-74.99883318361597
90.07500000001191,-74.99883606624176
90.10000000001192,-74.99883894174602
90.12500000001192,-74.99884181014633
90.15000000001193,-74.99884467146025
90.17500000001193,-74.99884752570527
90.20000000001194,-74.99885037289889
90.22500000001195,-74.99885321305848
90.25000000001195,-74.99885604620147
90.27500000001196,-74.99885887234515
90.30000000001196,-74.99886169150685
90.32500000001197,-74.99886450370379
90.35000000001197,-74.9988673089532
90.37500000001198,-74.99887010727221
90.40000000001199,-74.99887289867797
90.42500000001199,-74.99887568318756
90.450000000012,-74.998878460818
90.475000000012,-74.99888123158631
90.50000000001201,-74.99888399550942
90.52500000001201,-74.99888675260424
90.55000000001202,-74.99888950288765
90.57500000001203,-74.99889224637647
90.60000000001203,-74.9988949830875
90.62500000001204,-74.99889771303746
90.65000000001204,-74.99890043624308
90.67500000001205,-74.998903152721
90.70000000001205,-74.99890586248786
90.72500000001206,-74.99890856556023
90.75000000001207,-74.99891126195465
90.77500000001207,-74.99891395168761
90.80000000001208,-74.99891663477558
90.82500000001208,-74.99891931123497
90.85000000001209,-74.99892198108216
90.8750000000121,-74.99892464433348
90.9000000000121,-74.99892730100522
90.9250000000121,-74.99892995111365
90.95000000001211,-74.99893259467498
90.97500000001212,-74.99893523170537
91.00000000001212,-74.99893786222098
91.02500000001213,-74.99894048623788
91.05000000001213,-74.99894310377215
91.07500000001214,-74.99894571483978
91.10000000001214,-74.99894831945676
91.12500000001215,-74.99895091763902
91.15000000001216,-74.99895350940245
91.17500000001216,-74.99895609476293
91.20000000001217,-74.99895867373627
91.22500000001217,-74.99896124633824
91.25000000001218,-74.99896381258459
91.27500000001218,-74.99896637249101
91.30000000001219,-74.99896892607319
91.3250000000122,-74.99897147334671
91.3500000000122,-74.9989740143272
91.37500000001221,-74.99897654903017
91.40000000001221,-74.99897907747116
91.42500000001222,-74.99898159966563
91.45000000001222,-74.998984115629
91.47500000001223,-74.99898662537667
91.50000000001224,-74.998989128924
91.52500000001224,-74.9989916262863
91.55000000001225,-74.99899411747886
91.57500000001225,-74.99899660251693
91.60000000001226,-74.99899908141569
91.62500000001226,-74.99900155419031
91.65000000001227,-74.99900402085595
91.67500000001228,-74.99900648142768
91.70000000001228,-74.99900893592056
91.72500000001229,-74.99901138434959
91.75000000001229,-74.99901382672978
91.7750000000123,-74.99901626307604
91.8000000000123,-74.99901869340331
91.82500000001231,-74.99902111772646
91.85000000001232,-74.99902353606029
91.87500000001232,-74.99902594841961
91.90000000001233,-74.9990283548192
91.92500000001233,-74.99903075527376
91.95000000001234,-74.999033149798
91.97500000001234,-74.99903553840655
92.00000000001235,-74.99903792111402
92.02500000001235,-74.99904029793503
92.05000000001236,-74.99904266888407
92.07500000001237,-74.99904503397568
92.10000000001237,-74.99904739322432
92.12500000001238,-74.99904974664442
92.15000000001238,-74.99905209425039
92.17500000001239,-74.99905443605658
92.2000000000124,-74.99905677207734
92.2250000000124,-74.99905910232695
92.2500000000124,-74.99906142681967
92.27500000001241,-74.99906374556971
92.30000000001242,-74.99906605859127
92.32500000001242,-74.9990683658985
92.35000000001243,-74.99907066750552
92.37500000001243,-74.99907296342641
92.40000000001244,-74.99907525367522
92.42500000001245,-74.99907753826595
92.45000000001245,-74.9990798172126
92.47500000001246,-74.9990820905291
92.50000000001246,-74.99908435822935
92.52500000001247,-74.99908662032725
92.55000000001247,-74.99908887683662
92.57500000001248,-74.99909112777128
92.60000000001249,-74.99909337314499
92.62500000001249,-74.99909561297149
92.6500000000125,-74.9990978472645
92.6750000000125,-74.99910007603766
92.70000000001251,-74.99910229930465
92.72500000001251,-74.99910451707903
92.75000000001252,-74.9991067293744
92.77500000001253,-74.99910893620428
92.80000000001253,-74.99911113758218
92.82500000001254,-74.99911333352156
92.85000000001254,-74.99911552403587
92.87500000001255,-74.9991177091385
92.90000000001255,-74.99911988884283
92.92500000001256,-74.99912206316218
92.95000000001257,-74.99912423210986
92.97500000001257,-74.99912639569915
93.00000000001258,-74.9991285539433
93.02500000001258,-74.99913070685547
93.05000000001259,-74.99913285444887
93.0750000000126,-74.99913499673664
93.1000000000126,-74.99913713373186
93.1250000000126,-74.99913926544764
93.15000000001261,-74.999141391897
93.17500000001262,-74.99914351309296
93.20000000001262,-74.9991456290485
93.22500000001263,-74.99914773977655
93.25000000001263,-74.99914984529005
93.27500000001264,-74.99915194560185
93.30000000001264,-74.99915404072483
93.32500000001265,-74.9991561306718
93.35000000001266,-74.99915821545555
93.37500000001266,-74.99916029508883
93.40000000001267,-74.99916236958437
93.42500000001267,-74.99916443895485
93.45000000001268,-74.99916650321295
93.47500000001268,-74.99916856237128
93.50000000001269,-74.99917061644246
93.5250000000127,-74.99917266543903
93.5500000000127,-74.99917470937356
93.57500000001271,-74.99917674825853
93.60000000001271,-74.99917878210644
93.62500000001272,-74.9991808109297
93.65000000001272,-74.99918283474075
93.67500000001273,-74.99918485355197
93.70000000001274,-74.99918686737571
93.72500000001274,-74.99918887622428
93.75000000001275,-74.99919088010998
93.77500000001275,-74.99919287904508
93.80000000001276,-74.9991948730418
93.82500000001276,-74.99919686211233
93.85000000001277,-74.99919884626885
93.87500000001278,-74.99920082552352
93.90000000001278,-74.99920279988842
93.92500000001279,-74.99920476937565
93.95000000001279,-74.99920673399724
93.9750000000128,-74.99920869376523
94.0000000000128,-74.9992106486916
94.02500000001281,-74.99921259878832
94.05000000001282,-74.99921454406731
94.07500000001282,-74.9992164845405
94.10000000001283,-74.99921842021972
94.12500000001283,-74.99922035111683
94.15000000001284,-74.99922227724366
94.17500000001284,-74.99922419861198
94.20000000001285,-74.99922611523355
94.22500000001286,-74.99922802712011
94.25000000001286,-74.99922993428333
94.27500000001287,-74.99923183673491
94.30000000001287,-74.99923373448647
94.32500000001288,-74.99923562754961
94.35000000001288,-74.99923751593593
94.37500000001289,-74.999239399657
94.4000000000129,-74.99924127872431
94.4250000000129,-74.99924315314938
94.4500000000129,-74.99924502294368
94.47500000001291,-74.99924688811865
94.50000000001292,-74.99924874868567
94.52500000001292,-74.99925060465617
94.55000000001293,-74.99925245604149
94.57500000001293,-74.99925430285295
94.60000000001294,-74.99925614510184
94.62500000001295,-74.99925798279945
94.65000000001295,-74.99925981595702
94.67500000001296,-74.99926164458577
94.70000000001296,-74.99926346869688
94.72500000001297,-74.99926528830152
94.75000000001297,-74.99926710341082
94.77500000001298,-74.99926891403587
94.80000000001299,-74.99927072018777
94.82500000001299,-74.99927252187756
94.850000000013,-74.99927431911627
94.875000000013,-74.99927611191488
94.90000000001301,-74.99927790028438
94.92500000001301,-74.99927968423572
94.95000000001302,-74.99928146377978
94.97500000001303,-74.99928323892748
95.00000000001303,-74.99928500968966
95.02500000001304,-74.99928677607716
95.05000000001304,-74.9992885381008
95.07500000001305,-74.99929029577135
95.10000000001305,-74.99929204909955
95.12500000001306,-74.99929379809616
95.15000000001307,-74.99929554277186
95.17500000001307,-74.99929728313734
95.20000000001308,-74.99929901920322
95.22500000001308,-74.99930075098015
95.25000000001309,-74.99930247847873
95.2750000000131,-74.99930420170949
95.3000000000131,-74.99930592068301
95.3250000000131,-74.9993076354098
95.35000000001311,-74.99930934590036
95.37500000001312,-74.99931105216513
95.40000000001312,-74.99931275421457
95.42500000001313,-74.99931445205908
95.45000000001313,-74.99931614570906
95.47500000001314,-74.99931783517488
95.50000000001315,-74.99931952046686
95.52500000001315,-74.99932120159531
95.55000000001316,-74.99932287857052
95.57500000001316,-74.99932455140276
95.60000000001317,-74.99932622010228
95.62500000001317,-74.99932788467925
95.65000000001318,-74.99932954514387
95.67500000001318,-74.99933120150631
95.70000000001319,-74.99933285377669
95.7250000000132,-74.99933450196514
95.7500000000132,-74.99933614608172
95.77500000001321,-74.99933778613651
95.80000000001321,-74.99933942213953
95.82500000001322,-74.99934105410081
95.85000000001322,-74.9993426820303
95.87500000001323,-74.999344305938
95.90000000001324,-74.99934592583382
95.92500000001324,-74.99934754172769
95.95000000001325,-74.99934915362947
95.97500000001325,-74.99935076154904
96.00000000001326,-74.99935236549624
96.02500000001326,-74.99935396548088
96.05000000001327,-74.99935556151276
96.07500000001328,-74.99935715360162
96.10000000001328,-74.99935874175722
96.12500000001329,-74.99936032598927
96.15000000001329,-74.99936190630747
96.1750000000133,-74.99936348272149
96.2000000000133,-74.99936505524097
96.22500000001331,-74.99936662387553
96.25000000001332,-74.99936818863478
96.27500000001332,-74.99936974952827
96.30000000001333,-74.99937130656556
96.32500000001333,-74.99937285975619
96.35000000001334,-74.99937440910966
96.37500000001334,-74.99937595463544
96.40000000001335,-74.99937749634299
96.42500000001336,-74.99937903424174
96.45000000001336,-74.99938056834111
96.47500000001337,-74.99938209865047
96.50000000001337,-74.9993836251792
96.52500000001338,-74.99938514793664
96.55000000001338,-74.99938666693208
96.57500000001339,-74.99938818217485
96.6000000000134,-74.9993896936742
96.6250000000134,-74.99939120143938
96.6500000000134,-74.99939270547962
96.67500000001341,-74.99939420580412
96.70000000001342,-74.99939570242206
96.72500000001342,-74.99939719534261
96.75000000001343,-74.99939868457489
96.77500000001343,-74.999400170128
96.80000000001344,-74.99940165201104
96.82500000001345,-74.99940313023309
96.85000000001345,-74.99940460480319
96.87500000001346,-74.99940607573035
96.90000000001346,-74.99940754302358
96.92500000001347,-74.99940900669185
96.95000000001347,-74.99941046674411
96.97500000001348,-74.99941192318931
97.00000000001349,-74.99941337603637
97.02500000001349,-74.99941482529415
97.0500000000135,-74.99941627097154
97.0750000000135,-74.99941771307736
97.10000000001351,-74.99941915162046
97.12500000001351,-74.99942058660963
97.15000000001352,-74.99942201805365
97.17500000001353,-74.99942344596128
97.20000000001353,-74.99942487034127
97.22500000001354,-74.99942629120231
97.25000000001354,-74.9994277085531
97.27500000001355,-74.99942912240233
97.30000000001355,-74.99943053275862
97.32500000001356,-74.99943193963064
97.35000000001357,-74.99943334302696
97.37500000001357,-74.99943474295618
97.40000000001358,-74.99943613942688
97.42500000001358,-74.99943753244759
97.45000000001359,-74.99943892202683
97.4750000000136,-74.9994403081731
97.5000000000136,-74.9994416908949
97.5250000000136,-74.99944307020067
97.55000000001361,-74.99944444609886
97.57500000001362,-74.99944581859789
97.60000000001362,-74.99944718770615
97.62500000001363,-74.99944855343202
97.65000000001363,-74.99944991578386
97.67500000001364,-74.99945127477
97.70000000001365,-74.99945263039876
97.72500000001365,-74.99945398267843
97.75000000001366,-74.99945533161728
97.77500000001366,-74.99945667722359
97.80000000001367,-74.99945801950555
97.82500000001367,-74.99945935847141
97.85000000001368,-74.99946069412934
97.87500000001369,-74.99946202648752
97.90000000001369,-74.9994633555541
97.9250000000137,-74.99946468133722
97.9500000000137,-74.99946600384499
97.97500000001371,-74.99946732308548
98.00000000001371,-74.99946863906679
98.02500000001372,-74.99946995179697
98.05000000001372,-74.99947126128403
98.07500000001373,-74.999472567536
98.10000000001374,-74.99947387056086
98.12500000001374,-74.9994751703666
98.15000000001375,-74.99947646696116
98.17500000001375,-74.99947776035248
98.20000000001376,-74.99947905054846
98.22500000001376,-74.999480337557
98.25000000001377,-74.999481621386
98.27500000001378,-74.99948290204328
98.30000000001378,-74.9994841795367
98.32500000001379,-74.99948545387404
98.3500000000138,-74.99948672506314
98.3750000000138,-74.99948799311176
98.4000000000138,-74.99948925802765
98.42500000001381,-74.99949051981858
98.45000000001382,-74.99949177849223
98.47500000001382,-74.99949303405633
98.50000000001383,-74.99949428651854
98.52500000001383,-74.99949553588654
98.55000000001384,-74.99949678216798
98.57500000001384,-74.99949802537047
98.60000000001385,-74.99949926550161
98.62500000001386,-74.999500502569
98.65000000001386,-74.99950173658023
98.67500000001387,-74.99950296754281
98.70000000001387,-74.9995041954643
98.72500000001388,-74.9995054203522
98.75000000001388,-74.999506642214
98.77500000001389,-74.9995078610572
98.8000000000139,-74.99950907688923
98.8250000000139,-74.99951028971753
98.8500000000139,-74.99951149954954
98.87500000001391,-74.99951270639266
98.90000000001392,-74.99951391025427
98.92500000001392,-74.99951511114172
98.95000000001393,-74.99951630906239
98.97500000001394,-74.99951750402357
99.00000000001394,-74.9995186960326
99.02500000001395,-74.99951988509676
99.05000000001395,-74.99952107122334
99.07500000001396,-74.99952225441959
99.10000000001396,-74.99952343469273
99.12500000001397,-74.99952461205001
99.15000000001397,-74.99952578649862
99.17500000001398,-74.99952695804576
99.20000000001399,-74.99952812669858
99.22500000001399,-74.99952929246423
99.250000000014,-74.99953045534986
99.275000000014,-74.99953161536256
99.30000000001401,-74.99953277250945
99.32500000001401,-74.99953392679761
99.35000000001402,-74.99953507823409
99.37500000001403,-74.99953622682594
99.40000000001403,-74.99953737258018
99.42500000001404,-74.99953851550383
99.45000000001404,-74.99953965560388
99.47500000001405,-74.99954079288732
99.50000000001405,-74.99954192736108
99.52500000001406,-74.99954305903212
99.55000000001407,-74.99954418790736
99.57500000001407,-74.9995453139937
99.60000000001408,-74.99954643729805
99.62500000001408,-74.99954755782727
99.65000000001409,-74.99954867558822
99.6750000000141,-74.99954979058772
99.7000000000141,-74.99955090283262
99.7250000000141,-74.99955201232972
99.75000000001411,-74.99955311908579
99.77500000001412,-74.99955422310761
99.80000000001412,-74.99955532440194
99.82500000001413,-74.99955642297552
99.85000000001413,-74.99955751883506
99.87500000001414,-74.99955861198728
99.90000000001415,-74.99955970243887
99.92500000001415,-74.99956079019648
99.95000000001416,-74.99956187526679
99.97500000001416,-74.99956295765642
100.00000000001417,-74.999564037372
100.02500000001417,-74.99956511442014
100.05000000001418,-74.99956618880742
100.07500000001419,-74.99956726054043
100.10000000001419,-74.99956832962572
100.1250000000142,-74.99956939606982
100.1500000000142,-74.99957045987927
100.17500000001421,-74.99957152106056
100.20000000001421,-74.9995725796202
100.22500000001422,-74.99957363556467
100.25000000001423,-74.99957468890042
100.27500000001423,-74.9995757396339
100.30000000001424,-74.99957678777153
100.32500000001424,-74.99957783331973
100.35000000001425,-74.99957887628491
100.37500000001425,-74.99957991667344
100.40000000001426,-74.99958095449168
100.42500000001426,-74.99958198974598
100.45000000001427,-74.99958302244268
100.47500000001428,-74.99958405258809
100.50000000001428,-74.99958508018852
100.52500000001429,-74.99958610525027
100.5500000000143,-74.99958712777959
100.5750000000143,-74.99958814778275
100.6000000000143,-74.99958916526599
100.62500000001431,-74.99959018023553
100.65000000001432,-74.99959119269758
100.67500000001432,-74.99959220265833
100.70000000001433,-74.99959321012398
100.72500000001433,-74.99959421510067
100.75000000001434,-74.99959521759456
100.77500000001434,-74.99959621761178
100.80000000001435,-74.99959721515846
100.82500000001436,-74.99959821024069
100.85000000001436,-74.99959920286457
100.87500000001437,-74.99960019303617
100.90000000001437,-74.99960118076154
100.92500000001438,-74.99960216604673
100.95000000001438,-74.99960314889776
100.97500000001439,-74.99960412932066
101.0000000000144,-74.99960510732141
101.0250000000144,-74.99960608290601
101.0500000000144,-74.99960705608044
101.07500000001441,-74.99960802685061
101.10000000001442,-74.9996089952225
101.12500000001442,-74.99960996120203
101.15000000001443,-74.99961092479508
101.17500000001444,-74.99961188600759
101.20000000001444,-74.9996128448454
101.22500000001445,-74.99961380131441
101.25000000001445,-74.99961475542045
101.27500000001446,-74.99961570716937
101.30000000001446,-74.99961665656699
101.32500000001447,-74.99961760361911
101.35000000001448,-74.99961854833154
101.37500000001448,-74.99961949071005
101.40000000001449,-74.99962043076042
101.42500000001449,-74.99962136848838
101.4500000000145,-74.99962230389967
101.4750000000145,-74.99962323700002
101.50000000001451,-74.99962416779516
101.52500000001451,-74.99962509629076
101.55000000001452,-74.99962602249249
101.57500000001453,-74.99962694640605
101.60000000001453,-74.99962786803707
101.62500000001454,-74.99962878739119
101.65000000001454,-74.99962970447405
101.67500000001455,-74.99963061929125
101.70000000001455,-74.9996315318484
101.72500000001456,-74.99963244215105
101.75000000001457,-74.9996333502048
101.77500000001457,-74.9996342560152
101.80000000001458,-74.9996351595878
101.82500000001458,-74.9996360609281
101.85000000001459,-74.99963696004164
101.8750000000146,-74.99963785693393
101.9000000000146,-74.99963875161043
101.9250000000146,-74.99963964407662
101.95000000001461,-74.99964053433798
101.97500000001462,-74.99964142239995
102.00000000001462,-74.99964230826794
102.02500000001463,-74.9996431919474
102.05000000001463,-74.99964407344372
102.07500000001464,-74.9996449527623
102.10000000001465,-74.99964582990852
102.12500000001465,-74.99964670488774
102.15000000001466,-74.99964757770532
102.17500000001466,-74.9996484483666
102.20000000001467,-74.9996493168769
102.22500000001467,-74.99965018324156
102.25000000001468,-74.99965104746585
102.27500000001469,-74.99965190955506
102.30000000001469,-74.99965276951448
102.3250000000147,-74.99965362734937
102.3500000000147,-74.99965448306497
102.37500000001471,-74.99965533666652
102.40000000001471,-74.99965618815925
102.42500000001472,-74.99965703754836
102.45000000001473,-74.99965788483904
102.47500000001473,-74.99965873003649
102.50000000001474,-74.99965957314588
102.52500000001474,-74.99966041417235
102.55000000001475,-74.99966125312108
102.57500000001475,-74.99966208999716
102.60000000001476,-74.99966292480575
102.62500000001477,-74.99966375755193
102.65000000001477,-74.9996645882408
102.67500000001478,-74.99966541687746
102.70000000001478,-74.99966624346696
102.72500000001479,-74.99966706801438
102.7500000000148,-74.99966789052475
102.7750000000148,-74.9996687110031
102.8000000000148,-74.99966952945444
102.82500000001481,-74.9996703458838
102.85000000001482,-74.99967116029617
102.87500000001482,-74.99967197269653
102.90000000001483,-74.99967278308985
102.92500000001483,-74.99967359148108
102.95000000001484,-74.99967439787518
102.97500000001484,-74.99967520227709
103.00000000001485,-74.99967600469171
103.02500000001486,-74.99967680512397
103.05000000001486,-74.99967760357875
103.07500000001487,-74.99967840006093
103.10000000001487,-74.9996791945754
103.12500000001488,-74.99967998712704
103.15000000001488,-74.99968077772066
103.17500000001489,-74.99968156636112
103.2000000000149,-74.99968235305323
103.2250000000149,-74.99968313780182
103.25000000001491,-74.99968392061169
103.27500000001491,-74.99968470148761
103.30000000001492,-74.99968548043438
103.32500000001492,-74.99968625745676
103.35000000001493,-74.99968703255949
103.37500000001494,-74.99968780574734
103.40000000001494,-74.99968857702501
103.42500000001495,-74.99968934639725
103.45000000001495,-74.99969011386874
103.47500000001496,-74.99969087944419
103.50000000001496,-74.99969164312829
103.52500000001497,-74.9996924049257
103.55000000001498,-74.99969316484108
103.57500000001498,-74.99969392287908
103.60000000001499,-74.99969467904435
103.62500000001499,-74.99969543334151
103.650000000015,-74.99969618577518
103.675000000015,-74.99969693634995
103.70000000001501,-74.99969768507042
103.72500000001502,-74.99969843194117
103.75000000001502,-74.99969917696677
103.77500000001503,-74.99969992015178
103.80000000001503,-74.99970066150077
103.82500000001504,-74.99970140101823
103.85000000001504,-74.99970213870871
103.87500000001505,-74.99970287457673
103.90000000001505,-74.99970360862677
103.92500000001506,-74.99970434086335
103.95000000001507,-74.99970507129093
103.97500000001507,-74.99970579991398
104.00000000001508,-74.99970652673697
104.02500000001508,-74.99970725176433
104.05000000001509,-74.99970797500052
104.0750000000151,-74.99970869644994
104.1000000000151,-74.99970941611703
104.1250000000151,-74.99971013400616
104.15000000001511,-74.99971085012176
104.17500000001512,-74.99971156446817
104.20000000001512,-74.9997122770498
104.22500000001513,-74.99971298787099
104.25000000001513,-74.99971369693608
104.27500000001514,-74.99971440424943
104.30000000001515,-74.99971510981537
104.32500000001515,-74.99971581363819
104.35000000001516,-74.99971651572221
104.37500000001516,-74.99971721607173
104.40000000001517,-74.99971791469103
104.42500000001517,-74.9997186115844
104.45000000001518,-74.99971930675609
104.47500000001519,-74.99972000021035
104.50000000001519,-74.99972069195142
104.5250000000152,-74.99972138198355
104.5500000000152,-74.99972207031094
104.57500000001521,-74.99972275693781
104.60000000001521,-74.99972344186838
104.62500000001522,-74.99972412510682
104.65000000001523,-74.99972480665733
104.67500000001523,-74.99972548652404
104.70000000001524,-74.99972616471115
104.72500000001524,-74.9997268412228
104.75000000001525,-74.9997275160631
104.77500000001525,-74.99972818923622
104.80000000001526,-74.99972886074626
104.82500000001527,-74.99972953059734
104.85000000001527,-74.99973019879354
104.87500000001528,-74.99973086533896
104.90000000001528,-74.99973153023767
104.92500000001529,-74.99973219349374
104.9500000000153,-74.99973285511125
104.9750000000153,-74.99973351509422
105.0000000000153,-74.9997341734467
105.02500000001531,-74.99973483017271
105.05000000001532,-74.99973548527628
105.07500000001532,-74.99973613876142
105.10000000001533,-74.99973679063211
105.12500000001533,-74.99973744089236
105.15000000001534,-74.99973808954613
105.17500000001534,-74.9997387365974
105.20000000001535,-74.99973938205012
105.22500000001536,-74.99974002590825
105.25000000001536,-74.99974066817573
105.27500000001537,-74.99974130885649
105.30000000001537,-74.99974194795443
105.32500000001538,-74.99974258547348
105.35000000001538,-74.99974322141753
105.37500000001539,-74.99974385579048
105.4000000000154,-74.99974448859622
105.4250000000154,-74.9997451198386
105.45000000001541,-74.99974574952148
105.47500000001541,-74.99974637764873
105.50000000001542,-74.9997470042242
105.52500000001542,-74.99974762925171
105.55000000001543,-74.99974825273509
105.57500000001544,-74.99974887467815
105.60000000001544,-74.99974949508469
105.62500000001545,-74.9997501139585
105.65000000001545,-74.9997507313034
105.67500000001546,-74.99975134712312
105.70000000001546,-74.99975196142148
105.72500000001547,-74.9997525742022
105.75000000001548,-74.99975318546905
105.77500000001548,-74.99975379522576
105.80000000001549,-74.99975440347605
105.82500000001549,-74.99975501022367
105.8500000000155,-74.99975561547231
105.8750000000155,-74.99975621922567
105.90000000001551,-74.99975682148747
105.92500000001552,-74.99975742226137
105.95000000001552,-74.99975802155106
105.97500000001553,-74.9997586193602
106.00000000001553,-74.99975921569244
106.02500000001554,-74.99975981055144
106.05000000001554,-74.99976040394084
106.07500000001555,-74.99976099586428
106.10000000001556,-74.99976158632535
106.12500000001556,-74.9997621753277
106.15000000001557,-74.99976276287491
106.17500000001557,-74.99976334897057
106.20000000001558,-74.9997639336183
106.22500000001558,-74.99976451682164
106.25000000001559,-74.99976509858418
106.2750000000156,-74.99976567890947
106.3000000000156,-74.99976625780106
106.3250000000156,-74.99976683526249
106.35000000001561,-74.9997674112973
106.37500000001562,-74.99976798590902
106.40000000001562,-74.99976855910116
106.42500000001563,-74.99976913087721
106.45000000001563,-74.9997697012407
106.47500000001564,-74.9997702701951
106.50000000001565,-74.9997708377439
106.52500000001565,-74.99977140389055
106.55000000001566,-74.99977196863854
106.57500000001566,-74.99977253199133
106.60000000001567,-74.99977309395234
106.62500000001567,-74.99977365452503
106.65000000001568,-74.99977421371281
106.67500000001569,-74.99977477151913
106.70000000001569,-74.99977532794738
106.7250000000157,-74.99977588300096
106.7500000000157,-74.99977643668329
106.77500000001571,-74.99977698899774
106.80000000001571,-74.99977753994769
106.82500000001572,-74.99977808953652
106.85000000001573,-74.99977863776759
106.87500000001573,-74.99977918464424
106.90000000001574,-74.99977973016985
106.92500000001574,-74.99978027434771
106.95000000001575,-74.99978081718119
106.97500000001575,-74.9997813586736
107.00000000001576,-74.99978189882825
107.02500000001577,-74.99978243764843
107.05000000001577,-74.99978297513746
107.07500000001578,-74.99978351129862
107.10000000001578,-74.99978404613519
107.12500000001579,-74.99978457965045
107.1500000000158,-74.99978511184766
107.1750000000158,-74.99978564273006
107.2000000000158,-74.99978617230092
107.22500000001581,-74.99978670056346
107.25000000001582,-74.99978722752094
107.27500000001582,-74.99978775317656
107.30000000001583,-74.99978827753355
107.32500000001583,-74.99978880059511
107.35000000001584,-74.99978932236445
107.37500000001585,-74.99978984284475
107.40000000001585,-74.9997903620392
107.42500000001586,-74.99979087995098
107.45000000001586,-74.99979139658325
107.47500000001587,-74.99979191193918
107.50000000001587,-74.99979242602193
107.52500000001588,-74.99979293883463
107.55000000001588,-74.99979345038042
107.57500000001589,-74.99979396066243
107.6000000000159,-74.99979446968379
107.6250000000159,-74.9997949774476
107.65000000001591,-74.999795483957
107.67500000001591,-74.99979598921504
107.70000000001592,-74.99979649322486
107.72500000001592,-74.99979699598951
107.75000000001593,-74.99979749751208
107.77500000001594,-74.99979799779562
107.80000000001594,-74.99979849684323
107.82500000001595,-74.99979899465792
107.85000000001595,-74.99979949124277
107.87500000001596,-74.99979998660079
107.90000000001596,-74.99980048073503
107.92500000001597,-74.99980097364852
107.95000000001598,-74.99980146534426
107.97500000001598,-74.99980195582526
108.00000000001599,-74.99980244509453
108.025000000016,-74.99980293315505
108.050000000016,-74.99980342000981
108.075000000016,-74.9998039056618
108.10000000001601,-74.99980439011398
108.12500000001602,-74.99980487336933
108.15000000001602,-74.99980535543078
108.17500000001603,-74.99980583630129
108.20000000001603,-74.99980631598382
108.22500000001604,-74.99980679448129
108.25000000001604,-74.99980727179663
108.27500000001605,-74.99980774793276
108.30000000001606,-74.9998082228926
108.32500000001606,-74.99980869667903
108.35000000001607,-74.99980916929498
108.37500000001607,-74.99980964074332
108.40000000001608,-74.99981011102696
108.42500000001608,-74.99981058014875
108.45000000001609,-74.99981104811157
108.4750000000161,-74.99981151491829
108.5000000000161,-74.99981198057176
108.5250000000161,-74.99981244507484
108.55000000001611,-74.99981290843034
108.57500000001612,-74.99981337064114
108.60000000001612,-74.99981383171004
108.62500000001613,-74.99981429163986
108.65000000001614,-74.99981475043343
108.67500000001614,-74.99981520809354
108.70000000001615,-74.999815664623
108.72500000001615,-74.9998161200246
108.75000000001616,-74.99981657430114
108.77500000001616,-74.99981702745536
108.80000000001617,-74.99981747949009
108.82500000001617,-74.99981793040804
108.85000000001618,-74.99981838021202
108.87500000001619,-74.99981882890474
108.90000000001619,-74.99981927648896
108.9250000000162,-74.99981972296743
108.9500000000162,-74.99982016834286
108.97500000001621,-74.999820612618
109.00000000001621,-74.99982105579555
109.02500000001622,-74.99982149787823
109.05000000001623,-74.99982193886875
109.07500000001623,-74.99982237876979
109.10000000001624,-74.99982281758405
109.12500000001624,-74.99982325531423
109.15000000001625,-74.99982369196297
109.17500000001625,-74.99982412753299
109.20000000001626,-74.99982456202693
109.22500000001627,-74.99982499544744
109.25000000001627,-74.99982542779719
109.27500000001628,-74.99982585907881
109.30000000001628,-74.99982628929496
109.32500000001629,-74.99982671844825
109.3500000000163,-74.9998271465413
109.3750000000163,-74.99982757357677
109.4000000000163,-74.99982799955723
109.42500000001631,-74.9998284244853
109.45000000001632,-74.99982884836359
109.47500000001632,-74.99982927119468
109.50000000001633,-74.99982969298117
109.52500000001633,-74.99983011372564
109.55000000001634,-74.99983053343064
109.57500000001635,-74.99983095209878
109.60000000001635,-74.99983136973258
109.62500000001636,-74.99983178633461
109.65000000001636,-74.99983220190744
109.67500000001637,-74.99983261645359
109.70000000001637,-74.99983302997559
109.72500000001638,-74.99983344247599
109.75000000001639,-74.9998338539573
109.77500000001639,-74.99983426442205
109.8000000000164,-74.99983467387274
109.8250000000164,-74.99983508231188
109.85000000001641,-74.99983548974197
109.87500000001641,-74.99983589616551
109.90000000001642,-74.99983630158496
109.92500000001642,-74.99983670600284
109.95000000001643,-74.99983710942159
109.97500000001644,-74.9998375118437
110.00000000001644,-74.9998379132716
110.02500000001645,-74.9998383137078
110.05000000001645,-74.99983871315472
110.07500000001646,-74.99983911161479
110.10000000001646,-74.99983950909046
110.12500000001647,-74.99983990558417
110.15000000001648,-74.99984030109833
110.17500000001648,-74.99984069563538
110.20000000001649,-74.99984108919773
110.2250000000165,-74.99984148178777
110.2500000000165,-74.99984187340792
110.2750000000165,-74.99984226406056
110.30000000001651,-74.9998426537481
110.32500000001652,-74.99984304247292
110.35000000001652,-74.99984343023739
110.37500000001653,-74.99984381704388
110.40000000001653,-74.99984420289476
110.42500000001654,-74.9998445877924
110.45000000001654,-74.99984497173915
110.47500000001655,-74.99984535473735
110.50000000001656,-74.99984573678935
110.52500000001656,-74.9998461178975
110.55000000001657,-74.99984649806412
110.57500000001657,-74.99984687729152
110.60000000001658,-74.99984725558205
110.62500000001658,-74.99984763293801
110.65000000001659,-74.99984800936171
110.6750000000166,-74.99984838485545
110.7000000000166,-74.99984875942154
110.7250000000166,-74.99984913306226
110.75000000001661,-74.99984950577988
110.77500000001662,-74.99984987757672
110.80000000001662,-74.99985024845502
110.82500000001663,-74.99985061841707
110.85000000001664,-74.99985098746512
110.87500000001664,-74.99985135560145
110.90000000001665,-74.99985172282828
110.92500000001665,-74.99985208914788
110.95000000001666,-74.99985245456249
110.97500000001666,-74.99985281907433
111.00000000001667,-74.99985318268565
111.02500000001668,-74.99985354539866
111.05000000001668,-74.9998539072156
111.07500000001669,-74.99985426813865
111.10000000001669,-74.99985462817004
111.1250000000167,-74.99985498731198
111.1500000000167,-74.99985534556664
111.17500000001671,-74.99985570293626
111.20000000001671,-74.99985605942298
111.22500000001672,-74.999856415029
111.25000000001673,-74.99985676975649
111.27500000001673,-74.99985712360763
111.30000000001674,-74.99985747658457
111.32500000001674,-74.99985782868947
111.35000000001675,-74.9998581799245
111.37500000001675,-74.99985853029182
111.40000000001676,-74.99985887979354
111.42500000001677,-74.99985922843182
111.45000000001677,-74.99985957620878
111.47500000001678,-74.99985992312655
111.50000000001678,-74.99986026918727
111.52500000001679,-74.99986061439303
111.5500000000168,-74.99986095874597
111.5750000000168,-74.99986130224819
111.6000000000168,-74.99986164490178
111.62500000001681,-74.99986198670884
111.65000000001682,-74.99986232767147
111.67500000001682,-74.99986266779175
111.70000000001683,-74.99986300707175
111.72500000001683,-74.99986334551356
111.75000000001684,-74.99986368311924
111.77500000001685,-74.99986401989088
111.80000000001685,-74.99986435583051
111.82500000001686,-74.99986469094021
111.85000000001686,-74.99986502522202
111.87500000001687,-74.99986535867798
111.90000000001687,-74.99986569131013
111.92500000001688,-74.99986602312052
111.95000000001689,-74.99986635411116
111.97500000001689,-74.99986668428409
112.0000000000169,-74.99986701364134
112.0250000000169,-74.9998673421849
112.05000000001691,-74.99986766991678
112.07500000001691,-74.99986799683901
112.10000000001692,-74.99986832295357
112.12500000001693,-74.99986864826248
112.15000000001693,-74.99986897276769
112.17500000001694,-74.99986929647122
112.20000000001694,-74.99986961937503
112.22500000001695,-74.99986994148111
112.25000000001695,-74.99987026279143
112.27500000001696,-74.99987058330794
112.30000000001696,-74.99987090303262
112.32500000001697,-74.99987122196741
112.35000000001698,-74.99987154011428
112.37500000001698,-74.99987185747517
112.40000000001699,-74.999872174052
112.425000000017,-74.99987248984674
112.450000000017,-74.99987280486131
112.475000000017,-74.99987311909763
112.50000000001701,-74.99987343255762
112.52500000001702,-74.9998737452432
112.55000000001702,-74.9998740571563
112.57500000001703,-74.99987436829882
112.60000000001703,-74.99987467867265
112.62500000001704,-74.9998749882797
112.65000000001704,-74.99987529712187
112.67500000001705,-74.99987560520105
112.70000000001706,-74.99987591251912
112.72500000001706,-74.99987621907795
112.75000000001707,-74.99987652487943
112.77500000001707,-74.99987682992541
112.80000000001708,-74.99987713421778
112.82500000001708,-74.9998774377584
112.85000000001709,-74.99987774054912
112.8750000000171,-74.99987804259179
112.9000000000171,-74.99987834388827
112.9250000000171,-74.99987864444039
112.95000000001711,-74.99987894424999
112.97500000001712,-74.9998792433189
113.00000000001712,-74.99987954164898
113.02500000001713,-74.99987983924203
113.05000000001714,-74.99988013609986
113.07500000001714,-74.99988043222432
113.10000000001715,-74.99988072761718
113.12500000001715,-74.99988102228029
113.15000000001716,-74.99988131621542
113.17500000001716,-74.99988160942439
113.20000000001717,-74.99988190190899
113.22500000001718,-74.999882193671
113.25000000001718,-74.9998824847122
113.27500000001719,-74.9998827750344
113.30000000001719,-74.99988306463935
113.3250000000172,-74.99988335352883
113.3500000000172,-74.9998836417046
113.37500000001721,-74.99988392916843
113.40000000001722,-74.99988421592208
113.42500000001722,-74.9998845019673
113.45000000001723,-74.99988478730585
113.47500000001723,-74.99988507193946
113.50000000001724,-74.99988535586989
113.52500000001724,-74.99988563909888
113.55000000001725,-74.99988592162813
113.57500000001725,-74.9998862034594
113.60000000001726,-74.9998864845944
113.62500000001727,-74.99988676503486
113.65000000001727,-74.9998870447825
113.67500000001728,-74.999887323839
113.70000000001728,-74.9998876022061
113.72500000001729,-74.99988787988549
113.7500000000173,-74.99988815687887
113.7750000000173,-74.99988843318795
113.8000000000173,-74.9998887088144
113.82500000001731,-74.9998889837599
113.85000000001732,-74.99988925802616
113.87500000001732,-74.99988953161484
113.90000000001733,-74.99988980452761
113.92500000001733,-74.99989007676615
113.95000000001734,-74.99989034833213
113.97500000001735,-74.9998906192272
114.00000000001735,-74.99989088945303
114.02500000001736,-74.99989115901126
114.05000000001736,-74.99989142790355
114.07500000001737,-74.99989169613153
114.10000000001737,-74.99989196369685
114.12500000001738,-74.99989223060116
114.15000000001739,-74.99989249684607
114.17500000001739,-74.99989276243323
114.2000000000174,-74.99989302736425
114.2250000000174,-74.99989329164076
114.25000000001741,-74.99989355526436
114.27500000001741,-74.99989381823669
114.30000000001742,-74.99989408055934
114.32500000001743,-74.99989434223393
114.35000000001743,-74.99989460326205
114.37500000001744,-74.9998948636453
114.40000000001744,-74.99989512338526
114.42500000001745,-74.99989538248353
114.45000000001745,-74.9998956409417
114.47500000001746,-74.99989589876135
114.50000000001747,-74.99989615594406
114.52500000001747,-74.9998964124914
114.55000000001748,-74.99989666840493
114.57500000001748,-74.99989692368622
114.60000000001749,-74.99989717833684
114.6250000000175,-74.99989743235835
114.6500000000175,-74.9998976857523
114.6750000000175,-74.99989793852023
114.70000000001751,-74.9998981906637
114.72500000001752,-74.99989844218425
114.75000000001752,-74.99989869308341
114.77500000001753,-74.99989894336272
114.80000000001753,-74.99989919302372
114.82500000001754,-74.99989944206793
114.85000000001754,-74.99989969049687
114.87500000001755,-74.99989993831207
114.90000000001756,-74.99990018551505
114.92500000001756,-74.9999004321073
114.95000000001757,-74.99990067809034
114.97500000001757,-74.99990092346569
115.00000000001758,-74.99990116823483
115.02500000001758,-74.99990141239927
115.05000000001759,-74.9999016559605
115.0750000000176,-74.99990189892002
115.1000000000176,-74.99990214127929
115.12500000001761,-74.99990238303982
115.15000000001761,-74.99990262420309
115.17500000001762,-74.99990286477055
115.20000000001762,-74.99990310474368
115.22500000001763,-74.99990334412396
115.25000000001764,-74.99990358291286
115.27500000001764,-74.99990382111183
115.30000000001765,-74.99990405872232
115.32500000001765,-74.9999042957458
115.35000000001766,-74.9999045321837
115.37500000001766,-74.9999047680375
115.40000000001767,-74.9999050033086
115.42500000001768,-74.99990523799846
115.45000000001768,-74.99990547210852
115.47500000001769,-74.99990570564022
115.50000000001769,-74.99990593859498
115.5250000000177,-74.99990617097421
115.5500000000177,-74.99990640277936
115.57500000001771,-74.99990663401182
115.60000000001772,-74.99990686467304
115.62500000001772,-74.9999070947644
115.65000000001773,-74.9999073242873
115.67500000001773,-74.99990755324319
115.70000000001774,-74.99990778163342
115.72500000001774,-74.99990800945943
115.75000000001775,-74.99990823672259
115.77500000001776,-74.99990846342429
115.80000000001776,-74.99990868956593
115.82500000001777,-74.99990891514888
115.85000000001777,-74.99990914017452
115.87500000001778,-74.99990936464424
115.90000000001778,-74.9999095885594
115.92500000001779,-74.99990981192138
115.9500000000178,-74.99991003473154
115.9750000000178,-74.99991025699126
116.0000000000178,-74.99991047870188
116.02500000001781,-74.99991069986476
116.05000000001782,-74.99991092048126
116.07500000001782,-74.99991114055271
116.10000000001783,-74.99991136008049
116.12500000001783,-74.99991157906592
116.15000000001784,-74.99991179751035
116.17500000001785,-74.9999120154151
116.20000000001785,-74.99991223278153
116.22500000001786,-74.99991244961095
116.25000000001786,-74.99991266590469
116.27500000001787,-74.99991288166407
116.30000000001787,-74.99991309689042
116.32500000001788,-74.99991331158505
116.35000000001789,-74.99991352574926
116.37500000001789,-74.99991373938441
116.4000000000179,-74.99991395249175
116.4250000000179,-74.99991416507261
116.45000000001791,-74.99991437712829
116.47500000001791,-74.99991458866009
116.50000000001792,-74.9999147996693
116.52500000001793,-74.9999150101572
116.55000000001793,-74.99991522012509
116.57500000001794,-74.99991542957426
116.60000000001794,-74.99991563850598
116.62500000001795,-74.99991584692154
116.65000000001795,-74.9999160548222
116.67500000001796,-74.99991626220924
116.70000000001797,-74.99991646908393
116.72500000001797,-74.99991667544754
116.75000000001798,-74.99991688130132
116.77500000001798,-74.99991708664653
116.80000000001799,-74.99991729148445
116.825000000018,-74.9999174958163
116.850000000018,-74.99991769964336
116.875000000018,-74.99991790296686
116.90000000001801,-74.99991810578804
116.92500000001802,-74.99991830810816
116.95000000001802,-74.99991850992845
116.97500000001803,-74.99991871125013
117.00000000001803,-74.99991891207445
117.02500000001804,-74.99991911240264
117.05000000001804,-74.9999193122359
117.07500000001805,-74.99991951157548
117.10000000001806,-74.9999197104226
117.12500000001806,-74.99991990877847
117.15000000001807,-74.99992010664428
117.17500000001807,-74.99992030402127
117.20000000001808,-74.99992050091065
117.22500000001808,-74.9999206973136
117.25000000001809,-74.99992089323133
117.2750000000181,-74.99992108866506
117.3000000000181,-74.99992128361596
117.32500000001811,-74.99992147808524
117.35000000001811,-74.99992167207408
117.37500000001812,-74.99992186558367
117.40000000001812,-74.9999220586152
117.42500000001813,-74.99992225116983
117.45000000001814,-74.99992244324876
117.47500000001814,-74.99992263485316
117.50000000001815,-74.9999228259842
117.52500000001815,-74.99992301664305
117.55000000001816,-74.99992320683087
117.57500000001816,-74.99992339654884
117.60000000001817,-74.9999235857981
117.62500000001818,-74.99992377457983
117.65000000001818,-74.99992396289517
117.67500000001819,-74.99992415074527
117.70000000001819,-74.9999243381313
117.7250000000182,-74.99992452505437
117.7500000000182,-74.99992471151565
117.77500000001821,-74.99992489751628
117.80000000001822,-74.99992508305739
117.82500000001822,-74.99992526814013
117.85000000001823,-74.99992545276562
117.87500000001823,-74.99992563693499
117.90000000001824,-74.99992582064937
117.92500000001824,-74.99992600390988
117.95000000001825,-74.99992618671764
117.97500000001826,-74.99992636907378
118.00000000001826,-74.9999265509794
118.02500000001827,-74.99992673243563
118.05000000001827,-74.99992691344356
118.07500000001828,-74.99992709400432
118.10000000001828,-74.999927274119
118.12500000001829,-74.9999274537887
118.1500000000183,-74.99992763301454
118.1750000000183,-74.99992781179759
118.2000000000183,-74.99992799013896
118.22500000001831,-74.99992816803973
118.25000000001832,-74.999928345501
118.27500000001832,-74.99992852252386
118.30000000001833,-74.99992869910938
118.32500000001833,-74.99992887525863
118.35000000001834,-74.99992905097271
118.37500000001835,-74.99992922625269
118.40000000001835,-74.99992940109964
118.42500000001836,-74.99992957551463
118.45000000001836,-74.99992974949872
118.47500000001837,-74.99992992305299
118.50000000001837,-74.99993009617849
118.52500000001838,-74.99993026887628
118.55000000001839,-74.99993044114743
118.57500000001839,-74.99993061299297
118.6000000000184,-74.99993078441396
118.6250000000184,-74.99993095541146
118.65000000001841,-74.9999311259865
118.67500000001841,-74.99993129614015
118.70000000001842,-74.99993146587343
118.72500000001843,-74.99993163518738
118.75000000001843,-74.99993180408305
118.77500000001844,-74.99993197256146
118.80000000001844,-74.99993214062363
118.82500000001845,-74.9999323082706
118.85000000001845,-74.9999324755034
118.87500000001846,-74.99993264232306
118.90000000001847,-74.99993280873059
118.92500000001847,-74.999932974727
118.95000000001848,-74.99993314031332
118.97500000001848,-74.99993330549056
119.00000000001849,-74.99993347025972
119.0250000000185,-74.99993363462183
119.0500000000185,-74.99993379857787
119.0750000000185,-74.99993396212886
119.10000000001851,-74.9999341252758
119.12500000001852,-74.99993428801969
119.15000000001852,-74.99993445036151
119.17500000001853,-74.99993461230227
119.20000000001853,-74.99993477384295
119.22500000001854,-74.99993493498455
119.25000000001855,-74.99993509572805
119.27500000001855,-74.99993525607442
119.30000000001856,-74.99993541602466
119.32500000001856,-74.99993557557974
119.35000000001857,-74.99993573474065
119.37500000001857,-74.99993589350834
119.40000000001858,-74.9999360518838
119.42500000001858,-74.99993620986798
119.45000000001859,-74.99993636746187
119.4750000000186,-74.99993652466642
119.5000000000186,-74.9999366814826
119.52500000001861,-74.99993683791135
119.55000000001861,-74.99993699395365
119.57500000001862,-74.99993714961045
119.60000000001862,-74.99993730488269
119.62500000001863,-74.99993745977133
119.65000000001864,-74.99993761427733
119.67500000001864,-74.99993776840161
119.70000000001865,-74.99993792214512
119.72500000001865,-74.99993807550882
119.75000000001866,-74.99993822849363
119.77500000001866,-74.99993838110049
119.80000000001867,-74.99993853333034
119.82500000001868,-74.99993868518409
119.85000000001868,-74.9999388366627
119.87500000001869,-74.99993898776707
119.9000000000187,-74.99993913849814
119.9250000000187,-74.99993928885682
119.9500000000187,-74.99993943884405
119.97500000001871,-74.99993958846073
120.00000000001872,-74.99993973770779
