time_ms,soma_mV
0.0,-75.0
0.025,-75.0
0.05,-75.0
0.075,-75.0
0.09999999999999999,-75.0
0.12499999999999999,-75.0
0.15,-75.0
0.17500000000000002,-75.0
0.20000000000000004,-75.0
0.22500000000000006,-75.0
0.25000000000000006,-75.0
0.2750000000000001,-75.0
0.3000000000000001,-75.0
0.3250000000000001,-75.0
0.35000000000000014,-75.0
0.37500000000000017,-75.0
0.4000000000000002,-75.0
0.4250000000000002,-75.0
0.45000000000000023,-75.0
0.47500000000000026,-75.0
0.5000000000000002,-75.0
0.5250000000000001,-75.0
0.55,-75.0
0.575,-75.0
0.5999999999999999,-75.0
0.6249999999999998,-75.0
0.6499999999999997,-75.0
0.6749999999999996,-75.0
0.6999999999999995,-75.0
0.7249999999999994,-75.0
0.7499999999999993,-75.0
0.7749999999999992,-75.0
0.7999999999999992,-75.0
0.8249999999999991,-75.0
0.849999999999999,-75.0
0.8749999999999989,-75.0
0.8999999999999988,-75.0
0.9249999999999987,-75.0
0.9499999999999986,-75.0
0.9749999999999985,-75.0
0.9999999999999984,-75.0
1.0249999999999984,-75.0
1.0499999999999983,-75.0
1.0749999999999982,-75.0
1.099999999999998,-75.0
1.124999999999998,-75.0
1.149999999999998,-75.0
1.1749999999999978,-75.0
1.1999999999999977,-75.0
1.2249999999999976,-75.0
1.2499999999999976,-75.0
1.2749999999999975,-75.0
1.2999999999999974,-75.0
1.3249999999999973,-75.0
1.3499999999999972,-75.0
1.3749999999999971,-75.0
1.399999999999997,-75.0
1.424999999999997,-75.0
1.4499999999999968,-75.0
1.4749999999999968,-75.0
1.4999999999999967,-75.0
1.5249999999999966,-75.0
1.5499999999999965,-75.0
1.5749999999999964,-75.0
1.5999999999999963,-75.0
1.6249999999999962,-75.0
1.6499999999999961,-75.0
1.674999999999996,-75.0
1.699999999999996,-75.0
1.7249999999999959,-75.0
1.7499999999999958,-75.0
1.7749999999999957,-75.0
1.7999999999999956,-75.0
1.8249999999999955,-75.0
1.8499999999999954,-75.0
1.8749999999999953,-75.0
1.8999999999999952,-75.0
1.9249999999999952,-75.0
1.949999999999995,-75.0
1.974999999999995,-75.0
1.999999999999995,-75.0
2.024999999999995,-75.0
2.0499999999999954,-75.0
2.0749999999999957,-75.0
2.099999999999996,-75.0
2.1249999999999964,-75.0
2.149999999999997,-75.0
2.174999999999997,-75.0
2.1999999999999975,-75.0
2.224999999999998,-75.0
2.2499999999999982,-75.0
2.2749999999999986,-75.0
2.299999999999999,-75.0
2.3249999999999993,-75.0
2.3499999999999996,-75.0
2.375,-75.0
2.4000000000000004,-75.0
2.4250000000000007,-75.0
2.450000000000001,-75.0
2.4750000000000014,-75.0
2.5000000000000018,-75.0
2.525000000000002,-75.0
2.5500000000000025,-75.0
2.575000000000003,-75.0
2.600000000000003,-75.0
2.6250000000000036,-75.0
2.650000000000004,-75.0
2.6750000000000043,-75.0
2.7000000000000046,-75.0
2.725000000000005,-75.0
2.7500000000000053,-75.0
2.7750000000000057,-75.0
2.800000000000006,-75.0
2.8250000000000064,-75.0
2.8500000000000068,-75.0
2.875000000000007,-75.0
2.9000000000000075,-75.0
2.925000000000008,-75.0
2.950000000000008,-75.0
2.9750000000000085,-75.0
3.000000000000009,-75.0
3.0250000000000092,-75.0
3.0500000000000096,-75.0
3.07500000000001,-75.0
3.1000000000000103,-75.0
3.1250000000000107,-75.0
3.150000000000011,-75.0
3.1750000000000114,-75.0
3.2000000000000117,-75.0
3.225000000000012,-75.0
3.2500000000000124,-75.0
3.275000000000013,-75.0
3.300000000000013,-75.0
3.3250000000000135,-75.0
3.350000000000014,-75.0
3.375000000000014,-75.0
3.4000000000000146,-75.0
3.425000000000015,-75.0
3.4500000000000153,-75.0
3.4750000000000156,-75.0
3.500000000000016,-75.0
3.5250000000000163,-75.0
3.5500000000000167,-75.0
3.575000000000017,-75.0
3.6000000000000174,-75.0
3.6250000000000178,-75.0
3.650000000000018,-75.0
3.6750000000000185,-75.0
3.700000000000019,-75.0
3.725000000000019,-75.0
3.7500000000000195,-75.0
3.77500000000002,-75.0
3.8000000000000203,-75.0
3.8250000000000206,-75.0
3.850000000000021,-75.0
3.8750000000000213,-75.0
3.9000000000000217,-75.0
3.925000000000022,-75.0
3.9500000000000224,-75.0
3.9750000000000227,-75.0
4.000000000000023,-75.0
4.0250000000000234,-75.0
4.050000000000024,-75.0
4.075000000000024,-75.0
4.1000000000000245,-75.0
4.125000000000025,-75.0
4.150000000000025,-75.0
4.175000000000026,-75.0
4.200000000000026,-75.0
4.225000000000026,-75.0
4.250000000000027,-75.0
4.275000000000027,-75.0
4.300000000000027,-75.0
4.325000000000028,-75.0
4.350000000000028,-75.0
4.375000000000028,-75.0
4.400000000000029,-75.0
4.425000000000029,-75.0
4.4500000000000295,-75.0
4.47500000000003,-75.0
4.50000000000003,-75.0
4.5250000000000306,-75.0
4.550000000000031,-75.0
4.575000000000031,-75.0
4.600000000000032,-75.0
4.625000000000032,-75.0
4.650000000000032,-75.0
4.675000000000033,-75.0
4.700000000000033,-75.0
4.725000000000033,-75.0
4.750000000000034,-75.0
4.775000000000034,-75.0
4.8000000000000345,-75.0
4.825000000000035,-75.0
4.850000000000035,-75.0
4.8750000000000355,-75.0
4.900000000000036,-75.0
4.925000000000036,-75.0
4.950000000000037,-75.0
4.975000000000037,-75.0
5.000000000000037,-75.0
5.025000000000038,-75.0
5.050000000000038,-75.0
5.075000000000038,-75.0
5.100000000000039,-75.0
5.125000000000039,-75.0
5.150000000000039,-75.0
5.17500000000004,-75.0
5.20000000000004,-75.0
5.2250000000000405,-75.0
5.250000000000041,-75.0
5.275000000000041,-75.0
5.300000000000042,-75.0
5.325000000000042,-75.0
5.350000000000042,-75.0
5.375000000000043,-75.0
5.400000000000043,-75.0
5.425000000000043,-75.0
5.450000000000044,-75.0
5.475000000000044,-75.0
5.500000000000044,-75.0
5.525000000000045,-75.0
5.550000000000045,-75.0
5.5750000000000455,-75.0
5.600000000000046,-75.0
5.625000000000046,-75.0
5.6500000000000465,-75.0
5.675000000000047,-75.0
5.700000000000047,-75.0
5.725000000000048,-75.0
5.750000000000048,-75.0
5.775000000000048,-75.0
5.800000000000049,-75.0
5.825000000000049,-75.0
5.850000000000049,-75.0
5.87500000000005,-75.0
5.90000000000005,-75.0
5.9250000000000504,-75.0
5.950000000000051,-75.0
5.975000000000051,-75.0
6.0000000000000515,-75.0
6.025000000000052,-75.0
6.050000000000052,-75.0
6.075000000000053,-75.0
6.100000000000053,-75.0
6.125000000000053,-75.0
6.150000000000054,-75.0
6.175000000000054,-75.0
6.200000000000054,-75.0
6.225000000000055,-75.0
6.250000000000055,-75.0
6.275000000000055,-75.0
6.300000000000056,-75.0
6.325000000000056,-75.0
6.3500000000000565,-75.0
6.375000000000057,-75.0
6.400000000000057,-75.0
6.4250000000000576,-75.0
6.450000000000058,-75.0
6.475000000000058,-75.0
6.500000000000059,-75.0
6.525000000000059,-75.0
6.550000000000059,-75.0
6.57500000000006,-75.0
6.60000000000006,-75.0
6.62500000000006,-75.0
6.650000000000061,-75.0
6.675000000000061,-75.0
6.7000000000000615,-75.0
6.725000000000062,-75.0
6.750000000000062,-75.0
6.7750000000000625,-75.0
6.800000000000063,-75.0
6.825000000000063,-75.0
6.850000000000064,-75.0
6.875000000000064,-75.0
6.900000000000064,-75.0
6.925000000000065,-75.0
6.950000000000065,-75.0
6.975000000000065,-75.0
7.000000000000066,-75.0
7.025000000000066,-75.0
7.050000000000066,-75.0
7.075000000000067,-75.0
7.100000000000067,-75.0
7.1250000000000675,-75.0
7.150000000000068,-75.0
7.175000000000068,-75.0
7.200000000000069,-75.0
7.225000000000069,-75.0
7.250000000000069,-75.0
7.27500000000007,-75.0
7.30000000000007,-75.0
7.32500000000007,-75.0
7.350000000000071,-75.0
7.375000000000071,-75.0
7.400000000000071,-75.0
7.425000000000072,-75.0
7.450000000000072,-75.0
7.4750000000000725,-75.0
7.500000000000073,-75.0
7.525000000000073,-75.0
7.5500000000000735,-75.0
7.575000000000074,-75.0
7.600000000000074,-75.0
7.625000000000075,-75.0
7.650000000000075,-75.0
7.675000000000075,-75.0
7.700000000000076,-75.0
7.725000000000076,-75.0
7.750000000000076,-75.0
7.775000000000077,-75.0
7.800000000000077,-75.0
7.8250000000000774,-75.0
7.850000000000078,-75.0
7.875000000000078,-75.0
7.9000000000000785,-75.0
7.925000000000079,-75.0
7.950000000000079,-75.0
7.97500000000008,-75.0
8.00000000000008,-75.0
8.025000000000079,-75.0
8.050000000000077,-75.0
8.075000000000076,-75.0
8.100000000000074,-75.0
8.125000000000073,-75.0
8.150000000000071,-75.0
8.17500000000007,-75.0
8.200000000000069,-75.0
8.225000000000067,-75.0
8.250000000000066,-75.0
8.275000000000064,-75.0
8.300000000000063,-75.0
8.325000000000061,-75.0
8.35000000000006,-75.0
8.375000000000059,-75.0
8.400000000000057,-75.0
8.425000000000056,-75.0
8.450000000000054,-75.0
8.475000000000053,-75.0
8.500000000000052,-75.0
8.52500000000005,-75.0
8.550000000000049,-75.0
8.575000000000047,-75.0
8.600000000000046,-75.0
8.625000000000044,-75.0
8.650000000000043,-75.0
8.675000000000042,-75.0
8.70000000000004,-75.0
8.725000000000039,-75.0
8.750000000000037,-75.0
8.775000000000036,-75.0
8.800000000000034,-75.0
8.825000000000033,-75.0
8.850000000000032,-75.0
8.87500000000003,-75.0
8.900000000000029,-75.0
8.925000000000027,-75.0
8.950000000000026,-75.0
8.975000000000025,-75.0
9.000000000000023,-75.0
9.025000000000022,-75.0
9.05000000000002,-75.0
9.075000000000019,-75.0
9.100000000000017,-75.0
9.125000000000016,-75.0
9.150000000000015,-75.0
9.175000000000013,-75.0
9.200000000000012,-75.0
9.22500000000001,-75.0
9.250000000000009,-75.0
9.275000000000007,-75.0
9.300000000000006,-75.0
9.325000000000005,-75.0
9.350000000000003,-75.0
9.375000000000002,-75.0
9.4,-75.0
9.424999999999999,-75.0
9.449999999999998,-75.0
9.474999999999996,-75.0
9.499999999999995,-75.0
9.524999999999993,-75.0
9.549999999999992,-75.0
9.57499999999999,-75.0
9.599999999999989,-75.0
9.624999999999988,-75.0
9.649999999999986,-75.0
9.674999999999985,-75.0
9.699999999999983,-75.0
9.724999999999982,-75.0
9.74999999999998,-75.0
9.774999999999979,-75.0
9.799999999999978,-75.0
9.824999999999976,-75.0
9.849999999999975,-75.0
9.874999999999973,-75.0
9.899999999999972,-75.0
9.92499999999997,-75.0
9.949999999999969,-75.0
9.974999999999968,-75.0
9.999999999999966,-75.0
10.024999999999965,-75.0
10.049999999999963,-75.0
10.074999999999962,-75.0
10.09999999999996,-75.0
10.12499999999996,-75.0
10.149999999999958,-75.0
10.174999999999956,-75.0
10.199999999999955,-75.0
10.224999999999953,-75.0
10.249999999999952,-75.0
10.27499999999995,-75.0
10.29999999999995,-75.0
10.324999999999948,-75.0
10.349999999999946,-75.0
10.374999999999945,-75.0
10.399999999999944,-75.0
10.424999999999942,-75.0
10.44999999999994,-75.0
10.47499999999994,-75.0
10.499999999999938,-75.0
10.524999999999936,-75.0
10.549999999999935,-75.0
10.574999999999934,-75.0
10.599999999999932,-75.0
10.62499999999993,-75.0
10.64999999999993,-75.0
10.674999999999928,-75.0
10.699999999999926,-75.0
10.724999999999925,-75.0
10.749999999999924,-75.0
10.774999999999922,-75.0
10.79999999999992,-75.0
10.82499999999992,-75.0
10.849999999999918,-75.0
10.874999999999917,-75.0
10.899999999999915,-75.0
10.924999999999914,-75.0
10.949999999999912,-75.0
10.97499999999991,-75.0
10.99999999999991,-75.0
11.024999999999908,-75.0
11.049999999999907,-75.0
11.074999999999905,-75.0
11.099999999999904,-75.0
11.124999999999902,-75.0
11.1499999999999,-75.0
11.1749999999999,-75.0
11.199999999999898,-75.0
11.224999999999897,-75.0
11.249999999999895,-75.0
11.274999999999894,-75.0
11.299999999999892,-75.0
11.324999999999891,-75.0
11.34999999999989,-75.0
11.374999999999888,-75.0
11.399999999999887,-75.0
11.424999999999885,-75.0
11.449999999999884,-75.0
11.474999999999882,-75.0
11.499999999999881,-75.0
11.52499999999988,-75.0
11.549999999999878,-75.0
11.574999999999877,-75.0
11.599999999999875,-75.0
11.624999999999874,-75.0
11.649999999999872,-75.0
11.674999999999871,-75.0
11.69999999999987,-75.0
11.724999999999868,-75.0
11.749999999999867,-75.0
11.774999999999865,-75.0
11.799999999999864,-75.0
11.824999999999863,-75.0
11.849999999999861,-75.0
11.87499999999986,-75.0
11.899999999999858,-75.0
11.924999999999857,-75.0
11.949999999999855,-75.0
11.974999999999854,-75.0
11.999999999999853,-75.0
12.024999999999851,-75.0
12.04999999999985,-75.0
12.074999999999848,-75.0
12.099999999999847,-75.0
12.124999999999845,-75.0
12.149999999999844,-75.0
12.174999999999843,-75.0
12.199999999999841,-75.0
12.22499999999984,-75.0
12.249999999999838,-75.0
12.274999999999837,-75.0
12.299999999999836,-75.0
12.324999999999834,-75.0
12.349999999999833,-75.0
12.374999999999831,-75.0
12.39999999999983,-75.0
12.424999999999828,-75.0
12.449999999999827,-75.0
12.474999999999826,-75.0
12.499999999999824,-75.0
12.524999999999823,-75.0
12.549999999999821,-75.0
12.57499999999982,-75.0
12.599999999999818,-75.0
12.624999999999817,-75.0
12.649999999999816,-75.0
12.674999999999814,-75.0
12.699999999999813,-75.0
12.724999999999811,-75.0
12.74999999999981,-75.0
12.774999999999809,-75.0
12.799999999999807,-75.0
12.824999999999806,-75.0
12.849999999999804,-75.0
12.874999999999803,-75.0
12.899999999999801,-75.0
12.9249999999998,-75.0
12.949999999999799,-75.0
12.974999999999797,-75.0
12.999999999999796,-75.0
13.024999999999794,-75.0
13.049999999999793,-75.0
13.074999999999791,-75.0
13.09999999999979,-75.0
13.124999999999789,-75.0
13.149999999999787,-75.0
13.174999999999786,-75.0
13.199999999999784,-75.0
13.224999999999783,-75.0
13.249999999999782,-75.0
13.27499999999978,-75.0
13.299999999999779,-75.0
13.324999999999777,-75.0
13.349999999999776,-75.0
13.374999999999774,-75.0
13.399999999999773,-75.0
13.424999999999772,-75.0
13.44999999999977,-75.0
13.474999999999769,-75.0
13.499999999999767,-75.0
13.524999999999766,-75.0
13.549999999999764,-75.0
13.574999999999763,-75.0
13.599999999999762,-75.0
13.62499999999976,-75.0
13.649999999999759,-75.0
13.674999999999757,-75.0
13.699999999999756,-75.0
13.724999999999755,-75.0
13.749999999999753,-75.0
13.774999999999752,-75.0
13.79999999999975,-75.0
13.824999999999749,-75.0
13.849999999999747,-75.0
13.874999999999746,-75.0
13.899999999999745,-75.0
13.924999999999743,-75.0
13.949999999999742,-75.0
13.97499999999974,-75.0
13.999999999999739,-75.0
14.024999999999737,-75.0
14.049999999999736,-75.0
14.074999999999735,-75.0
14.099999999999733,-75.0
14.124999999999732,-75.0
14.14999999999973,-75.0
14.174999999999729,-75.0
14.199999999999728,-75.0
14.224999999999726,-75.0
14.249999999999725,-75.0
14.274999999999723,-75.0
14.299999999999722,-75.0
14.32499999999972,-75.0
14.349999999999719,-75.0
14.374999999999718,-75.0
14.399999999999716,-75.0
14.424999999999715,-75.0
14.449999999999713,-75.0
14.474999999999712,-75.0
14.49999999999971,-75.0
14.524999999999709,-75.0
14.549999999999708,-75.0
14.574999999999706,-75.0
14.599999999999705,-75.0
14.624999999999703,-75.0
14.649999999999702,-75.0
14.6749999999997,-75.0
14.699999999999699,-75.0
14.724999999999698,-75.0
14.749999999999696,-75.0
14.774999999999695,-75.0
14.799999999999693,-75.0
14.824999999999692,-75.0
14.84999999999969,-75.0
14.87499999999969,-75.0
14.899999999999688,-75.0
14.924999999999686,-75.0
14.949999999999685,-75.0
14.974999999999683,-75.0
14.999999999999682,-75.0
15.02499999999968,-75.0
15.04999999999968,-75.0
15.074999999999678,-75.0
15.099999999999676,-75.0
15.124999999999675,-75.0
15.149999999999674,-75.0
15.174999999999672,-75.0
15.19999999999967,-75.0
15.22499999999967,-75.0
15.249999999999668,-75.0
15.274999999999666,-75.0
15.299999999999665,-75.0
15.324999999999664,-75.0
15.349999999999662,-75.0
15.37499999999966,-75.0
15.39999999999966,-75.0
15.424999999999658,-75.0
15.449999999999656,-75.0
15.474999999999655,-75.0
15.499999999999654,-75.0
15.524999999999652,-75.0
15.54999999999965,-75.0
15.57499999999965,-75.0
15.599999999999648,-75.0
15.624999999999647,-75.0
15.649999999999645,-75.0
15.674999999999644,-75.0
15.699999999999642,-75.0
15.72499999999964,-75.0
15.74999999999964,-75.0
15.774999999999638,-75.0
15.799999999999637,-75.0
15.824999999999635,-75.0
15.849999999999634,-75.0
15.874999999999632,-75.0
15.89999999999963,-75.0
15.92499999999963,-75.0
15.949999999999628,-75.0
15.974999999999627,-75.0
15.999999999999625,-75.0
16.024999999999626,-75.0
16.049999999999624,-75.0
16.074999999999623,-75.0
16.09999999999962,-75.0
16.12499999999962,-75.0
16.14999999999962,-75.0
16.174999999999617,-75.0
16.199999999999616,-75.0
16.224999999999614,-75.0
16.249999999999613,-75.0
16.27499999999961,-75.0
16.29999999999961,-75.0
16.32499999999961,-75.0
16.349999999999607,-75.0
16.374999999999606,-75.0
16.399999999999604,-75.0
16.424999999999603,-75.0
16.4499999999996,-75.0
16.4749999999996,-75.0
16.4999999999996,-75.0
16.524999999999597,-75.0
16.549999999999596,-75.0
16.574999999999594,-75.0
16.599999999999593,-75.0
16.62499999999959,-75.0
16.64999999999959,-75.0
16.67499999999959,-75.0
16.699999999999587,-75.0
16.724999999999586,-75.0
16.749999999999584,-75.0
16.774999999999583,-75.0
16.79999999999958,-75.0
16.82499999999958,-75.0
16.84999999999958,-75.0
16.874999999999577,-75.0
16.899999999999576,-75.0
16.924999999999574,-75.0
16.949999999999573,-75.0
16.97499999999957,-75.0
16.99999999999957,-75.0
17.02499999999957,-75.0
17.049999999999567,-75.0
17.074999999999566,-75.0
17.099999999999564,-75.0
17.124999999999563,-75.0
17.14999999999956,-75.0
17.17499999999956,-75.0
17.19999999999956,-75.0
17.224999999999557,-75.0
17.249999999999556,-75.0
17.274999999999554,-75.0
17.299999999999553,-75.0
17.32499999999955,-75.0
17.34999999999955,-75.0
17.37499999999955,-75.0
17.399999999999547,-75.0
17.424999999999546,-75.0
17.449999999999545,-75.0
17.474999999999543,-75.0
17.49999999999954,-75.0
17.52499999999954,-75.0
17.54999999999954,-75.0
17.574999999999537,-75.0
17.599999999999536,-75.0
17.624999999999535,-75.0
17.649999999999533,-75.0
17.67499999999953,-75.0
17.69999999999953,-75.0
17.72499999999953,-75.0
17.749999999999527,-75.0
17.774999999999526,-75.0
17.799999999999525,-75.0
17.824999999999523,-75.0
17.849999999999522,-75.0
17.87499999999952,-75.0
17.89999999999952,-75.0
17.924999999999518,-75.0
17.949999999999516,-75.0
17.974999999999515,-75.0
17.999999999999513,-75.0
18.024999999999512,-75.0
18.04999999999951,-75.0
18.07499999999951,-75.0
18.099999999999508,-75.0
18.124999999999506,-75.0
18.149999999999505,-75.0
18.174999999999503,-75.0
18.199999999999502,-75.0
18.2249999999995,-75.0
18.2499999999995,-75.0
18.274999999999498,-75.0
18.299999999999496,-75.0
18.324999999999495,-75.0
18.349999999999493,-75.0
18.374999999999492,-75.0
18.39999999999949,-75.0
18.42499999999949,-75.0
18.449999999999488,-75.0
18.474999999999486,-75.0
18.499999999999485,-75.0
18.524999999999483,-75.0
18.549999999999482,-75.0
18.57499999999948,-75.0
18.59999999999948,-75.0
18.624999999999478,-75.0
18.649999999999476,-75.0
18.674999999999475,-75.0
18.699999999999473,-75.0
18.724999999999472,-75.0
18.74999999999947,-75.0
18.77499999999947,-75.0
18.799999999999468,-75.0
18.824999999999466,-75.0
18.849999999999465,-75.0
18.874999999999464,-75.0
18.899999999999462,-75.0
18.92499999999946,-75.0
18.94999999999946,-75.0
18.974999999999458,-75.0
18.999999999999456,-75.0
19.024999999999455,-75.0
19.049999999999454,-75.0
19.074999999999452,-75.0
19.09999999999945,-75.0
19.12499999999945,-75.0
19.149999999999448,-75.0
19.174999999999446,-75.0
19.199999999999445,-75.0
19.224999999999444,-75.0
19.249999999999442,-75.0
19.27499999999944,-75.0
19.29999999999944,-75.0
19.324999999999438,-75.0
19.349999999999437,-75.0
19.374999999999435,-75.0
19.399999999999434,-75.0
19.424999999999432,-75.0
19.44999999999943,-75.0
19.47499999999943,-75.0
19.499999999999428,-75.0
19.524999999999427,-75.0
19.549999999999425,-75.0
19.574999999999424,-75.0
19.599999999999422,-75.0
19.62499999999942,-75.0
19.64999999999942,-75.0
19.674999999999418,-75.0
19.699999999999417,-75.0
19.724999999999415,-75.0
19.749999999999414,-75.0
19.774999999999412,-75.0
19.79999999999941,-75.0
19.82499999999941,-75.0
19.849999999999408,-75.0
19.874999999999407,-75.0
19.899999999999405,-75.0
19.924999999999404,-75.0
19.949999999999402,-75.0
19.9749999999994,-75.0
19.9999999999994,-75.0
20.024999999999398,-75.0
20.049999999999397,-74.99964242630234
20.074999999999395,-74.99882512390904
20.099999999999394,-74.99754046915682
20.124999999999392,-74.99581053447012
20.14999999999939,-74.99366638830742
20.17499999999939,-74.99114086639267
20.199999999999388,-74.98826591749604
20.224999999999387,-74.9850716905169
20.249999999999385,-74.98158631242332
20.274999999999384,-74.9778359304498
20.299999999999383,-74.97384484133194
20.32499999999938,-74.9696356365314
20.34999999999938,-74.96522933799089
20.37499999999938,-74.96064551785068
20.399999999999377,-74.95590240269479
20.424999999999375,-74.9510169650228
20.449999999999374,-74.94600500479484
20.474999999999373,-74.94088122339555
20.49999999999937,-74.93565929174923
20.52499999999937,-74.93035191378696
20.54999999999937,-74.92497088606464
20.574999999999367,-74.91952715404915
20.599999999999365,-74.91403086540382
20.624999999999364,-74.90849142048641
20.649999999999363,-74.90291752020332
20.67499999999936,-74.897317211324
20.69999999999936,-74.89169792934052
20.72499999999936,-74.88606653894918
20.749999999999357,-74.88042937222984
20.774999999999356,-74.87479226460091
20.799999999999354,-74.86916058863142
20.824999999999353,-74.86353928579483
20.84999999999935,-74.8579328962526
20.87499999999935,-74.85234558675748
20.89999999999935,-74.84678117676765
20.924999999999347,-74.84124316286334
20.949999999999346,-74.8357347415564
20.974999999999344,-74.83025883058257
20.999999999999343,-74.82481808876354
21.02499999999934,-74.81941493452378
21.04999999999934,-74.81405156314393
21.07499999999934,-74.80872996282955
21.099999999999337,-74.80345192967033
21.124999999999336,-74.79821908156156
21.149999999999334,-74.79303287115582
21.174999999999333,-74.78789459790949
21.19999999999933,-74.78280541928468
21.22499999999933,-74.77776636116418
21.24999999999933,-74.77277832753308
21.274999999999327,-74.76784210947788
21.299999999999326,-74.76295839355025
21.324999999999324,-74.75812776953987
21.349999999999323,-74.75335073769789
21.37499999999932,-74.74862771544947
21.39999999999932,-74.74395904363166
21.42499999999932,-74.73934499229011
21.449999999999317,-74.7347857660659
21.474999999999316,-74.7302815092017
21.499999999999314,-74.7258323101942
21.524999999999313,-74.72143820611804
21.54999999999931,-74.7170991866445
21.57499999999931,-74.71281519777696
21.59999999999931,-74.70858614532287
21.624999999999307,-74.70441189812118
21.649999999999306,-74.70029229104259
21.674999999999304,-74.69622712777863
21.699999999999303,-74.69221618343458
21.7249999999993,-74.68825920694006
21.7499999999993,-74.68435592329017
21.7749999999993,-74.68050603562904
21.799999999999297,-74.67670922718705
21.824999999999296,-74.67296516308167
21.849999999999294,-74.66927349199179
21.874999999999293,-74.66563384771415
21.89999999999929,-74.66204585061007
21.92499999999929,-74.65850910895031
21.94999999999929,-74.65502322016485
21.974999999999287,-74.65158777200435
21.999999999999286,-74.64820234361925
22.024999999999284,-74.64486650656234
22.049999999999283,-74.64157982571983
22.07499999999928,-74.63834186017598
22.09999999999928,-74.6351521640158
22.12499999999928,-74.63201028706996
22.149999999999277,-74.62891577560592
22.174999999999276,-74.6258681729689
22.199999999999275,-74.62286702017606
22.224999999999273,-74.61991185646716
22.24999999999927,-74.6170022198144
22.27499999999927,-74.61413764739449
22.29999999999927,-74.61131767602527
22.324999999999267,-74.60854184256934
22.349999999999266,-74.60580968430688
22.374999999999265,-74.6031207392798
22.399999999999263,-74.60047454660909
22.42499999999926,-74.59787064678706
22.44999999999926,-74.59530858194637
22.47499999999926,-74.5927878961072
22.499999999999257,-74.59030813540417
22.524999999999256,-74.58786884829424
22.549999999999255,-74.5854695857469
22.574999999999253,-74.58310990141798
22.599999999999252,-74.58078935180787
22.62499999999925,-74.57850749640552
22.64999999999925,-74.576263897819
22.674999999999248,-74.57405812189351
22.699999999999246,-74.57188973781777
22.724999999999245,-74.56975831821956
22.749999999999243,-74.56766343925109
22.774999999999242,-74.56560468066496
22.79999999999924,-74.56358162588127
22.82499999999924,-74.56159386204664
22.849999999999238,-74.55964098008542
22.874999999999236,-74.55772257474406
22.899999999999235,-74.55583824462857
22.924999999999233,-74.5539875922361
22.949999999999232,-74.5521702239806
22.97499999999923,-74.55038575021334
22.99999999999923,-74.54863378523837
23.024999999999228,-74.54691394732349
23.049999999999226,-74.54522585870694
23.074999999999225,-74.54356914560015
23.099999999999223,-74.54194343818689
23.124999999999222,-74.54034837061901
23.14999999999922,-74.5387835810091
23.17499999999922,-74.53724871142023
23.199999999999218,-74.53574340785315
23.224999999999216,-74.53426732023084
23.249999999999215,-74.5328201023811
23.274999999999213,-74.53140141201678
23.299999999999212,-74.53001091071437
23.32499999999921,-74.52864826389069
23.34999999999921,-74.52731314077809
23.374999999999208,-74.52600521439818
23.399999999999206,-74.52472416153424
23.424999999999205,-74.52346966270245
23.449999999999203,-74.52224140212212
23.474999999999202,-74.5210390676848
23.4999999999992,-74.51986235092265
23.5249999999992,-74.51871094697607
23.549999999999198,-74.5175845545605
23.574999999999196,-74.51648287593274
23.599999999999195,-74.51540561685665
23.624999999999194,-74.51435248656858
23.649999999999192,-74.51332319774212
23.67499999999919,-74.5123174664528
23.69999999999919,-74.51133501214233
23.724999999999188,-74.5103755575827
23.749999999999186,-74.5094388288402
23.774999999999185,-74.50852455523905
23.799999999999184,-74.50763246932529
23.824999999999182,-74.50676230683034
23.84999999999918,-74.50591380663477
23.87499999999918,-74.50508671073194
23.899999999999178,-74.50428076419183
23.924999999999176,-74.50349571512487
23.949999999999175,-74.50273131464593
23.974999999999174,-74.50198731683844
23.999999999999172,-74.50126347871871
24.02499999999917,-74.50055956020037
24.04999999999917,-74.49987532405908
24.074999999999168,-74.4992105358974
24.099999999999167,-74.49856496411002
24.124999999999165,-74.49793837984905
24.149999999999164,-74.49733055698975
24.174999999999162,-74.49674127209651
24.19999999999916,-74.49617030438901
24.22499999999916,-74.4956174357088
24.249999999999158,-74.49508245048612
24.274999999999157,-74.49456513570712
24.299999999999155,-74.49406528088129
24.324999999999154,-74.49358267800928
24.349999999999152,-74.49311712155108
24.37499999999915,-74.4926684083945
24.39999999999915,-74.49223633782395
24.424999999999148,-74.49182071148975
24.449999999999147,-74.49142133337749
24.474999999999145,-74.49103800977802
24.499999999999144,-74.4906705492577
24.524999999999142,-74.49031876262892
24.54999999999914,-74.48998246292105
24.57499999999914,-74.48966146535179
24.599999999999138,-74.48935558729879
24.624999999999137,-74.48906464827164
24.649999999999135,-74.4887884698843
24.674999999999134,-74.48852687582773
24.699999999999132,-74.48827969184303
24.72499999999913,-74.48804674569482
24.74999999999913,-74.48782786714501
24.774999999999128,-74.48762288792695
24.799999999999127,-74.48743164171981
24.824999999999125,-74.48725396412348
24.849999999999124,-74.48708969263365
24.874999999999122,-74.48693866661726
24.89999999999912,-74.48680072728843
24.92499999999912,-74.48667571768443
24.949999999999118,-74.48656348264231
24.974999999999117,-74.48646386877559
24.999999999999115,-74.48637672445142
25.024999999999114,-74.48630189976804
25.049999999999113,-74.48623924653245
25.07499999999911,-74.48618861823856
25.09999999999911,-74.48614987004551
25.12499999999911,-74.48612285875636
25.149999999999107,-74.48610744279705
25.174999999999105,-74.4861034821957
25.199999999999104,-74.48611083856215
25.224999999999103,-74.48612937506785
25.2499999999991,-74.48615895642594
25.2749999999991,-74.48619944887176
25.2999999999991,-74.48625072014349
25.324999999999097,-74.48631263946316
25.349999999999095,-74.4863850775179
25.374999999999094,-74.48646790644142
25.399999999999093,-74.4865609997959
25.42499999999909,-74.4866642325539
25.44999999999909,-74.48677748108076
25.47499999999909,-74.48690062311711
25.499999999999087,-74.48703353776169
25.524999999999086,-74.48717610545441
25.549999999999084,-74.48732820795964
25.574999999999083,-74.48748972834971
25.59999999999908,-74.48766055098875
25.62499999999908,-74.48784056151662
25.64999999999908,-74.48802964683321
25.674999999999077,-74.48822769508281
25.699999999999076,-74.48843459563888
25.724999999999074,-74.4886502390889
25.749999999999073,-74.48887451721946
25.77499999999907,-74.48910732300166
25.79999999999907,-74.48934855057657
25.82499999999907,-74.48959809524098
25.849999999999067,-74.48985585343343
25.874999999999066,-74.49012172272022
25.899999999999064,-74.49039560178186
25.924999999999063,-74.4906773903995
25.94999999999906,-74.49096698944177
25.97499999999906,-74.49126430085161
25.99999999999906,-74.49156922763339
26.024999999999057,-74.49188167384015
26.049999999999056,-74.49220154456115
26.074999999999054,-74.4925287459094
26.099999999999053,-74.49286318500951
26.12499999999905,-74.49320476998571
26.14999999999905,-74.4935534099499
26.17499999999905,-74.49390901499004
26.199999999999047,-74.49427149615858
26.224999999999046,-74.49464076546113
26.249999999999044,-74.4950167358452
26.274999999999043,-74.4953993211892
26.29999999999904,-74.49578843629152
26.32499999999904,-74.49618399685976
26.34999999999904,-74.49658591950015
26.374999999999037,-74.49699412170709
26.399999999999036,-74.49740852185285
26.424999999999034,-74.49782903917736
26.449999999999033,-74.49825559377823
26.47499999999903,-74.49868810660081
26.49999999999903,-74.49912649942846
26.52499999999903,-74.49957069487289
26.549999999999027,-74.50002061636471
26.574999999999026,-74.500476188144
26.599999999999024,-74.50093733525117
26.624999999999023,-74.50140398351768
26.64999999999902,-74.50187605955719
26.67499999999902,-74.50235349075665
26.69999999999902,-74.50283620526749
26.724999999999017,-74.50332413199703
26.749999999999016,-74.50381720059995
26.774999999999014,-74.50431534146989
26.799999999999013,-74.5048184857311
26.82499999999901,-74.50532656523032
26.84999999999901,-74.50583951252862
26.87499999999901,-74.50635726089352
26.899999999999007,-74.50687974429104
26.924999999999006,-74.50740689737795
26.949999999999005,-74.50793865549416
26.974999999999003,-74.50847495465507
26.999999999999,-74.50901573154417
27.024999999999,-74.50956092350562
27.049999999999,-74.51011046853704
27.074999999998997,-74.51066430528225
27.099999999998996,-74.51122237302424
27.124999999998995,-74.51178461167817
27.149999999998993,-74.5123509617844
27.17499999999899,-74.51292136450179
27.19999999999899,-74.51349576160084
27.22499999999899,-74.51407409545712
27.249999999998987,-74.5146563090447
27.274999999998986,-74.51524234592965
27.299999999998985,-74.51583215026368
27.324999999998983,-74.51642566677776
27.349999999998982,-74.51702284077597
27.37499999999898,-74.51762361812926
27.39999999999898,-74.51822794526944
27.424999999998978,-74.51883576918311
27.449999999998976,-74.5194470374058
27.474999999998975,-74.52006169801601
27.499999999998973,-74.52067969962957
27.524999999998972,-74.52130099139379
27.54999999999897,-74.5219255229819
27.57499999999897,-74.52255324458747
27.599999999998968,-74.52318410691886
27.624999999998966,-74.52381806119384
27.649999999998965,-74.52445505913417
27.674999999998963,-74.52509505296037
27.699999999998962,-74.52573799538636
27.72499999999896,-74.52638383961441
27.74999999999896,-74.52703253932997
27.774999999998958,-74.52768404869656
27.799999999998956,-74.5283383223509
27.824999999998955,-74.52899531539789
27.849999999998953,-74.52965498340576
27.874999999998952,-74.53031728240127
27.89999999999895,-74.53098216886494
27.92499999999895,-74.53164959972632
27.949999999998948,-74.53231953235944
27.974999999998946,-74.53299192457811
27.999999999998945,-74.53366673463144
28.024999999998943,-74.53434392119938
28.049999999998942,-74.53502344338823
28.07499999999894,-74.5357052607263
28.09999999999894,-74.5363893331596
28.124999999998938,-74.53707562104753
28.149999999998936,-74.53776408515867
28.174999999998935,-74.53845468666661
28.199999999998933,-74.5391473871458
28.224999999998932,-74.5398421485675
28.24999999999893,-74.54053893329571
28.27499999999893,-74.54123770408322
28.299999999998928,-74.54193842406764
28.324999999998926,-74.54264105676754
28.349999999998925,-74.54334556607854
28.374999999998924,-74.54405191626958
28.399999999998922,-74.54476007197906
28.42499999999892,-74.5454699982112
28.44999999999892,-74.54618166033235
28.474999999998918,-74.5468950240673
28.499999999998916,-74.54761005549572
28.524999999998915,-74.54832672104864
28.549999999998914,-74.54904498750483
28.574999999998912,-74.54976482198744
28.59999999999891,-74.55048619196049
28.62499999999891,-74.55120906522546
28.649999999998908,-74.55193340991802
28.674999999998906,-74.55265919450459
28.699999999998905,-74.5533863877791
28.724999999998904,-74.55411495885977
28.749999999998902,-74.55484487718586
28.7749999999989,-74.55557611251449
28.7999999999989,-74.55630863491747
28.824999999998898,-74.55704241477828
28.849999999998897,-74.55777742278887
28.874999999998895,-74.55851362994672
28.899999999998894,-74.55925100755177
28.924999999998892,-74.55998952720344
28.94999999999889,-74.56072916079775
28.97499999999889,-74.56146988052431
28.999999999998888,-74.56221165886353
29.024999999998887,-74.5629544685837
29.049999999998885,-74.5636982827382
29.074999999998884,-74.56444307466272
29.099999999998882,-74.56518881797247
29.12499999999888,-74.56593548655945
29.14999999999888,-74.56668305458982
29.174999999998878,-74.5674314965011
29.199999999998877,-74.56818078699965
29.224999999998875,-74.56893090105797
29.249999999998874,-74.56968181391215
29.274999999998872,-74.5704335010593
29.29999999999887,-74.571185938255
29.32499999999887,-74.57193910151082
29.349999999998868,-74.57269296709183
29.374999999998867,-74.5734475115141
29.399999999998865,-74.57420271154237
29.424999999998864,-74.57495854418755
29.449999999998862,-74.57571498670437
29.47499999999886,-74.57647201658904
29.49999999999886,-74.5772296115769
29.524999999998858,-74.57798774964013
29.549999999998857,-74.5787464089855
29.574999999998855,-74.579505568052
29.599999999998854,-74.58026520550872
29.624999999998852,-74.5810253002526
29.64999999999885,-74.58178583140625
29.67499999999885,-74.5825467783157
29.699999999998848,-74.5833081205484
29.724999999998847,-74.58406983789098
29.749999999998845,-74.58483191034719
29.774999999998844,-74.58559431813583
29.799999999998843,-74.58635704168869
29.82499999999884,-74.58712006164846
29.84999999999884,-74.58788335886682
29.87499999999884,-74.5886469144023
29.899999999998837,-74.58941070951846
29.924999999998835,-74.59017472568178
29.949999999998834,-74.59093894455985
29.974999999998833,-74.59170334801938
29.99999999999883,-74.59246791812431
30.02499999999883,-74.59323263713395
30.04999999999883,-74.59399748750113
30.074999999998827,-74.5947624518703
30.099999999998825,-74.59552751307578
30.124999999998824,-74.59629265413989
30.149999999998823,-74.59705785827121
30.17499999999882,-74.5978231088628
30.19999999999882,-74.5985883894904
30.22499999999882,-74.59935368391079
30.249999999998817,-74.60011897605996
30.274999999998816,-74.60088425005151
30.299999999998814,-74.6016494901749
30.324999999998813,-74.60241468089382
30.34999999999881,-74.6031798068445
30.37499999999881,-74.6039448528341
30.39999999999881,-74.60470980383913
30.424999999998807,-74.60547464500374
30.449999999998806,-74.60623936163826
30.474999999998804,-74.60700393921752
30.499999999998803,-74.60776836337939
30.5249999999988,-74.60853261992314
30.5499999999988,-74.60929669480798
30.5749999999988,-74.61006057415155
30.599999999998797,-74.61082424422837
30.624999999998796,-74.61158769146843
30.649999999998794,-74.61235090245563
30.674999999998793,-74.61311386392644
30.69999999999879,-74.61387656276837
30.72499999999879,-74.61463898601856
30.74999999999879,-74.6154011208624
30.774999999998787,-74.61616295463212
30.799999999998786,-74.61692447480536
30.824999999998784,-74.61768566900388
30.849999999998783,-74.61844652499212
30.87499999999878,-74.61920703067592
30.89999999999878,-74.61996717410113
30.92499999999878,-74.62072694345235
30.949999999998777,-74.62148632705154
30.974999999998776,-74.62224531335683
30.999999999998774,-74.62300389096112
31.024999999998773,-74.62376204859092
31.04999999999877,-74.62451977510504
31.07499999999877,-74.62527705949331
31.09999999999877,-74.6260338908754
31.124999999998767,-74.62679025849958
31.149999999998766,-74.62754615174151
31.174999999998764,-74.62830156010301
31.199999999998763,-74.62905647321092
31.22499999999876,-74.62981088081588
31.24999999999876,-74.6305647727912
31.27499999999876,-74.63131813913166
31.299999999998757,-74.63207096995244
31.324999999998756,-74.63282325548786
31.349999999998754,-74.63357498609041
31.374999999998753,-74.6343261522295
31.39999999999875,-74.63507674449048
31.42499999999875,-74.63582675357343
31.44999999999875,-74.63657617029216
31.474999999998747,-74.6373249855731
31.499999999998746,-74.63807319045428
31.524999999998744,-74.6388207760842
31.549999999998743,-74.6395677337209
31.57499999999874,-74.6403140547308
31.59999999999874,-74.64105973058777
31.62499999999874,-74.64180475287209
31.649999999998737,-74.64254911326944
31.674999999998736,-74.64329280356992
31.699999999998735,-74.64403581566704
31.724999999998733,-74.64477814155676
31.74999999999873,-74.6455197733365
31.77499999999873,-74.64626070320426
31.79999999999873,-74.64700092345755
31.824999999998727,-74.64774042649256
31.849999999998726,-74.64847920480314
31.874999999998725,-74.64921725097994
31.899999999998723,-74.64995455770948
31.92499999999872,-74.65069111777319
31.94999999999872,-74.65142692404662
31.97499999999872,-74.65216196949844
31.999999999998717,-74.65289624718963
32.02499999999872,-74.65362975027257
32.049999999998725,-74.65436247199018
32.07499999999873,-74.6550944056751
32.09999999999874,-74.65582554474877
32.12499999999874,-74.65655588272064
32.14999999999875,-74.65728541318734
32.174999999998754,-74.65801412983181
32.19999999999876,-74.65874202642254
32.224999999998765,-74.65946909681269
32.24999999999877,-74.66019533493933
32.274999999998776,-74.66092073482264
32.29999999999878,-74.66164529056512
32.32499999999879,-74.66236899635079
32.34999999999879,-74.66309184644446
32.3749999999988,-74.66381383519085
32.399999999998805,-74.664534957014
32.42499999999881,-74.66525520641636
32.449999999998816,-74.66597457797813
32.47499999999882,-74.6666930663565
32.49999999999883,-74.6674106662849
32.52499999999883,-74.66812737257226
32.54999999999884,-74.66884318010237
32.574999999998845,-74.66955808383305
32.59999999999885,-74.67027207879556
32.624999999998856,-74.67098516009378
32.64999999999886,-74.67169732290361
32.67499999999887,-74.67240856247226
32.69999999999887,-74.67311887411749
32.72499999999888,-74.67382825322707
32.749999999998884,-74.67453669525801
32.77499999999889,-74.67524419573591
32.799999999998896,-74.67595075025433
32.8249999999989,-74.6766563544741
32.84999999999891,-74.67736100412276
32.87499999999891,-74.67806469499378
32.89999999999892,-74.67876742294604
32.924999999998924,-74.67946918390317
32.94999999999893,-74.6801699738529
32.974999999998936,-74.68086978884648
32.99999999999894,-74.68156862499802
33.02499999999895,-74.68226647848397
33.04999999999895,-74.68296334554239
33.07499999999896,-74.6836592224725
33.099999999998964,-74.68435410563396
33.12499999999897,-74.68504799144637
33.149999999998975,-74.68574087638865
33.17499999999898,-74.68643275699849
33.19999999999899,-74.68712362987175
33.22499999999899,-74.68781349166193
33.249999999999,-74.6885023390796
33.274999999999004,-74.68919016889183
33.29999999999901,-74.68987697792163
33.324999999999015,-74.69056276304745
33.34999999999902,-74.69124752120264
33.37499999999903,-74.69193124937485
33.39999999999903,-74.69261394460557
33.42499999999904,-74.69329560398955
33.449999999999044,-74.69397622467436
33.47499999999905,-74.69465580385977
33.499999999999055,-74.69533433879732
33.52499999999906,-74.69601182678977
33.549999999999066,-74.69668826519063
33.57499999999907,-74.69736365140363
33.59999999999908,-74.69803798288224
33.62499999999908,-74.6987112571292
33.64999999999909,-74.69938347169602
33.674999999999095,-74.70005462418248
33.6999999999991,-74.7007247122362
33.724999999999106,-74.70139373355211
33.74999999999911,-74.70206168587205
33.77499999999912,-74.70272856698426
33.79999999999912,-74.70339437472293
33.82499999999913,-74.70405910696776
33.849999999999135,-74.7047227616435
33.87499999999914,-74.70538533671946
33.899999999999146,-74.70604683020919
33.92499999999915,-74.70670724016989
33.94999999999916,-74.70736656470208
33.97499999999916,-74.70802480194915
33.99999999999917,-74.70868195009687
34.024999999999174,-74.70933800737306
34.04999999999918,-74.70999297204712
34.074999999999186,-74.71064684242961
34.09999999999919,-74.71129961687184
34.1249999999992,-74.71195129376548
34.1499999999992,-74.71260187154218
34.17499999999921,-74.71325134867307
34.199999999999214,-74.71389972366848
34.22499999999922,-74.71454699507747
34.249999999999226,-74.71519316148748
34.27499999999923,-74.7158382215239
34.29999999999924,-74.71648217384974
34.32499999999924,-74.71712501716522
34.34999999999925,-74.71776675020737
34.374999999999254,-74.71840737174973
34.39999999999926,-74.71904688060191
34.424999999999265,-74.71968527560922
34.44999999999927,-74.72032255565237
34.47499999999928,-74.72095871964707
34.49999999999928,-74.72159376654368
34.52499999999929,-74.72222769532681
34.549999999999294,-74.72286050501508
34.5749999999993,-74.72349219466066
34.599999999999305,-74.724122763349
34.62499999999931,-74.72475221019843
34.64999999999932,-74.72538053435987
34.67499999999932,-74.72600773501647
34.69999999999933,-74.7266338113833
34.72499999999933,-74.72725876270698
34.74999999999934,-74.72788258826542
34.774999999999345,-74.7285052873674
34.79999999999935,-74.72912685935236
34.824999999999356,-74.72974730359
34.84999999999936,-74.73036661948
34.87499999999937,-74.73098480645169
34.89999999999937,-74.73160186396377
34.92499999999938,-74.73221779150398
34.949999999999385,-74.73283258858882
34.97499999999939,-74.7334462547632
34.999999999999396,-74.73405878960017
35.0249999999994,-74.73467019270068
35.04999999999941,-74.73528046369319
35.07499999999941,-74.73588960223344
35.09999999999942,-74.73649760800414
35.124999999999424,-74.7371044807147
35.14999999999943,-74.73771022010094
35.174999999999436,-74.7383148259248
35.19999999999944,-74.73891829797411
35.22499999999945,-74.73952063606221
35.24999999999945,-74.74012184002781
35.27499999999946,-74.74072190973462
35.299999999999464,-74.74132084507112
35.32499999999947,-74.7419186459503
35.349999999999476,-74.74251531230941
35.37499999999948,-74.74311084410962
35.39999999999949,-74.74370524133587
35.42499999999949,-74.74429850399657
35.4499999999995,-74.7448906321233
35.474999999999504,-74.74548162577064
35.49999999999951,-74.74607148501583
35.524999999999515,-74.74666020995865
35.54999999999952,-74.74724780072103
35.57499999999953,-74.7478342574469
35.59999999999953,-74.74841958030194
35.62499999999954,-74.74900376947333
35.649999999999544,-74.74958682516949
35.67499999999955,-74.75016874761988
35.699999999999555,-74.75074953707475
35.72499999999956,-74.75132919380495
35.74999999999957,-74.75190771810163
35.77499999999957,-74.75248511027608
35.79999999999958,-74.75306137065948
35.824999999999584,-74.75363649960265
35.84999999999959,-74.75421049747591
35.874999999999595,-74.75478336466877
35.8999999999996,-74.75535510158977
35.924999999999606,-74.75592570866628
35.94999999999961,-74.75649518634424
35.97499999999962,-74.75706353508795
35.99999999999962,-74.75763075537994
36.02499999999963,-74.75819684772065
36.049999999999635,-74.75876181262835
36.07499999999964,-74.75932565063881
36.099999999999646,-74.75988836230519
36.12499999999965,-74.76044994819783
36.14999999999966,-74.76101040890401
36.17499999999966,-74.76156974502778
36.19999999999967,-74.7621279571898
36.224999999999675,-74.7626850460271
36.24999999999968,-74.76324101219289
36.274999999999686,-74.76379585635642
36.29999999999969,-74.76434957920276
36.3249999999997,-74.76490218143257
36.3499999999997,-74.76545366376205
36.37499999999971,-74.76600402692259
36.399999999999714,-74.76655327166074
36.42499999999972,-74.76710139873792
36.449999999999726,-74.76764840893033
36.47499999999973,-74.7681943030287
36.49999999999974,-74.76873908183816
36.52499999999974,-74.76928274617809
36.54999999999975,-74.7698252968819
36.574999999999754,-74.77036673479688
36.59999999999976,-74.77090706078403
36.624999999999766,-74.7714462757179
36.64999999999977,-74.77198438048646
36.67499999999978,-74.77252137599086
36.69999999999978,-74.77305726314533
36.72499999999979,-74.77359204287701
36.749999999999794,-74.77412571612577
36.7749999999998,-74.77465828384406
36.799999999999805,-74.77518974699682
36.82499999999981,-74.7757201065612
36.84999999999982,-74.77624936352652
36.87499999999982,-74.77677751889404
36.89999999999983,-74.7773045736769
36.924999999999834,-74.77783052889987
36.94999999999984,-74.77835538559927
36.974999999999845,-74.77887914482282
36.99999999999985,-74.77940180762945
37.02499999999986,-74.77992337508924
37.04999999999986,-74.78044384828316
37.07499999999987,-74.78096322830305
37.09999999999987,-74.78148151625142
37.12499999999988,-74.78199871324131
37.149999999999885,-74.78251482039617
37.17499999999989,-74.78302983884973
37.199999999999896,-74.78354376974582
37.2249999999999,-74.78405661423832
37.24999999999991,-74.78456837349097
37.27499999999991,-74.78507904867723
37.29999999999992,-74.78558864098018
37.324999999999925,-74.78609715159241
37.34999999999993,-74.78660458171585
37.374999999999936,-74.78711093256166
37.39999999999994,-74.7876162053501
37.42499999999995,-74.78812040131047
37.44999999999995,-74.78862352168085
37.47499999999996,-74.78912556770814
37.499999999999964,-74.78962654064782
37.52499999999997,-74.79012644176387
37.549999999999976,-74.7906252723287
37.57499999999998,-74.79112303362295
37.59999999999999,-74.79161972693545
37.62499999999999,-74.79211535356303
37.65,-74.79260991481048
37.675000000000004,-74.79310341199042
37.70000000000001,-74.79359584642313
37.725000000000016,-74.7940872194365
37.75000000000002,-74.79457753236596
37.77500000000003,-74.79506678655424
37.80000000000003,-74.79555498335138
37.82500000000004,-74.79604212411459
37.850000000000044,-74.79652821020814
37.87500000000005,-74.79701324300324
37.900000000000055,-74.79749722387797
37.92500000000006,-74.79798015421714
37.95000000000007,-74.79846203541226
37.97500000000007,-74.79894286886133
38.00000000000008,-74.79942265596884
38.025000000000084,-74.79990139814562
38.05000000000009,-74.80037909680878
38.075000000000095,-74.80085575338154
38.1000000000001,-74.80133136929324
38.12500000000011,-74.80180594597914
38.15000000000011,-74.80227948488042
38.17500000000012,-74.802751987444
38.200000000000124,-74.80322345512253
38.22500000000013,-74.80369388937426
38.250000000000135,-74.8041632916629
38.27500000000014,-74.80463166345766
38.300000000000146,-74.805099006233
38.32500000000015,-74.80556532146869
38.35000000000016,-74.80603061064963
38.37500000000016,-74.80649487526578
38.40000000000017,-74.80695811681213
38.425000000000175,-74.80742033678852
38.45000000000018,-74.80788153669965
38.475000000000186,-74.80834171805495
38.50000000000019,-74.80880088236847
38.5250000000002,-74.8092590311589
38.5500000000002,-74.80971616594935
38.57500000000021,-74.8101722882674
38.600000000000215,-74.81062739964493
38.62500000000022,-74.8110815016181
38.650000000000226,-74.81153459572724
38.67500000000023,-74.81198668351679
38.70000000000024,-74.81243776653521
38.72500000000024,-74.8128878463349
38.75000000000025,-74.81333692447218
38.775000000000254,-74.81378500250713
38.80000000000026,-74.81423208200358
38.825000000000266,-74.81467816452903
38.85000000000027,-74.81512325165454
38.87500000000028,-74.81556734495473
38.90000000000028,-74.81601044600762
38.92500000000029,-74.81645255639464
38.950000000000294,-74.8168936777005
38.9750000000003,-74.81733381151321
39.000000000000306,-74.81777295942388
39.02500000000031,-74.81821112302676
39.05000000000032,-74.81864830391915
39.07500000000032,-74.81908450370132
39.10000000000033,-74.81951972397644
39.125000000000334,-74.81995396635055
39.15000000000034,-74.82038723243244
39.175000000000345,-74.82081952383362
39.20000000000035,-74.82125084216831
39.22500000000036,-74.82168118905327
39.25000000000036,-74.82211056610781
39.27500000000037,-74.82253897495373
39.300000000000374,-74.82296641721523
39.32500000000038,-74.82339289451886
39.350000000000385,-74.82381840849351
39.37500000000039,-74.82424296077023
39.4000000000004,-74.82466655298234
39.4250000000004,-74.8250891867652
39.45000000000041,-74.82551086375629
39.47500000000041,-74.82593158559511
39.50000000000042,-74.8263513539231
39.525000000000425,-74.82677017038357
39.55000000000043,-74.82718803662173
39.575000000000436,-74.82760495428455
39.60000000000044,-74.82802092502077
39.62500000000045,-74.82843595048078
39.65000000000045,-74.82885003231667
39.67500000000046,-74.82926317218202
39.700000000000465,-74.82967537173205
39.72500000000047,-74.83008663262339
39.750000000000476,-74.83049695651414
39.77500000000048,-74.83090634506375
39.80000000000049,-74.83131479993307
39.82500000000049,-74.83172232278416
39.8500000000005,-74.83212891528038
39.875000000000504,-74.83253457908624
39.90000000000051,-74.83293931586745
39.925000000000516,-74.83334312729075
39.95000000000052,-74.83374601502396
39.97500000000053,-74.83414798073595
40.00000000000053,-74.83454902609648
40.02500000000054,-74.83494915277629
40.050000000000544,-74.83534836244696
40.07500000000055,-74.83574665678091
40.100000000000556,-74.83614403745135
40.12500000000056,-74.83654050613221
40.15000000000057,-74.83693606449816
40.17500000000057,-74.8373307142245
40.20000000000058,-74.83772445698717
40.225000000000584,-74.83811729446266
40.25000000000059,-74.83850922832804
40.275000000000595,-74.83890026026083
40.3000000000006,-74.83929039193904
40.32500000000061,-74.83967962504109
40.35000000000061,-74.84006796124575
40.37500000000062,-74.8404554022322
40.400000000000624,-74.84084194967983
40.42500000000063,-74.84122760526837
40.450000000000635,-74.84161237067775
40.47500000000064,-74.84199624758809
40.50000000000065,-74.84237923767965
40.52500000000065,-74.84276134263284
40.55000000000066,-74.84314256412813
40.575000000000664,-74.84352290384605
40.60000000000067,-74.84390236346714
40.625000000000675,-74.84428094467188
40.65000000000068,-74.84465864914077
40.675000000000686,-74.84503547855414
40.70000000000069,-74.84541143459225
40.7250000000007,-74.84578651893517
40.7500000000007,-74.84616073326282
40.77500000000071,-74.84653407925484
40.800000000000715,-74.84690655859067
40.82500000000072,-74.84727817294944
40.850000000000726,-74.84764892400997
40.87500000000073,-74.84801881345072
40.90000000000074,-74.84838784294978
40.92500000000074,-74.84875601418481
40.95000000000075,-74.84912332883307
40.975000000000755,-74.84948978857135
41.00000000000076,-74.84985539507588
41.025000000000766,-74.85022015002244
41.05000000000077,-74.8505840550862
41.07500000000078,-74.85094711194178
41.10000000000078,-74.85130932226316
41.12500000000079,-74.8516706877237
41.150000000000794,-74.8520312099961
41.1750000000008,-74.85239089075233
41.200000000000806,-74.85274973166366
41.22500000000081,-74.85310773440065
41.25000000000082,-74.85346490063301
41.27500000000082,-74.8538212320297
41.30000000000083,-74.85417673025886
41.325000000000834,-74.85453139698774
41.35000000000084,-74.85488523388275
41.375000000000846,-74.85523824260939
41.40000000000085,-74.85559042483223
41.42500000000086,-74.8559417822149
41.45000000000086,-74.85629231642002
41.47500000000087,-74.8566420291093
41.500000000000874,-74.85699092194331
41.52500000000088,-74.85733899658169
41.550000000000885,-74.85768625468293
41.57500000000089,-74.85803269790449
41.6000000000009,-74.8583783279027
41.6250000000009,-74.85872314633274
41.65000000000091,-74.85906715484863
41.675000000000914,-74.85941035510328
41.70000000000092,-74.85975274874832
41.725000000000925,-74.86009433743422
41.75000000000093,-74.86043512281017
41.77500000000094,-74.86077510652413
41.80000000000094,-74.86111429022277
41.82500000000095,-74.86145267555148
41.85000000000095,-74.86179026415428
41.87500000000096,-74.8621270576739
41.900000000000965,-74.8624630577517
41.92500000000097,-74.86279826602764
41.950000000000976,-74.86313268414033
41.97500000000098,-74.8634663137269
42.00000000000099,-74.86379915642313
42.02500000000099,-74.86413121386327
42.050000000001,-74.86446248768016
42.075000000001005,-74.8647929795051
42.10000000000101,-74.86512269096794
42.125000000001016,-74.86545162369698
42.15000000000102,-74.86577977931898
42.17500000000103,-74.86610715945916
42.20000000000103,-74.86643376574115
42.22500000000104,-74.866759599787
42.250000000001044,-74.86708466321717
42.27500000000105,-74.86740895765047
42.300000000001056,-74.8677324847041
42.32500000000106,-74.8680552459936
42.35000000000107,-74.86837724313285
42.37500000000107,-74.86869847773404
42.40000000000108,-74.86901895140765
42.425000000001084,-74.86933866576248
42.45000000000109,-74.86965762240557
42.475000000001096,-74.86997582294225
42.5000000000011,-74.87029326897607
42.52500000000111,-74.87060996210883
42.55000000000111,-74.87092590394055
42.57500000000112,-74.87124109606941
42.600000000001124,-74.87155554009185
42.62500000000113,-74.87186923760243
42.650000000001135,-74.8721821901939
42.67500000000114,-74.87249439945715
42.70000000000115,-74.87280586698124
42.72500000000115,-74.87311659435329
42.75000000000116,-74.8734265831586
42.775000000001164,-74.87373583498055
42.80000000000117,-74.87404435140058
42.825000000001175,-74.87435213399826
42.85000000000118,-74.87465918435116
42.87500000000119,-74.87496550403496
42.90000000000119,-74.87527109462337
42.9250000000012,-74.87557595768813
42.950000000001204,-74.87588009479896
42.97500000000121,-74.87618350752366
43.000000000001215,-74.87648619742798
43.02500000000122,-74.87678816607567
43.050000000001226,-74.87708941502845
43.07500000000123,-74.87738994584605
43.10000000000124,-74.87768976008608
43.12500000000124,-74.87798885930417
43.15000000000125,-74.87828724505385
43.175000000001255,-74.8785849188866
43.20000000000126,-74.87888188235178
43.225000000001266,-74.8791781369967
43.25000000000127,-74.87947368436656
43.27500000000128,-74.87976852600443
43.30000000000128,-74.88006266345127
43.32500000000129,-74.88035609824594
43.350000000001295,-74.88064883192514
43.3750000000013,-74.88094086602342
43.400000000001306,-74.88123220207319
43.42500000000131,-74.88152284160469
43.45000000000132,-74.88181278614601
43.47500000000132,-74.88210203722304
43.50000000000133,-74.88239059635949
43.525000000001334,-74.88267846507689
43.55000000000134,-74.88296564489455
43.575000000001346,-74.88325213732959
43.60000000000135,-74.88353794389693
43.62500000000136,-74.8838230661092
43.65000000000136,-74.88410750547688
43.67500000000137,-74.88439126350815
43.700000000001374,-74.88467434170902
43.72500000000138,-74.88495674158315
43.750000000001386,-74.88523846463205
43.77500000000139,-74.88551951235489
43.8000000000014,-74.88579988624859
43.8250000000014,-74.88607958780783
43.85000000000141,-74.88635861852494
43.875000000001414,-74.88663697989001
43.90000000000142,-74.88691467339085
43.925000000001425,-74.88719170051291
43.95000000000143,-74.8874680627394
43.97500000000144,-74.88774376155116
44.00000000000144,-74.88801879842677
44.02500000000145,-74.88829317484243
44.050000000001454,-74.88856689227205
44.07500000000146,-74.88883995218721
44.100000000001465,-74.88911235605714
44.12500000000147,-74.88938410534871
44.15000000000148,-74.88965520152648
44.17500000000148,-74.88992564605262
44.20000000000149,-74.89019544038696
44.225000000001494,-74.89046458598699
44.2500000000015,-74.8907330843078
44.275000000001505,-74.89100093680212
44.30000000000151,-74.89126814492029
44.325000000001516,-74.89153471011032
44.35000000000152,-74.89180063381778
44.37500000000153,-74.8920659174859
44.40000000000153,-74.89233056255547
44.42500000000154,-74.89259457046492
44.450000000001545,-74.89285794265028
44.47500000000155,-74.89312068054515
44.500000000001556,-74.89338278558077
44.52500000000156,-74.89364425918592
44.55000000000157,-74.893905102787
44.57500000000157,-74.89416531780799
44.60000000000158,-74.89442490567045
44.625000000001585,-74.89468386779349
44.65000000000159,-74.89494220559385
44.675000000001596,-74.89519992048578
44.7000000000016,-74.89545701388114
44.72500000000161,-74.89571348718934
44.75000000000161,-74.89596934181736
44.77500000000162,-74.89622457916974
44.800000000001624,-74.89647920064857
44.82500000000163,-74.8967332076535
44.850000000001636,-74.89698660158173
44.87500000000164,-74.89723938382802
44.90000000000165,-74.89749155578468
44.92500000000165,-74.89774311884153
44.95000000000166,-74.89799407438599
44.975000000001664,-74.89824442380299
45.00000000000167,-74.89849416847498
45.025000000001675,-74.898743309782
45.05000000000168,-74.8989918491016
45.07500000000169,-74.89923978780885
45.10000000000169,-74.89948712727636
45.1250000000017,-74.89973386887429
45.150000000001704,-74.89998001397032
45.17500000000171,-74.90022556392965
45.200000000001715,-74.90047052011501
45.22500000000172,-74.90071488388665
45.25000000000173,-74.90095865660237
45.27500000000173,-74.90120183961746
45.30000000000174,-74.90144443428476
45.325000000001744,-74.9016864419546
45.35000000000175,-74.90192786397486
45.375000000001755,-74.90216870169093
45.40000000000176,-74.90240895644568
45.425000000001766,-74.90264862957959
45.45000000000177,-74.90288772243053
45.47500000000178,-74.90312623633402
45.50000000000178,-74.90336417262297
45.52500000000179,-74.90360153262789
45.550000000001795,-74.90383831767676
45.5750000000018,-74.9040745290951
45.600000000001806,-74.90431016820591
45.62500000000181,-74.90454523632975
45.65000000000182,-74.90477973478465
45.67500000000182,-74.90501366488617
45.70000000000183,-74.90524702794738
45.725000000001835,-74.90547982527885
45.75000000000184,-74.90571205818867
45.775000000001846,-74.90594372798245
45.80000000000185,-74.9061748359633
45.82500000000186,-74.90640538343185
45.85000000000186,-74.9066353716862
45.87500000000187,-74.90686480202204
45.900000000001874,-74.90709367573251
45.92500000000188,-74.90732199410829
45.950000000001886,-74.90754975843754
45.97500000000189,-74.90777697000597
46.0000000000019,-74.90800363009677
46.0250000000019,-74.90822973999067
46.05000000000191,-74.90845530096591
46.075000000001914,-74.90868031429824
46.10000000000192,-74.90890478126092
46.125000000001926,-74.90912870312471
46.15000000000193,-74.90935208115792
46.17500000000194,-74.90957491662637
46.20000000000194,-74.90979721079337
46.22500000000195,-74.91001896491977
46.250000000001954,-74.91024018026394
46.27500000000196,-74.91046085808176
46.300000000001965,-74.91068099962666
46.32500000000197,-74.91090060614954
46.35000000000198,-74.91111967889887
46.37500000000198,-74.91133821912061
46.40000000000199,-74.91155622805827
46.425000000001994,-74.91177370695287
46.450000000002,-74.91199065704298
46.475000000002005,-74.91220707956465
46.50000000000201,-74.91242297575153
46.52500000000202,-74.91263834683473
46.55000000000202,-74.91285319404295
46.57500000000203,-74.91306751860238
46.600000000002034,-74.91328132173678
46.62500000000204,-74.9134946046674
46.650000000002045,-74.91370736861309
46.67500000000205,-74.91391961479019
46.700000000002056,-74.91413134441261
46.72500000000206,-74.91434255869177
46.75000000000207,-74.91455325883666
46.77500000000207,-74.91476344605383
46.80000000000208,-74.91497312154733
46.825000000002085,-74.9151822865188
46.85000000000209,-74.9153909421674
46.875000000002096,-74.91559908968988
46.9000000000021,-74.9158067302805
46.92500000000211,-74.9160138651311
46.95000000000211,-74.91622049543109
46.97500000000212,-74.91642662236742
47.000000000002125,-74.91663224712461
47.02500000000213,-74.91683737088474
47.050000000002136,-74.91704199482743
47.07500000000214,-74.91724612012993
47.10000000000215,-74.917449747967
47.12500000000215,-74.917652879511
47.15000000000216,-74.91785551593186
47.175000000002164,-74.91805765839707
47.20000000000217,-74.91825930807174
47.225000000002176,-74.91846046611849
47.25000000000218,-74.9186611336976
47.27500000000219,-74.91886131196686
47.30000000000219,-74.91906100208172
47.3250000000022,-74.91926020519516
47.350000000002204,-74.91945892245778
47.37500000000221,-74.91965715501776
47.400000000002215,-74.91985490402088
47.42500000000222,-74.92005217061053
47.45000000000223,-74.92024895592769
47.47500000000223,-74.92044526111093
47.50000000000224,-74.92064108729645
47.525000000002244,-74.92083643561804
47.55000000000225,-74.92103130720712
47.575000000002255,-74.92122570319269
47.60000000000226,-74.9214196247014
47.62500000000227,-74.9216130728575
47.65000000000227,-74.92180604878284
47.67500000000228,-74.92199855359694
47.700000000002284,-74.9221905884169
47.72500000000229,-74.92238215435748
47.750000000002295,-74.92257325253107
47.7750000000023,-74.92276388404765
47.800000000002306,-74.92295405001491
47.82500000000231,-74.9231437515381
47.85000000000232,-74.92333298972017
47.87500000000232,-74.92352176566168
47.90000000000233,-74.92371008046086
47.925000000002335,-74.92389793521357
47.95000000000234,-74.92408533101334
47.975000000002346,-74.92427226895136
48.00000000000235,-74.92445875011643
48.02500000000236,-74.92464477559507
48.05000000000236,-74.92483034647144
48.07500000000237,-74.92501546382735
48.100000000002375,-74.92520012874232
48.12500000000238,-74.92538434229351
48.150000000002386,-74.92556810555577
48.17500000000239,-74.92575141960161
48.2000000000024,-74.92593428550126
48.2250000000024,-74.92611670432258
48.25000000000241,-74.92629867713116
48.275000000002414,-74.92648020499026
48.30000000000242,-74.92666128896086
48.325000000002426,-74.92684193010159
48.35000000000243,-74.92702212946884
48.37500000000244,-74.92720188811664
48.40000000000244,-74.92738120709676
48.42500000000245,-74.92756008745869
48.450000000002454,-74.9277385302496
48.47500000000246,-74.9279165365144
48.500000000002466,-74.9280941072957
48.52500000000247,-74.92827124363386
48.55000000000248,-74.92844794656692
48.57500000000248,-74.92862421713069
48.60000000000249,-74.92880005635868
48.625000000002494,-74.92897546528216
48.6500000000025,-74.92915044493013
48.675000000002505,-74.92932499632931
48.70000000000251,-74.92949912050419
48.72500000000252,-74.92967281847699
48.75000000000252,-74.92984609126768
48.77500000000253,-74.930018939894
48.800000000002534,-74.93019136537144
48.82500000000254,-74.93036336871324
48.850000000002545,-74.93053495093042
48.87500000000255,-74.93070611303175
48.90000000000256,-74.93087685602377
48.92500000000256,-74.93104718091081
48.95000000000257,-74.93121708869496
48.975000000002574,-74.93138658037611
49.00000000000258,-74.93155565695191
49.025000000002585,-74.93172431941782
49.05000000000259,-74.93189256876707
49.075000000002596,-74.93206040599068
49.1000000000026,-74.9322278320775
49.12500000000261,-74.93239484801416
49.15000000000261,-74.93256145478506
49.17500000000262,-74.93272765337247
49.200000000002625,-74.93289344475643
49.22500000000263,-74.93305882991481
49.250000000002636,-74.93322380982329
49.27500000000264,-74.93338838545537
49.30000000000265,-74.93355255778239
49.32500000000265,-74.9337163277735
49.35000000000266,-74.93387969639566
49.375000000002665,-74.93404266461374
49.40000000000267,-74.93420523339037
49.425000000002676,-74.93436740368607
49.45000000000268,-74.93452917645917
49.47500000000269,-74.93469055266586
49.50000000000269,-74.93485153326021
49.5250000000027,-74.93501211919413
49.550000000002704,-74.93517231141738
49.57500000000271,-74.93533211087755
49.600000000002716,-74.9354915185202
49.62500000000272,-74.93565053528864
49.65000000000273,-74.93580916212414
49.67500000000273,-74.9359673999658
49.70000000000274,-74.93612524975062
49.725000000002744,-74.93628271241347
49.75000000000275,-74.93643978888714
49.775000000002755,-74.93659648010228
49.80000000000276,-74.93675278698746
49.82500000000277,-74.9369087104691
49.85000000000277,-74.93706425147157
49.87500000000278,-74.93721941091714
49.900000000002784,-74.93737418972599
49.92500000000279,-74.93752858881618
49.950000000002795,-74.93768260910373
49.9750000000028,-74.93783625150255
50.00000000000281,-74.93798951692449
50.02500000000281,-74.93814240627934
50.05000000000282,-74.93829492047477
50.075000000002824,-74.93844706041645
50.10000000000283,-74.93859882700794
50.125000000002835,-74.93875022115077
50.15000000000284,-74.9389012437444
50.175000000002846,-74.93905189568623
50.20000000000285,-74.93920217787166
50.22500000000286,-74.93935209119398
50.25000000000286,-74.9395016365445
50.27500000000287,-74.93965081481247
50.300000000002875,-74.93979962688509
50.32500000000288,-74.93994807364754
50.350000000002886,-74.94009615598301
50.37500000000289,-74.94024387477262
50.4000000000029,-74.9403912308955
50.4250000000029,-74.94053822522876
50.45000000000291,-74.9406848586475
50.475000000002915,-74.94083113202481
50.50000000000292,-74.94097704623178
50.525000000002926,-74.94112260213748
50.55000000000293,-74.94126780060904
50.57500000000294,-74.94141264251154
50.60000000000294,-74.94155712870808
50.62500000000295,-74.94170126005982
50.650000000002954,-74.94184503742588
50.67500000000296,-74.94198846166344
50.700000000002966,-74.9421315336277
50.72500000000297,-74.94227425417189
50.75000000000298,-74.94241662414726
50.77500000000298,-74.9425586444031
50.80000000000299,-74.94270031578678
50.825000000002994,-74.94284163914365
50.850000000003,-74.94298261531715
50.875000000003006,-74.94312324514877
50.90000000000301,-74.94326352947805
50.92500000000302,-74.94340346914258
50.95000000000302,-74.94354306497803
50.97500000000303,-74.94368231781813
51.000000000003034,-74.94382122849468
51.02500000000304,-74.94395979783755
51.050000000003045,-74.94409802667468
51.07500000000305,-74.94423591583212
51.10000000000306,-74.944373466134
51.12500000000306,-74.9445106784025
51.15000000000307,-74.94464755345793
51.175000000003074,-74.94478409211868
51.20000000000308,-74.94492029520126
51.225000000003085,-74.94505616352026
51.25000000000309,-74.9451916978884
51.2750000000031,-74.9453268991165
51.3000000000031,-74.94546176801346
51.32500000000311,-74.94559630538637
51.350000000003114,-74.94573051204038
51.37500000000312,-74.94586438877882
51.400000000003125,-74.94599793640307
51.42500000000313,-74.94613115571275
51.450000000003136,-74.94626404750551
51.47500000000314,-74.94639661257722
51.50000000000315,-74.94652885172185
51.52500000000315,-74.94666076573154
51.55000000000316,-74.94679235539655
51.575000000003165,-74.94692362150535
51.60000000000317,-74.94705456484452
51.625000000003176,-74.94718518619882
51.65000000000318,-74.94731548635119
51.67500000000319,-74.94744546608271
51.70000000000319,-74.94757512617265
51.7250000000032,-74.94770446739845
51.750000000003205,-74.94783349053576
51.77500000000321,-74.94796219635838
51.800000000003216,-74.9480905856383
51.82500000000322,-74.94821865914571
51.85000000000323,-74.948346417649
51.87500000000323,-74.94847386191478
51.90000000000324,-74.94860099270781
51.925000000003244,-74.94872781079108
51.95000000000325,-74.94885431692583
51.975000000003256,-74.94898051187144
52.00000000000326,-74.94910639638556
52.02500000000327,-74.94923197122405
52.05000000000327,-74.94935723714099
52.07500000000328,-74.94948219488867
52.100000000003284,-74.94960684521766
52.12500000000329,-74.94973118887671
52.150000000003295,-74.94985522661285
52.1750000000033,-74.94997895917135
52.20000000000331,-74.95010238729567
52.22500000000331,-74.95022551172761
52.25000000000332,-74.95034833320715
52.275000000003324,-74.95047085247255
52.30000000000333,-74.95059307026035
52.325000000003335,-74.95071498730533
52.35000000000334,-74.95083660434055
52.37500000000335,-74.95095792209734
52.40000000000335,-74.9510789413053
52.42500000000336,-74.95119966269229
52.450000000003364,-74.95132008698451
52.47500000000337,-74.95144021490638
52.500000000003375,-74.95156004718065
52.52500000000338,-74.95167958452835
52.550000000003386,-74.95179882766881
52.57500000000339,-74.95191777731965
52.6000000000034,-74.95203643419681
52.6250000000034,-74.95215479901452
52.65000000000341,-74.95227287248532
52.675000000003415,-74.9523906553201
52.70000000000342,-74.95250814822802
52.725000000003426,-74.95262535191658
52.75000000000343,-74.95274226709162
52.77500000000344,-74.95285889445728
52.80000000000344,-74.95297523471606
52.82500000000345,-74.95309128856879
52.850000000003455,-74.95320705671459
52.87500000000346,-74.953322539851
52.900000000003466,-74.95343773867387
52.92500000000347,-74.9535526538774
52.95000000000348,-74.95366728615411
52.97500000000348,-74.95378163619495
53.00000000000349,-74.95389570468916
53.025000000003494,-74.95400949232437
53.0500000000035,-74.9541229997866
53.075000000003506,-74.95423622776022
53.10000000000351,-74.95434917692796
53.12500000000352,-74.95446184797095
53.15000000000352,-74.95457424156868
53.17500000000353,-74.95468635839904
53.200000000003534,-74.95479819913831
53.22500000000354,-74.95490976446115
53.250000000003546,-74.95502105504063
53.27500000000355,-74.9551320715482
53.30000000000356,-74.95524281465373
53.32500000000356,-74.95535328502547
53.35000000000357,-74.9554634833301
53.375000000003574,-74.95557341023272
53.40000000000358,-74.95568306639682
53.425000000003585,-74.9557924524843
53.45000000000359,-74.95590156915554
53.4750000000036,-74.9560104170693
53.5000000000036,-74.95611899688275
53.52500000000361,-74.95622730925155
53.550000000003614,-74.95633535482975
53.57500000000362,-74.95644313426986
53.600000000003625,-74.95655064822283
53.62500000000363,-74.95665789733805
53.65000000000364,-74.95676488226336
53.67500000000364,-74.95687160364507
53.70000000000365,-74.95697806212793
53.725000000003654,-74.95708425835515
53.75000000000366,-74.9571901929684
53.775000000003665,-74.95729586660782
53.80000000000367,-74.95740127991205
53.825000000003676,-74.95750643351813
53.85000000000368,-74.95761132806166
53.87500000000369,-74.95771596417667
53.90000000000369,-74.95782034249568
53.9250000000037,-74.9579244636497
53.950000000003705,-74.95802832826824
53.97500000000371,-74.95813193697929
54.000000000003716,-74.95823529040932
54.02500000000372,-74.95833838918335
54.05000000000373,-74.95844123392486
54.07500000000373,-74.95854382525586
54.10000000000374,-74.95864616379684
54.125000000003745,-74.95874825016685
54.15000000000375,-74.9588500849834
54.175000000003756,-74.95895166886257
54.20000000000376,-74.95905300241893
54.22500000000377,-74.95915408626558
54.25000000000377,-74.95925492101418
54.27500000000378,-74.95935550727488
54.300000000003784,-74.9594558456564
54.32500000000379,-74.95955593676597
54.350000000003796,-74.95965578120939
54.3750000000038,-74.95975537959099
54.40000000000381,-74.95985473251363
54.42500000000381,-74.95995384057879
54.45000000000382,-74.96005270438643
54.475000000003824,-74.96015132453509
54.50000000000383,-74.96024970162189
54.525000000003836,-74.9603478362425
54.55000000000384,-74.96044572899119
54.57500000000385,-74.96054338046075
54.60000000000385,-74.96064079124257
54.62500000000386,-74.96073796192663
54.650000000003864,-74.96083489310145
54.67500000000387,-74.9609315853542
54.700000000003875,-74.96102803927057
54.72500000000388,-74.9611242554349
54.75000000000389,-74.96122023443007
54.77500000000389,-74.9613159768376
54.8000000000039,-74.96141148323757
54.825000000003904,-74.9615067542087
54.85000000000391,-74.9616017903283
54.875000000003915,-74.9616965921723
54.90000000000392,-74.96179116031522
54.92500000000393,-74.96188549533021
54.95000000000393,-74.96197959778904
54.97500000000394,-74.9620734682621
55.00000000000394,-74.96216710731842
55.02500000000395,-74.96226051552563
55.050000000003955,-74.96235369345001
55.07500000000396,-74.96244664165647
55.100000000003966,-74.96253936070855
55.12500000000397,-74.96263185116844
55.15000000000398,-74.96272411359699
55.17500000000398,-74.96281614855366
55.20000000000399,-74.96290795659658
55.225000000003995,-74.96299953828255
55.250000000004,-74.96309089416698
55.275000000004006,-74.963182024804
55.30000000000401,-74.96327293074634
55.32500000000402,-74.96336361254544
55.35000000000402,-74.96345407075138
55.37500000000403,-74.96354430591295
55.400000000004034,-74.96363431857756
55.42500000000404,-74.96372410929133
55.450000000004046,-74.96381367859908
55.47500000000405,-74.96390302704428
55.50000000000406,-74.96399215516908
55.52500000000406,-74.96408106351434
55.55000000000407,-74.96416975261963
55.575000000004074,-74.96425822302317
55.60000000000408,-74.9643464752619
55.625000000004086,-74.9644345098715
55.65000000000409,-74.96452232738626
55.6750000000041,-74.96460992833929
55.7000000000041,-74.9646973132623
55.72500000000411,-74.96478448268583
55.750000000004114,-74.96487143713902
55.77500000000412,-74.96495817714982
55.800000000004125,-74.96504470324486
55.82500000000413,-74.96513101594948
55.85000000000414,-74.96521711578778
55.87500000000414,-74.96530300328259
55.90000000000415,-74.96538867895545
55.925000000004154,-74.96547414332666
55.95000000000416,-74.96555939691525
55.975000000004165,-74.96564444023899
56.00000000000417,-74.96572927381439
56.02500000000418,-74.96581389815672
56.05000000000418,-74.96589831378
56.07500000000419,-74.96598252119702
56.100000000004194,-74.96606652091928
56.1250000000042,-74.96615031345708
56.150000000004205,-74.96623389931946
56.17500000000421,-74.96631727901426
56.200000000004216,-74.96640045304807
56.22500000000422,-74.96648342192621
56.25000000000423,-74.96656618615283
56.27500000000423,-74.96664874623085
56.30000000000424,-74.96673110266194
56.325000000004245,-74.96681325594658
56.35000000000425,-74.96689520658403
56.375000000004256,-74.96697695507231
56.40000000000426,-74.96705850190828
56.42500000000427,-74.96713984758757
56.45000000000427,-74.9672209926046
56.47500000000428,-74.96730193745259
56.500000000004285,-74.96738268262357
56.52500000000429,-74.96746322860838
56.550000000004296,-74.96754357589666
56.5750000000043,-74.96762372497685
56.60000000000431,-74.96770367633621
56.62500000000431,-74.96778343046086
56.65000000000432,-74.96786298783564
56.675000000004324,-74.96794234894433
56.70000000000433,-74.96802151426945
56.725000000004336,-74.96810048429238
56.75000000000434,-74.96817925949331
56.77500000000435,-74.96825784035128
56.80000000000435,-74.96833622734418
56.82500000000436,-74.96841442094869
56.850000000004364,-74.96849242164039
56.87500000000437,-74.96857022989366
56.900000000004376,-74.96864784618174
56.92500000000438,-74.96872527097672
56.95000000000439,-74.96880250474953
56.97500000000439,-74.96887954796999
57.0000000000044,-74.96895640110674
57.025000000004404,-74.96903306462728
57.05000000000441,-74.969109538998
57.075000000004415,-74.96918582468413
57.10000000000442,-74.96926192214978
57.12500000000443,-74.96933783185793
57.15000000000443,-74.96941355427043
57.17500000000444,-74.969489089848
57.200000000004444,-74.96956443905025
57.22500000000445,-74.96963960233566
57.250000000004455,-74.96971458016161
57.27500000000446,-74.96978937298434
57.30000000000447,-74.969863981259
57.32500000000447,-74.96993840543963
57.35000000000448,-74.97001264597915
57.37500000000448,-74.9700867033294
57.40000000000449,-74.97016057794109
57.425000000004495,-74.97023427026384
57.4500000000045,-74.97030778074621
57.475000000004506,-74.97038110983561
57.50000000000451,-74.9704542579784
57.52500000000452,-74.97052722561983
57.55000000000452,-74.97060001320409
57.57500000000453,-74.97067262117426
57.600000000004535,-74.97074504997235
57.62500000000454,-74.97081730003931
57.650000000004546,-74.97088937181498
57.67500000000455,-74.97096126573815
57.70000000000456,-74.97103298224654
57.72500000000456,-74.9711045217768
57.75000000000457,-74.9711758847645
57.775000000004574,-74.97124707164417
57.80000000000458,-74.97131808284928
57.825000000004586,-74.97138891881222
57.85000000000459,-74.97145957996435
57.8750000000046,-74.97153006673595
57.9000000000046,-74.97160037955628
57.92500000000461,-74.97167051885353
57.950000000004614,-74.97174048505487
57.97500000000462,-74.97181027858637
58.000000000004626,-74.97187989987316
58.02500000000463,-74.97194934933923
58.05000000000464,-74.97201862740758
58.07500000000464,-74.97208773450019
58.10000000000465,-74.972156671038
58.125000000004654,-74.9722254374409
58.15000000000466,-74.97229403412777
58.175000000004665,-74.9723624615165
58.20000000000467,-74.9724307200239
58.22500000000468,-74.97249881006579
58.25000000000468,-74.97256673205699
58.27500000000469,-74.97263448641128
58.300000000004694,-74.97270207354144
58.3250000000047,-74.97276949385926
58.350000000004705,-74.97283674777549
58.37500000000471,-74.9729038356999
58.40000000000472,-74.97297075804124
58.42500000000472,-74.9730375152073
58.45000000000473,-74.9731041076048
58.475000000004734,-74.97317053563955
58.50000000000474,-74.97323679971632
58.525000000004745,-74.9733029002389
58.55000000000475,-74.9733688376101
58.575000000004756,-74.97343461223171
58.60000000000476,-74.97350022450462
58.62500000000477,-74.97356567482863
58.65000000000477,-74.97363096360266
58.67500000000478,-74.9736960912246
58.700000000004785,-74.97376105809136
58.72500000000479,-74.97382586459892
58.750000000004796,-74.97389051114229
58.7750000000048,-74.97395499811546
58.80000000000481,-74.97401932591151
58.82500000000481,-74.97408349492255
58.85000000000482,-74.9741475055397
58.875000000004825,-74.97421135815316
58.90000000000483,-74.97427505315214
58.925000000004836,-74.97433859092494
58.95000000000484,-74.97440197185888
58.97500000000485,-74.97446519634033
59.00000000000485,-74.97452826475474
59.02500000000486,-74.97459117748659
59.050000000004864,-74.97465393491942
59.07500000000487,-74.97471653743587
59.100000000004876,-74.97477898541759
59.12500000000488,-74.97484127924533
59.15000000000489,-74.97490341929888
59.17500000000489,-74.97496540595715
59.2000000000049,-74.97502723959808
59.225000000004904,-74.9750889205987
59.25000000000491,-74.97515044933509
59.275000000004916,-74.97521182618244
59.30000000000492,-74.97527305151503
59.32500000000493,-74.9753341257062
59.35000000000493,-74.97539504912838
59.37500000000494,-74.97545582215308
59.400000000004944,-74.97551644515093
59.42500000000495,-74.97557691849161
59.450000000004955,-74.97563724254394
59.47500000000496,-74.97569741767579
59.50000000000497,-74.97575744425417
59.52500000000497,-74.97581732264517
59.55000000000498,-74.97587705321399
59.575000000004984,-74.97593663632492
59.60000000000499,-74.97599607234137
59.625000000004995,-74.97605536162587
59.650000000005,-74.97611450454005
59.67500000000501,-74.97617350144463
59.70000000000501,-74.97623235269951
59.72500000000502,-74.97629105866363
59.75000000000502,-74.97634961969511
59.77500000000503,-74.97640803615117
59.800000000005035,-74.97646630838815
59.82500000000504,-74.97652443676152
59.850000000005046,-74.97658242162589
59.87500000000505,-74.97664026333497
59.90000000000506,-74.97669796224164
59.92500000000506,-74.97675551869791
59.95000000000507,-74.9768129330549
59.975000000005075,-74.97687020566288
60.00000000000508,-74.97692733687127
60.025000000005086,-74.97698432702863
60.05000000000509,-74.97704117648267
60.0750000000051,-74.97709788558025
60.1000000000051,-74.97715445466734
60.12500000000511,-74.97721088408913
60.150000000005114,-74.9772671741899
60.17500000000512,-74.97732332531312
60.200000000005126,-74.97737933780141
60.22500000000513,-74.97743521199654
60.25000000000514,-74.97749094823946
60.27500000000514,-74.97754654687027
60.30000000000515,-74.97760200822825
60.325000000005154,-74.97765733265182
60.35000000000516,-74.97771252047859
60.375000000005166,-74.97776757204535
60.40000000000517,-74.97782248768804
60.42500000000518,-74.9778772677418
60.45000000000518,-74.97793191254092
60.47500000000519,-74.97798642241891
60.500000000005194,-74.9780407977084
60.5250000000052,-74.97809503874127
60.550000000005205,-74.97814914584855
60.57500000000521,-74.97820311936046
60.60000000000522,-74.97825695960641
60.62500000000522,-74.97831066691501
60.65000000000523,-74.97836424161405
60.675000000005234,-74.97841768403053
60.70000000000524,-74.97847099449064
60.725000000005245,-74.97852417331977
60.75000000000525,-74.97857722084251
60.77500000000526,-74.97863013738265
60.80000000000526,-74.9786829232632
60.82500000000527,-74.97873557880635
60.850000000005274,-74.97878810433353
60.87500000000528,-74.97884050016535
60.900000000005285,-74.97889276662167
60.92500000000529,-74.97894490402152
60.950000000005296,-74.97899691268319
60.9750000000053,-74.97904879292415
61.00000000000531,-74.97910054506112
61.02500000000531,-74.97915216941001
61.05000000000532,-74.97920366628601
61.075000000005325,-74.97925503600347
61.10000000000533,-74.97930627887601
61.125000000005336,-74.97935739521647
61.15000000000534,-74.97940838533692
61.17500000000535,-74.97945924954865
61.20000000000535,-74.97950998816222
61.22500000000536,-74.97956060148739
61.250000000005365,-74.97961108983317
61.27500000000537,-74.97966145350783
61.300000000005376,-74.97971169281885
61.32500000000538,-74.979761808073
61.35000000000539,-74.97981179957623
61.37500000000539,-74.9798616676338
61.4000000000054,-74.9799114125502
61.425000000005404,-74.97996103462916
61.45000000000541,-74.98001053417367
61.475000000005416,-74.980059911486
61.50000000000542,-74.98010916686762
61.52500000000543,-74.98015830061931
61.55000000000543,-74.9802073130411
61.57500000000544,-74.98025620443228
61.600000000005444,-74.98030497509139
61.62500000000545,-74.98035362531624
61.650000000005456,-74.98040215540394
61.67500000000546,-74.98045056565083
61.70000000000547,-74.98049885635254
61.72500000000547,-74.98054702780396
61.75000000000548,-74.9805950802993
61.775000000005484,-74.98064301413197
61.80000000000549,-74.98069082959474
61.825000000005495,-74.98073852697958
61.8500000000055,-74.98078610657781
61.87500000000551,-74.98083356868001
61.90000000000551,-74.98088091357603
61.92500000000552,-74.98092814155503
61.950000000005524,-74.98097525290544
61.97500000000553,-74.98102224791499
62.000000000005535,-74.98106912687071
62.02500000000554,-74.98111589005892
62.05000000000555,-74.98116253776521
62.07500000000555,-74.98120907027452
62.10000000000556,-74.98125548787104
62.12500000000556,-74.98130179083829
62.15000000000557,-74.98134797945907
62.175000000005575,-74.98139405401551
62.20000000000558,-74.98144001478903
62.225000000005586,-74.98148586206037
62.25000000000559,-74.98153159610955
62.2750000000056,-74.98157721721594
62.3000000000056,-74.98162272565821
62.32500000000561,-74.98166812171434
62.350000000005615,-74.98171340566161
62.37500000000562,-74.98175857777663
62.400000000005626,-74.98180363833536
62.42500000000563,-74.98184858761303
62.45000000000564,-74.98189342588424
62.47500000000564,-74.98193815342287
62.50000000000565,-74.98198277050216
62.525000000005654,-74.98202727739466
62.55000000000566,-74.98207167437226
62.575000000005666,-74.98211596170619
62.60000000000567,-74.98216013966697
62.62500000000568,-74.98220420852452
62.65000000000568,-74.98224816854803
62.67500000000569,-74.98229202000606
62.700000000005694,-74.9823357631665
62.7250000000057,-74.98237939829662
62.750000000005706,-74.98242292566296
62.77500000000571,-74.98246634553148
62.80000000000572,-74.98250965816742
62.82500000000572,-74.98255286383541
62.85000000000573,-74.98259596279941
62.875000000005734,-74.98263895532273
62.90000000000574,-74.98268184166804
62.925000000005745,-74.98272462209738
62.95000000000575,-74.9827672968721
62.97500000000576,-74.98280986625295
63.00000000000576,-74.98285233050001
63.02500000000577,-74.98289468987272
63.050000000005774,-74.98293694462993
63.07500000000578,-74.98297909502978
63.100000000005785,-74.98302114132981
63.12500000000579,-74.98306308378694
63.1500000000058,-74.98310492265745
63.1750000000058,-74.98314665819696
63.20000000000581,-74.98318829066051
63.225000000005814,-74.98322982030245
63.25000000000582,-74.98327124737656
63.275000000005825,-74.98331257213597
63.30000000000583,-74.9833537948332
63.325000000005836,-74.98339491572013
63.35000000000584,-74.98343593504802
63.37500000000585,-74.98347685306754
63.40000000000585,-74.9835176700287
63.42500000000586,-74.98355838618095
63.450000000005865,-74.98359900177306
63.47500000000587,-74.98363951705323
63.500000000005876,-74.98367993226906
63.52500000000588,-74.98372024766749
63.55000000000589,-74.98376046349492
63.57500000000589,-74.98380057999705
63.6000000000059,-74.98384059741909
63.625000000005905,-74.98388051600554
63.65000000000591,-74.98392033600037
63.675000000005916,-74.9839600576469
63.70000000000592,-74.9839996811879
63.72500000000593,-74.9840392068655
63.75000000000593,-74.98407863492126
63.77500000000594,-74.98411796559613
63.800000000005944,-74.98415719913046
63.82500000000595,-74.98419633576404
63.850000000005956,-74.98423537573603
63.87500000000596,-74.98427431928503
63.90000000000597,-74.98431316664906
63.92500000000597,-74.9843519180655
63.95000000000598,-74.98439057377121
63.975000000005984,-74.98442913400241
64.00000000000598,-74.98446759899478
64.02500000000599,-74.98450596898343
64.050000000006,-74.98454424420282
64.075000000006,-74.98458242488691
64.100000000006,-74.98462051126904
64.12500000000601,-74.984658503582
64.15000000000602,-74.98469640205798
64.17500000000602,-74.98473420692861
64.20000000000603,-74.98477191842495
64.22500000000603,-74.98480953677752
64.25000000000604,-74.98484706221622
64.27500000000605,-74.9848844949704
64.30000000000605,-74.98492183526886
64.32500000000606,-74.98495908333985
64.35000000000606,-74.98499623941102
64.37500000000607,-74.98503330370946
64.40000000000607,-74.98507027646174
64.42500000000608,-74.98510715789384
64.45000000000609,-74.98514394823118
64.47500000000609,-74.98518064769866
64.5000000000061,-74.98521725652057
64.5250000000061,-74.98525377492071
64.55000000000611,-74.98529020312228
64.57500000000611,-74.98532654134793
64.60000000000612,-74.98536278981982
64.62500000000612,-74.98539894875948
64.65000000000613,-74.98543501838797
64.67500000000614,-74.98547099892576
64.70000000000614,-74.98550689059277
64.72500000000615,-74.98554269360841
64.75000000000615,-74.98557840819153
64.77500000000616,-74.98561403456046
64.80000000000616,-74.98564957293296
64.82500000000617,-74.98568502352626
64.85000000000618,-74.98572038655709
64.87500000000618,-74.9857556622416
64.90000000000619,-74.98579085079545
64.9250000000062,-74.98582595243373
64.9500000000062,-74.98586096737101
64.9750000000062,-74.98589589582136
65.00000000000621,-74.98593073799829
65.02500000000622,-74.9859654941148
65.05000000000622,-74.98600016438333
65.07500000000623,-74.98603474901586
65.10000000000623,-74.98606924822379
65.12500000000624,-74.98610366221803
65.15000000000624,-74.98613799120896
65.17500000000625,-74.98617223540644
65.20000000000626,-74.98620639501983
65.22500000000626,-74.98624047025795
65.25000000000627,-74.9862744613291
65.27500000000627,-74.98630836844112
65.30000000000628,-74.98634219180124
65.32500000000628,-74.9863759316163
65.35000000000629,-74.98640958809253
65.3750000000063,-74.98644316143569
65.4000000000063,-74.98647665185105
65.4250000000063,-74.98651005954335
65.45000000000631,-74.98654338471682
65.47500000000632,-74.98657662757523
65.50000000000632,-74.98660978832179
65.52500000000633,-74.98664286715922
65.55000000000634,-74.98667586428978
65.57500000000634,-74.9867087799152
65.60000000000635,-74.98674161423673
65.62500000000635,-74.9867743674551
65.65000000000636,-74.98680703977055
65.67500000000636,-74.98683963138285
65.70000000000637,-74.98687214249125
65.72500000000637,-74.98690457329454
65.75000000000638,-74.98693692399097
65.77500000000639,-74.98696919477835
65.80000000000639,-74.98700138585399
65.8250000000064,-74.98703349741469
65.8500000000064,-74.98706552965679
65.87500000000641,-74.98709748277614
65.90000000000641,-74.98712935696808
65.92500000000642,-74.98716115242753
65.95000000000643,-74.98719286934889
65.97500000000643,-74.98722450792606
66.00000000000644,-74.98725606835248
66.02500000000644,-74.98728755082115
66.05000000000645,-74.98731895552453
66.07500000000645,-74.98735028265466
66.10000000000646,-74.98738153240308
66.12500000000647,-74.98741270496085
66.15000000000647,-74.98744380051856
66.17500000000648,-74.98747481926638
66.20000000000648,-74.98750576139393
66.22500000000649,-74.98753662709044
66.2500000000065,-74.9875674165446
66.2750000000065,-74.98759812994469
66.3000000000065,-74.9876287674785
66.32500000000651,-74.98765932933338
66.35000000000652,-74.98768981569619
66.37500000000652,-74.98772022675332
66.40000000000653,-74.98775056269078
66.42500000000653,-74.987780823694
66.45000000000654,-74.98781100994805
66.47500000000655,-74.98784112163749
66.50000000000655,-74.98787115894646
66.52500000000656,-74.98790112205862
66.55000000000656,-74.98793101115719
66.57500000000657,-74.98796082642492
66.60000000000657,-74.98799056804415
66.62500000000658,-74.98802023619673
66.65000000000659,-74.98804983106407
66.67500000000659,-74.98807935282714
66.7000000000066,-74.98810880166647
66.7250000000066,-74.98813817776212
66.75000000000661,-74.98816748129374
66.77500000000661,-74.98819671244051
66.80000000000662,-74.98822587138118
66.82500000000663,-74.98825495829405
66.85000000000663,-74.98828397335699
66.87500000000664,-74.98831291674742
66.90000000000664,-74.98834178864234
66.92500000000665,-74.9883705892183
66.95000000000665,-74.98839931865142
66.97500000000666,-74.98842797711737
67.00000000000666,-74.98845656479142
67.02500000000667,-74.98848508184837
67.05000000000668,-74.9885135284626
67.07500000000668,-74.98854190480809
67.10000000000669,-74.98857021105836
67.1250000000067,-74.9885984473865
67.1500000000067,-74.98862661396517
67.1750000000067,-74.98865471096663
67.20000000000671,-74.98868273856272
67.22500000000672,-74.9887106969248
67.25000000000672,-74.98873858622386
67.27500000000673,-74.98876640663046
67.30000000000673,-74.98879415831472
67.32500000000674,-74.98882184144635
67.35000000000674,-74.98884945619466
67.37500000000675,-74.9888770027285
67.40000000000676,-74.98890448121634
67.42500000000676,-74.98893189182623
67.45000000000677,-74.9889592347258
67.47500000000677,-74.98898651008224
67.50000000000678,-74.98901371806237
67.52500000000678,-74.98904085883258
67.55000000000679,-74.98906793255885
67.5750000000068,-74.98909493940675
67.6000000000068,-74.98912187954144
67.6250000000068,-74.98914875312768
67.65000000000681,-74.98917556032981
67.67500000000682,-74.98920230131178
67.70000000000682,-74.9892289762371
67.72500000000683,-74.98925558526895
67.75000000000684,-74.98928212857003
67.77500000000684,-74.98930860630267
67.80000000000685,-74.98933501862882
67.82500000000685,-74.98936136571
67.85000000000686,-74.98938764770733
67.87500000000686,-74.98941386478155
67.90000000000687,-74.989440017093
67.92500000000688,-74.98946610480164
67.95000000000688,-74.98949212806698
67.97500000000689,-74.9895180870482
68.00000000000689,-74.98954398190405
68.0250000000069,-74.9895698127929
68.0500000000069,-74.98959557987273
68.07500000000691,-74.98962128330112
68.10000000000692,-74.98964692323528
68.12500000000692,-74.98967249983203
68.15000000000693,-74.98969801324776
68.17500000000693,-74.98972346363854
68.20000000000694,-74.98974885116002
68.22500000000694,-74.98977417596744
68.25000000000695,-74.98979943821571
68.27500000000695,-74.98982463805935
68.30000000000696,-74.98984977565244
68.32500000000697,-74.98987485114876
68.35000000000697,-74.98989986470166
68.37500000000698,-74.98992481646411
68.40000000000698,-74.98994970658873
68.42500000000699,-74.98997453522774
68.450000000007,-74.98999930253302
68.475000000007,-74.99002400865602
68.500000000007,-74.99004865374785
68.52500000000701,-74.99007323795925
68.55000000000702,-74.9900977614406
68.57500000000702,-74.99012222434185
68.60000000000703,-74.99014662681263
68.62500000000703,-74.99017096900222
68.65000000000704,-74.99019525105946
68.67500000000705,-74.9902194731329
68.70000000000705,-74.99024363537066
68.72500000000706,-74.99026773792055
68.75000000000706,-74.99029178092995
68.77500000000707,-74.99031576454595
68.80000000000707,-74.99033968891521
68.82500000000708,-74.99036355418409
68.85000000000709,-74.99038736049853
68.87500000000709,-74.99041110800415
68.9000000000071,-74.9904347968462
68.9250000000071,-74.99045842716956
68.95000000000711,-74.99048199911877
68.97500000000711,-74.990505512838
69.00000000000712,-74.99052896847107
69.02500000000713,-74.99055236616144
69.05000000000713,-74.99057570605221
69.07500000000714,-74.99059898828617
69.10000000000714,-74.9906222130057
69.12500000000715,-74.99064538035284
69.15000000000715,-74.99066849046932
69.17500000000716,-74.99069154349648
69.20000000000717,-74.99071453957532
69.22500000000717,-74.99073747884651
69.25000000000718,-74.99076036145034
69.27500000000718,-74.99078318752677
69.30000000000719,-74.99080595721544
69.3250000000072,-74.9908286706556
69.3500000000072,-74.99085132798619
69.3750000000072,-74.9908739293458
69.40000000000721,-74.99089647487264
69.42500000000722,-74.99091896470465
69.45000000000722,-74.99094139897936
69.47500000000723,-74.99096377783403
69.50000000000723,-74.9909861014055
69.52500000000724,-74.99100836983034
69.55000000000724,-74.99103058324475
69.57500000000725,-74.99105274178461
69.60000000000726,-74.99107484558544
69.62500000000726,-74.99109689478247
69.65000000000727,-74.99111888951055
69.67500000000727,-74.9911408299042
69.70000000000728,-74.99116271609765
69.72500000000728,-74.99118454822475
69.75000000000729,-74.99120632641906
69.7750000000073,-74.99122805081377
69.8000000000073,-74.99124972154179
69.82500000000731,-74.99127133873566
69.85000000000731,-74.99129290252759
69.87500000000732,-74.99131441304951
69.90000000000732,-74.99133587043298
69.92500000000733,-74.99135727480926
69.95000000000734,-74.99137862630927
69.97500000000734,-74.9913999250636
70.00000000000735,-74.99142117120256
70.02500000000735,-74.99144236485608
70.05000000000736,-74.99146350615382
70.07500000000736,-74.99148459522509
70.10000000000737,-74.99150563219888
70.12500000000738,-74.99152661720389
70.15000000000738,-74.99154755036847
70.17500000000739,-74.99156843182065
70.20000000000739,-74.99158926168819
70.2250000000074,-74.9916100400985
70.2500000000074,-74.99163076717866
70.27500000000741,-74.99165144305547
70.30000000000742,-74.99167206785542
70.32500000000742,-74.99169264170463
70.35000000000743,-74.99171316472899
70.37500000000743,-74.99173363705401
70.40000000000744,-74.99175405880493
70.42500000000744,-74.99177443010667
70.45000000000745,-74.99179475108384
70.47500000000746,-74.99181502186075
70.50000000000746,-74.99183524256138
70.52500000000747,-74.99185541330944
70.55000000000747,-74.9918755342283
70.57500000000748,-74.99189560544104
70.60000000000748,-74.99191562707045
70.62500000000749,-74.991935599239
70.6500000000075,-74.99195552206885
70.6750000000075,-74.99197539568188
70.7000000000075,-74.99199522019966
70.72500000000751,-74.99201499574345
70.75000000000752,-74.99203472243421
70.77500000000752,-74.99205440039265
70.80000000000753,-74.99207402973909
70.82500000000753,-74.99209361059364
70.85000000000754,-74.99211314307607
70.87500000000755,-74.99213262730586
70.90000000000755,-74.9921520634022
70.92500000000756,-74.99217145148398
70.95000000000756,-74.99219079166981
70.97500000000757,-74.992210084078
71.00000000000757,-74.99222932882654
71.02500000000758,-74.99224852603317
71.05000000000759,-74.99226767581533
71.07500000000759,-74.99228677829015
71.1000000000076,-74.99230583357449
71.1250000000076,-74.9923248417849
71.15000000000761,-74.9923438030377
71.17500000000761,-74.99236271744884
71.20000000000762,-74.99238158513404
71.22500000000763,-74.99240040620872
71.25000000000763,-74.99241918078799
71.27500000000764,-74.99243790898673
71.30000000000764,-74.99245659091949
71.32500000000765,-74.99247522670056
71.35000000000765,-74.99249381644394
71.37500000000766,-74.99251236026333
71.40000000000767,-74.99253085827219
71.42500000000767,-74.99254931058367
71.45000000000768,-74.99256771731065
71.47500000000768,-74.99258607856574
71.50000000000769,-74.99260439446124
71.5250000000077,-74.9926226651092
71.5500000000077,-74.9926408906214
71.5750000000077,-74.99265907110933
71.60000000000771,-74.99267720668419
71.62500000000772,-74.99269529745695
71.65000000000772,-74.99271334353824
71.67500000000773,-74.9927313450385
71.70000000000773,-74.9927493020678
71.72500000000774,-74.99276721473603
71.75000000000774,-74.99278508315277
71.77500000000775,-74.9928029074273
71.80000000000776,-74.99282068766868
71.82500000000776,-74.99283842398567
71.85000000000777,-74.99285611648678
71.87500000000777,-74.99287376528022
71.90000000000778,-74.99289137047398
71.92500000000778,-74.99290893217575
71.95000000000779,-74.99292645049296
71.9750000000078,-74.99294392553278
72.0000000000078,-74.99296135740212
72.02500000000781,-74.99297874620761
72.05000000000781,-74.99299609205562
72.07500000000782,-74.99301339505227
72.10000000000782,-74.99303065530341
72.12500000000783,-74.99304787291464
72.15000000000784,-74.99306504799128
72.17500000000784,-74.9930821806384
72.20000000000785,-74.99309927096078
72.22500000000785,-74.99311631906302
72.25000000000786,-74.99313332504939
72.27500000000786,-74.99315028902392
72.30000000000787,-74.99316721109038
72.32500000000788,-74.9931840913523
72.35000000000788,-74.99320092991296
72.37500000000789,-74.99321772687536
72.40000000000789,-74.99323448234225
72.4250000000079,-74.99325119641614
72.4500000000079,-74.99326786919927
72.47500000000791,-74.99328450079365
72.50000000000792,-74.99330109130102
72.52500000000792,-74.99331764082287
72.55000000000793,-74.99333414946044
72.57500000000793,-74.99335061731473
72.60000000000794,-74.99336704448649
72.62500000000794,-74.99338343107621
72.65000000000795,-74.99339977718412
72.67500000000796,-74.99341608291024
72.70000000000796,-74.99343234835433
72.72500000000797,-74.99344857361586
72.75000000000797,-74.99346475879413
72.77500000000798,-74.99348090398813
72.80000000000798,-74.99349700929663
72.82500000000799,-74.99351307481817
72.850000000008,-74.99352910065102
72.875000000008,-74.99354508689323
72.900000000008,-74.99356103364259
72.92500000000801,-74.99357694099668
72.95000000000802,-74.99359280905279
72.97500000000802,-74.993608637908
73.00000000000803,-74.99362442765914
73.02500000000803,-74.99364017840283
73.05000000000804,-74.99365589023542
73.07500000000805,-74.99367156325302
73.10000000000805,-74.99368719755151
73.12500000000806,-74.99370279322655
73.15000000000806,-74.99371835037354
73.17500000000807,-74.99373386908766
73.20000000000807,-74.99374934946384
73.22500000000808,-74.9937647915968
73.25000000000809,-74.993780195581
73.27500000000809,-74.99379556151068
73.3000000000081,-74.99381088947983
73.3250000000081,-74.99382617958226
73.35000000000811,-74.99384143191148
73.37500000000811,-74.9938566465608
73.40000000000812,-74.99387182362331
73.42500000000813,-74.99388696319185
73.45000000000813,-74.99390206535907
73.47500000000814,-74.99391713021731
73.50000000000814,-74.99393215785878
73.52500000000815,-74.9939471483754
73.55000000000815,-74.99396210185887
73.57500000000816,-74.99397701840067
73.60000000000817,-74.99399189809208
73.62500000000817,-74.9940067410241
73.65000000000818,-74.99402154728756
73.67500000000818,-74.99403631697302
73.70000000000819,-74.99405105017087
73.7250000000082,-74.99406574697122
73.7500000000082,-74.99408040746398
73.7750000000082,-74.99409503173887
73.80000000000821,-74.99410961988532
73.82500000000822,-74.99412417199261
73.85000000000822,-74.99413868814973
73.87500000000823,-74.99415316844552
73.90000000000823,-74.99416761296857
73.92500000000824,-74.99418202180723
73.95000000000825,-74.99419639504966
73.97500000000825,-74.99421073278378
74.00000000000826,-74.99422503509733
74.02500000000826,-74.99423930207779
74.05000000000827,-74.99425353381245
74.07500000000827,-74.99426773038839
74.10000000000828,-74.99428189189244
74.12500000000828,-74.99429601841126
74.15000000000829,-74.99431011003126
74.1750000000083,-74.99432416683865
74.2000000000083,-74.99433818891944
74.22500000000831,-74.99435217635941
74.25000000000831,-74.99436612924413
74.27500000000832,-74.99438004765895
74.30000000000832,-74.99439393168905
74.32500000000833,-74.99440778141935
74.35000000000834,-74.9944215969346
74.37500000000834,-74.9944353783193
74.40000000000835,-74.99444912565778
74.42500000000835,-74.99446283903413
74.45000000000836,-74.99447651853225
74.47500000000836,-74.99449016423586
74.50000000000837,-74.9945037762284
74.52500000000838,-74.99451735459317
74.55000000000838,-74.99453089941323
74.57500000000839,-74.99454441077147
74.6000000000084,-74.99455788875053
74.6250000000084,-74.99457133343289
74.6500000000084,-74.99458474490076
74.67500000000841,-74.99459812323623
74.70000000000842,-74.99461146852114
74.72500000000842,-74.99462478083713
74.75000000000843,-74.99463806026564
74.77500000000843,-74.99465130688793
74.80000000000844,-74.99466452078504
74.82500000000844,-74.99467770203778
74.85000000000845,-74.99469085072683
74.87500000000846,-74.99470396693262
74.90000000000846,-74.99471705073539
74.92500000000847,-74.99473010221519
74.95000000000847,-74.99474312145188
74.97500000000848,-74.9947561085251
75.00000000000848,-74.9947690635143
75.02500000000849,-74.99478198649874
75.0500000000085,-74.9947948775575
75.0750000000085,-74.99480773676942
75.1000000000085,-74.9948205642132
75.12500000000851,-74.9948333599673
75.15000000000852,-74.99484612411001
75.17500000000852,-74.99485885671943
75.20000000000853,-74.99487155787345
75.22500000000854,-74.99488422764976
75.25000000000854,-74.99489686612591
75.27500000000855,-74.9949094733792
75.30000000000855,-74.99492204948675
75.32500000000856,-74.99493459452552
75.35000000000856,-74.99494710857226
75.37500000000857,-74.99495959170353
75.40000000000857,-74.9949720439957
75.42500000000858,-74.99498446552495
75.45000000000859,-74.99499685636728
75.47500000000859,-74.99500921659849
75.5000000000086,-74.99502154629421
75.5250000000086,-74.99503384552987
75.55000000000861,-74.99504611438073
75.57500000000861,-74.99505835292183
75.60000000000862,-74.99507056122806
75.62500000000863,-74.9950827393741
75.65000000000863,-74.99509488743446
75.67500000000864,-74.99510700548348
75.70000000000864,-74.99511909359528
75.72500000000865,-74.99513115184382
75.75000000000865,-74.99514318030288
75.77500000000866,-74.99515517904604
75.80000000000867,-74.99516714814672
75.82500000000867,-74.99517908767814
75.85000000000868,-74.99519099771335
75.87500000000868,-74.99520287832522
75.90000000000869,-74.99521472958642
75.9250000000087,-74.99522655156949
75.9500000000087,-74.99523834434672
75.9750000000087,-74.99525010799029
76.00000000000871,-74.99526184257215
76.02500000000872,-74.9952735481641
76.05000000000872,-74.99528522483777
76.07500000000873,-74.9952968726646
76.10000000000873,-74.99530849171582
76.12500000000874,-74.99532008206253
76.15000000000875,-74.99533164377567
76.17500000000875,-74.99534317692594
76.20000000000876,-74.99535468158392
76.22500000000876,-74.99536615781999
76.25000000000877,-74.99537760570436
76.27500000000877,-74.99538902530709
76.30000000000878,-74.99540041669802
76.32500000000879,-74.99541177994685
76.35000000000879,-74.99542311512312
76.3750000000088,-74.99543442229616
76.4000000000088,-74.99544570153516
76.42500000000881,-74.99545695290912
76.45000000000881,-74.99546817648688
76.47500000000882,-74.99547937233712
76.50000000000882,-74.99549054052832
76.52500000000883,-74.99550168112881
76.55000000000884,-74.99551279420676
76.57500000000884,-74.99552387983016
76.60000000000885,-74.99553493806683
76.62500000000885,-74.99554596898443
76.65000000000886,-74.99555697265043
76.67500000000886,-74.99556794913218
76.70000000000887,-74.99557889849683
76.72500000000888,-74.99558982081136
76.75000000000888,-74.99560071614259
76.77500000000889,-74.9956115845572
76.8000000000089,-74.99562242612166
76.8250000000089,-74.99563324090231
76.8500000000089,-74.99564402896533
76.87500000000891,-74.9956547903767
76.90000000000892,-74.9956655252023
76.92500000000892,-74.99567623350777
76.95000000000893,-74.99568691535862
76.97500000000893,-74.99569757082023
77.00000000000894,-74.99570819995779
77.02500000000894,-74.99571880283631
77.05000000000895,-74.99572937952068
77.07500000000896,-74.9957399300756
77.10000000000896,-74.99575045456562
77.12500000000897,-74.99576095305515
77.15000000000897,-74.9957714256084
77.17500000000898,-74.99578187228946
77.20000000000898,-74.99579229316221
77.22500000000899,-74.99580268829045
77.250000000009,-74.99581305773776
77.275000000009,-74.99582340156758
77.300000000009,-74.9958337198432
77.32500000000901,-74.99584401262776
77.35000000000902,-74.9958542799842
77.37500000000902,-74.99586452197538
77.40000000000903,-74.99587473866393
77.42500000000904,-74.99588493011237
77.45000000000904,-74.99589509638307
77.47500000000905,-74.9959052375382
77.50000000000905,-74.99591535363983
77.52500000000906,-74.99592544474983
77.55000000000906,-74.99593551092995
77.57500000000907,-74.99594555224179
77.60000000000908,-74.99595556874678
77.62500000000908,-74.99596556050619
77.65000000000909,-74.99597552758117
77.67500000000909,-74.99598547003268
77.7000000000091,-74.99599538792155
77.7250000000091,-74.99600528130848
77.75000000000911,-74.996015150254
77.77500000000911,-74.99602499481847
77.80000000000912,-74.99603481506213
77.82500000000913,-74.99604461104508
77.85000000000913,-74.99605438282724
77.87500000000914,-74.99606413046838
77.90000000000914,-74.99607385402817
77.92500000000915,-74.99608355356608
77.95000000000915,-74.99609322914145
77.97500000000916,-74.9961028808135
78.00000000000917,-74.99611250864126
78.02500000000917,-74.99612211268365
78.05000000000918,-74.99613169299943
78.07500000000918,-74.9961412496472
78.10000000000919,-74.99615078268545
78.1250000000092,-74.99616029217248
78.1500000000092,-74.99616977816649
78.1750000000092,-74.99617924072552
78.20000000000921,-74.99618867990746
78.22500000000922,-74.99619809577005
78.25000000000922,-74.99620748837093
78.27500000000923,-74.99621685776752
78.30000000000923,-74.99622620401719
78.32500000000924,-74.99623552717709
78.35000000000925,-74.99624482730428
78.37500000000925,-74.99625410445566
78.40000000000926,-74.99626335868798
78.42500000000926,-74.99627259005787
78.45000000000927,-74.99628179862181
78.47500000000927,-74.99629098443613
78.50000000000928,-74.99630014755704
78.52500000000929,-74.99630928804059
78.55000000000929,-74.99631840594272
78.5750000000093,-74.99632750131921
78.6000000000093,-74.99633657422571
78.62500000000931,-74.99634562471773
78.65000000000931,-74.99635465285064
78.67500000000932,-74.99636365867968
78.70000000000933,-74.99637264225996
78.72500000000933,-74.99638160364643
78.75000000000934,-74.99639054289392
78.77500000000934,-74.99639946005712
78.80000000000935,-74.9964083551906
78.82500000000935,-74.99641722834878
78.85000000000936,-74.99642607958593
78.87500000000936,-74.99643490895623
78.90000000000937,-74.9964437165137
78.92500000000938,-74.9964525023122
78.95000000000938,-74.9964612664055
78.97500000000939,-74.99647000884724
79.0000000000094,-74.99647872969089
79.0250000000094,-74.99648742898981
79.0500000000094,-74.99649610679721
79.07500000000941,-74.99650476316621
79.10000000000942,-74.99651339814976
79.12500000000942,-74.99652201180069
79.15000000000943,-74.9965306041717
79.17500000000943,-74.99653917531536
79.20000000000944,-74.99654772528412
79.22500000000944,-74.99655625413028
79.25000000000945,-74.99656476190604
79.27500000000946,-74.99657324866344
79.30000000000946,-74.99658171445441
79.32500000000947,-74.99659015933072
79.35000000000947,-74.99659858334408
79.37500000000948,-74.99660698654601
79.40000000000948,-74.99661536898793
79.42500000000949,-74.99662373072111
79.4500000000095,-74.99663207179674
79.4750000000095,-74.99664039226582
79.5000000000095,-74.99664869217928
79.52500000000951,-74.99665697158788
79.55000000000952,-74.9966652305423
79.57500000000952,-74.99667346909307
79.60000000000953,-74.99668168729059
79.62500000000954,-74.99668988518513
79.65000000000954,-74.99669806282687
79.67500000000955,-74.9967062202658
79.70000000000955,-74.9967143575519
79.72500000000956,-74.9967224747349
79.75000000000956,-74.99673057186448
79.77500000000957,-74.99673864899017
79.80000000000958,-74.99674670616142
79.82500000000958,-74.9967547434275
79.85000000000959,-74.9967627608376
79.87500000000959,-74.99677075844076
79.9000000000096,-74.99677873628592
79.9250000000096,-74.99678669442189
79.95000000000961,-74.99679463289735
79.97500000000962,-74.99680255176088
80.00000000000962,-74.99681045106094
80.02500000000963,-74.99681833084584
80.05000000000963,-74.9968261911638
80.07500000000964,-74.99683403206294
80.10000000000964,-74.99684185359119
80.12500000000965,-74.99684965579642
80.15000000000965,-74.99685743872638
80.17500000000966,-74.99686520242867
80.20000000000967,-74.9968729469508
80.22500000000967,-74.99688067234015
80.25000000000968,-74.996888378644
80.27500000000968,-74.99689606590948
80.30000000000969,-74.99690373418365
80.3250000000097,-74.99691138351339
80.3500000000097,-74.99691901394554
80.3750000000097,-74.99692662552675
80.40000000000971,-74.99693421830362
80.42500000000972,-74.9969417923226
80.45000000000972,-74.99694934763001
80.47500000000973,-74.9969568842721
80.50000000000973,-74.99696440229496
80.52500000000974,-74.99697190174462
80.55000000000975,-74.99697938266694
80.57500000000975,-74.99698684510768
80.60000000000976,-74.99699428911254
80.62500000000976,-74.99700171472702
80.65000000000977,-74.99700912199657
80.67500000000977,-74.99701651096652
80.70000000000978,-74.99702388168207
80.72500000000979,-74.99703123418831
80.75000000000979,-74.99703856853024
80.7750000000098,-74.99704588475274
80.8000000000098,-74.99705318290054
80.82500000000981,-74.99706046301833
80.85000000000981,-74.99706772515063
80.87500000000982,-74.99707496934188
80.90000000000983,-74.9970821956364
80.92500000000983,-74.9970894040784
80.95000000000984,-74.99709659471199
80.97500000000984,-74.99710376758117
81.00000000000985,-74.99711092272982
81.02500000000985,-74.99711806020171
81.05000000000986,-74.99712518004053
81.07500000000987,-74.99713228228983
81.10000000000987,-74.99713936699305
81.12500000000988,-74.99714643419355
81.15000000000988,-74.99715348393458
81.17500000000989,-74.99716051625927
81.2000000000099,-74.99716753121064
81.2250000000099,-74.99717452883161
81.2500000000099,-74.99718150916499
81.27500000000991,-74.99718847225348
81.30000000000992,-74.99719541813973
81.32500000000992,-74.99720234686617
81.35000000000993,-74.99720925847525
81.37500000000993,-74.99721615300923
81.40000000000994,-74.9972230305103
81.42500000000994,-74.99722989102052
81.45000000000995,-74.9972367345819
81.47500000000996,-74.9972435612363
81.50000000000996,-74.99725037102547
81.52500000000997,-74.9972571639911
81.55000000000997,-74.99726394017473
81.57500000000998,-74.99727069961783
81.60000000000998,-74.99727744236175
81.62500000000999,-74.99728416844776
81.65000000001,-74.99729087791701
81.67500000001,-74.99729757081053
81.70000000001001,-74.9973042471693
81.72500000001001,-74.99731090703415
81.75000000001002,-74.99731755044583
81.77500000001002,-74.997324177445
81.80000000001003,-74.99733078807218
81.82500000001004,-74.99733738236783
81.85000000001004,-74.9973439603723
81.87500000001005,-74.99735052212584
81.90000000001005,-74.9973570676686
81.92500000001006,-74.99736359704062
81.95000000001006,-74.99737011028184
81.97500000001007,-74.99737660743212
82.00000000001008,-74.99738308853122
82.02500000001008,-74.99738955361879
82.05000000001009,-74.99739600273438
82.07500000001009,-74.99740243591745
82.1000000000101,-74.99740885320738
82.1250000000101,-74.9974152546434
82.15000000001011,-74.99742164026469
82.17500000001012,-74.99742801011033
82.20000000001012,-74.99743436421929
82.22500000001013,-74.99744070263044
82.25000000001013,-74.99744702538257
82.27500000001014,-74.99745333251435
82.30000000001014,-74.99745962406439
82.32500000001015,-74.99746590007116
82.35000000001016,-74.99747216057308
82.37500000001016,-74.99747840560845
82.40000000001017,-74.99748463521549
82.42500000001017,-74.99749084943228
82.45000000001018,-74.99749704829688
82.47500000001018,-74.99750323184719
82.50000000001019,-74.99750940012106
82.5250000000102,-74.99751555315623
82.5500000000102,-74.99752169099034
82.5750000000102,-74.99752781366094
82.60000000001021,-74.9975339212055
82.62500000001022,-74.99754001366138
82.65000000001022,-74.99754609106587
82.67500000001023,-74.99755215345614
82.70000000001023,-74.99755820086929
82.72500000001024,-74.99756423334232
82.75000000001025,-74.99757025091213
82.77500000001025,-74.99757625361556
82.80000000001026,-74.99758224148933
82.82500000001026,-74.99758821457004
82.85000000001027,-74.9975941728943
82.87500000001027,-74.9976001164985
82.90000000001028,-74.99760604541906
82.92500000001029,-74.99761195969222
82.95000000001029,-74.99761785935418
82.9750000000103,-74.99762374444104
83.0000000000103,-74.9976296149888
83.02500000001031,-74.99763547103338
83.05000000001031,-74.99764131261061
83.07500000001032,-74.99764713975624
83.10000000001033,-74.9976529525059
83.12500000001033,-74.99765875089518
83.15000000001034,-74.99766453495955
83.17500000001034,-74.9976703047344
83.20000000001035,-74.99767606025502
83.22500000001035,-74.99768180155664
83.25000000001036,-74.99768752867438
83.27500000001037,-74.99769324164328
83.30000000001037,-74.9976989404983
83.32500000001038,-74.9977046252743
83.35000000001038,-74.99771029600606
83.37500000001039,-74.9977159527283
83.4000000000104,-74.9977215954756
83.4250000000104,-74.9977272242825
83.4500000000104,-74.99773283918344
83.47500000001041,-74.99773844021277
83.50000000001042,-74.99774402740478
83.52500000001042,-74.99774960079361
83.55000000001043,-74.9977551604134
83.57500000001043,-74.99776070629815
83.60000000001044,-74.9977662384818
83.62500000001044,-74.99777175699819
83.65000000001045,-74.9977772618811
83.67500000001046,-74.99778275316419
83.70000000001046,-74.99778823088107
83.72500000001047,-74.99779369506525
83.75000000001047,-74.99779914575016
83.77500000001048,-74.99780458296917
83.80000000001048,-74.99781000675553
83.82500000001049,-74.99781541714242
83.8500000000105,-74.99782081416295
83.8750000000105,-74.99782619785015
83.90000000001051,-74.99783156823695
83.92500000001051,-74.99783692535621
83.95000000001052,-74.9978422692407
83.97500000001052,-74.99784759992313
84.00000000001053,-74.99785291743612
84.02500000001054,-74.99785822181218
84.05000000001054,-74.99786351308379
84.07500000001055,-74.99786879128331
84.10000000001055,-74.99787405644304
84.12500000001056,-74.99787930859519
84.15000000001056,-74.99788454777189
84.17500000001057,-74.99788977400522
84.20000000001058,-74.99789498732711
84.22500000001058,-74.99790018776952
84.25000000001059,-74.99790537536423
84.27500000001059,-74.99791055014298
84.3000000000106,-74.99791571213743
84.3250000000106,-74.99792086137917
84.35000000001061,-74.99792599789971
84.37500000001062,-74.99793112173049
84.40000000001062,-74.99793623290283
84.42500000001063,-74.99794133144802
84.45000000001063,-74.99794641739724
84.47500000001064,-74.99795149078165
84.50000000001064,-74.99795655163223
84.52500000001065,-74.99796159997999
84.55000000001066,-74.9979666358558
84.57500000001066,-74.99797165929049
84.60000000001067,-74.99797667031476
84.62500000001067,-74.9979816689593
84.65000000001068,-74.99798665525468
84.67500000001068,-74.99799162923142
84.70000000001069,-74.99799659091995
84.7250000000107,-74.99800154035061
84.7500000000107,-74.99800647755372
84.7750000000107,-74.99801140255944
84.80000000001071,-74.99801631539795
84.82500000001072,-74.99802121609927
84.85000000001072,-74.99802610469342
84.87500000001073,-74.99803098121029
84.90000000001073,-74.99803584567971
84.92500000001074,-74.99804069813146
84.95000000001075,-74.99804553859522
84.97500000001075,-74.99805036710062
85.00000000001076,-74.99805518367718
85.02500000001076,-74.99805998835438
85.05000000001077,-74.99806478116163
85.07500000001077,-74.99806956212824
85.10000000001078,-74.99807433128346
85.12500000001079,-74.99807908865648
85.15000000001079,-74.99808383427641
85.1750000000108,-74.99808856817228
85.2000000000108,-74.99809329037305
85.22500000001081,-74.99809800090762
85.25000000001081,-74.9981026998048
85.27500000001082,-74.99810738709336
85.30000000001083,-74.99811206280195
85.32500000001083,-74.99811672695921
85.35000000001084,-74.99812137959366
85.37500000001084,-74.99812602073376
85.40000000001085,-74.99813065040792
85.42500000001085,-74.99813526864446
85.45000000001086,-74.99813987547165
85.47500000001087,-74.99814447091767
85.50000000001087,-74.99814905501061
85.52500000001088,-74.99815362777856
85.55000000001088,-74.99815818924948
85.57500000001089,-74.99816273945127
85.6000000000109,-74.99816727841178
85.6250000000109,-74.99817180615878
85.6500000000109,-74.99817632271997
85.67500000001091,-74.998180828123
85.70000000001092,-74.99818532239541
85.72500000001092,-74.99818980556472
85.75000000001093,-74.99819427765836
85.77500000001093,-74.99819873870366
85.80000000001094,-74.99820318872796
85.82500000001095,-74.99820762775846
85.85000000001095,-74.99821205582232
85.87500000001096,-74.99821647294665
85.90000000001096,-74.99822087915847
85.92500000001097,-74.99822527448472
85.95000000001097,-74.99822965895231
85.97500000001098,-74.99823403258807
86.00000000001098,-74.99823839541875
86.02500000001099,-74.99824274747105
86.050000000011,-74.99824708877159
86.075000000011,-74.99825141934694
86.10000000001101,-74.99825573922361
86.12500000001101,-74.998260048428
86.15000000001102,-74.99826434698649
86.17500000001102,-74.99826863492538
86.20000000001103,-74.99827291227092
86.22500000001104,-74.99827717904927
86.25000000001104,-74.99828143528651
86.27500000001105,-74.99828568100872
86.30000000001105,-74.99828991624187
86.32500000001106,-74.99829414101187
86.35000000001106,-74.99829835534456
86.37500000001107,-74.99830255926572
86.40000000001108,-74.9983067528011
86.42500000001108,-74.99831093597632
86.45000000001109,-74.99831510881701
86.4750000000111,-74.99831927134868
86.5000000000111,-74.99832342359682
86.5250000000111,-74.9983275655868
86.55000000001111,-74.998331697344
86.57500000001112,-74.99833581889368
86.60000000001112,-74.99833993026105
86.62500000001113,-74.99834403147129
86.65000000001113,-74.99834812254947
86.67500000001114,-74.99835220352064
86.70000000001114,-74.99835627440974
86.72500000001115,-74.99836033524171
86.75000000001116,-74.99836438604139
86.77500000001116,-74.99836842683355
86.80000000001117,-74.99837245764293
86.82500000001117,-74.99837647849418
86.85000000001118,-74.99838048941191
86.87500000001118,-74.99838449042066
86.90000000001119,-74.9983884815449
86.9250000000112,-74.99839246280905
86.9500000000112,-74.99839643423749
86.9750000000112,-74.99840039585449
87.00000000001121,-74.99840434768431
87.02500000001122,-74.99840828975113
87.05000000001122,-74.99841222207905
87.07500000001123,-74.99841614469216
87.10000000001124,-74.99842005761442
87.12500000001124,-74.99842396086981
87.15000000001125,-74.9984278544822
87.17500000001125,-74.9984317384754
87.20000000001126,-74.9984356128732
87.22500000001126,-74.99843947769926
87.25000000001127,-74.99844333297727
87.27500000001127,-74.99844717873081
87.30000000001128,-74.9984510149834
87.32500000001129,-74.99845484175852
87.35000000001129,-74.99845865907956
87.3750000000113,-74.99846246696991
87.4000000000113,-74.99846626545286
87.42500000001131,-74.99847005455165
87.45000000001131,-74.99847383428944
87.47500000001132,-74.9984776046894
87.50000000001133,-74.99848136577457
87.52500000001133,-74.99848511756795
87.55000000001134,-74.99848886009252
87.57500000001134,-74.99849259337118
87.60000000001135,-74.99849631742676
87.62500000001135,-74.99850003228204
87.65000000001136,-74.99850373795977
87.67500000001137,-74.9985074344826
87.70000000001137,-74.99851112187316
87.72500000001138,-74.99851480015401
87.75000000001138,-74.99851846934766
87.77500000001139,-74.99852212947656
87.8000000000114,-74.99852578056309
87.8250000000114,-74.9985294226296
87.8500000000114,-74.99853305569837
87.87500000001141,-74.99853667979164
87.90000000001142,-74.99854029493157
87.92500000001142,-74.99854390114028
87.95000000001143,-74.99854749843985
87.97500000001143,-74.99855108685227
88.00000000001144,-74.99855466639951
88.02500000001145,-74.99855823710347
88.05000000001145,-74.99856179898599
88.07500000001146,-74.99856535206885
88.10000000001146,-74.99856889637383
88.12500000001147,-74.99857243192258
88.15000000001147,-74.99857595873675
88.17500000001148,-74.9985794768379
88.20000000001149,-74.99858298624758
88.22500000001149,-74.99858648698725
88.2500000000115,-74.99858997907833
88.2750000000115,-74.99859346254219
88.30000000001151,-74.99859693740014
88.32500000001151,-74.99860040367344
88.35000000001152,-74.99860386138329
88.37500000001153,-74.99860731055087
88.40000000001153,-74.99861075119726
88.42500000001154,-74.99861418334352
88.45000000001154,-74.99861760701064
88.47500000001155,-74.9986210222196
88.50000000001155,-74.99862442899126
88.52500000001156,-74.99862782734648
88.55000000001156,-74.99863121730606
88.57500000001157,-74.99863459889072
88.60000000001158,-74.99863797212116
88.62500000001158,-74.99864133701803
88.65000000001159,-74.9986446936019
88.6750000000116,-74.99864804189333
88.7000000000116,-74.9986513819128
88.7250000000116,-74.99865471368072
88.75000000001161,-74.9986580372175
88.77500000001162,-74.99866135254346
88.80000000001162,-74.99866465967892
88.82500000001163,-74.99866795864408
88.85000000001163,-74.99867124945912
88.87500000001164,-74.99867453214421
88.90000000001164,-74.9986778067194
88.92500000001165,-74.99868107320474
88.95000000001166,-74.99868433162021
88.97500000001166,-74.99868758198576
89.00000000001167,-74.99869082432127
89.02500000001167,-74.99869405864658
89.05000000001168,-74.99869728498146
89.07500000001168,-74.99870050334569
89.10000000001169,-74.99870371375891
89.1250000000117,-74.99870691624082
89.1500000000117,-74.99871011081098
89.1750000000117,-74.99871329748893
89.20000000001171,-74.99871647629419
89.22500000001172,-74.99871964724619
89.25000000001172,-74.99872281036434
89.27500000001173,-74.998725965668
89.30000000001174,-74.99872911317647
89.32500000001174,-74.99873225290901
89.35000000001175,-74.99873538488482
89.37500000001175,-74.99873850912307
89.40000000001176,-74.99874162564288
89.42500000001176,-74.99874473446332
89.45000000001177,-74.9987478356034
89.47500000001178,-74.9987509290821
89.50000000001178,-74.99875401491836
89.52500000001179,-74.99875709313103
89.55000000001179,-74.99876016373898
89.5750000000118,-74.99876322676097
89.6000000000118,-74.99876628221575
89.62500000001181,-74.99876933012203
89.65000000001181,-74.99877237049844
89.67500000001182,-74.99877540336358
89.70000000001183,-74.99877842873602
89.72500000001183,-74.99878144663425
89.75000000001184,-74.99878445707677
89.77500000001184,-74.99878746008197
89.80000000001185,-74.99879045566824
89.82500000001185,-74.9987934438539
89.85000000001186,-74.99879642465723
89.87500000001187,-74.99879939809647
89.90000000001187,-74.99880236418981
89.92500000001188,-74.99880532295542
89.95000000001188,-74.99880827441137
89.97500000001189,-74.99881121857575
90.0000000000119,-74.99881415546656
90.0250000000119,-74.99881708510176
90.0500000000119,-74.99882000749929
90.07500000001191,-74.99882292267702
90.10000000001192,-74.99882583065279
90.12500000001192,-74.99882873144439
90.15000000001193,-74.99883162506958
90.17500000001193,-74.99883451154605
90.20000000001194,-74.99883739089147
90.22500000001195,-74.99884026312345
90.25000000001195,-74.99884312825958
90.27500000001196,-74.99884598631738
90.30000000001196,-74.99884883731431
90.32500000001197,-74.99885168126787
90.35000000001197,-74.99885451819542
90.37500000001198,-74.99885734811431
90.40000000001199,-74.9988601710419
90.42500000001199,-74.99886298699542
90.450000000012,-74.99886579599212
90.475000000012,-74.99886859804917
90.50000000001201,-74.99887139318373
90.52500000001201,-74.9988741814129
90.55000000001202,-74.99887696275374
90.57500000001203,-74.99887973722328
90.60000000001203,-74.99888250483846
90.62500000001204,-74.99888526561624
90.65000000001204,-74.9988880195735
90.67500000001205,-74.9988907667271
90.70000000001205,-74.99889350709385
90.72500000001206,-74.99889624069051
90.75000000001207,-74.9988989675338
90.77500000001207,-74.99890168764041
90.80000000001208,-74.99890440102699
90.82500000001208,-74.99890710771014
90.85000000001209,-74.99890980770641
90.8750000000121,-74.99891250103234
90.9000000000121,-74.99891518770438
90.9250000000121,-74.998917867739
90.95000000001211,-74.99892054115257
90.97500000001212,-74.99892320796145
91.00000000001212,-74.99892586818198
91.02500000001213,-74.99892852183042
91.05000000001213,-74.99893116892302
91.07500000001214,-74.99893380947596
91.10000000001214,-74.9989364435054
91.12500000001215,-74.99893907102745
91.15000000001216,-74.9989416920582
91.17500000001216,-74.99894430661368
91.20000000001217,-74.99894691470989
91.22500000001217,-74.99894951636279
91.25000000001218,-74.9989521115883
91.27500000001218,-74.99895470040228
91.30000000001219,-74.99895728282058
91.3250000000122,-74.99895985885901
91.3500000000122,-74.99896242853333
91.37500000001221,-74.99896499185925
91.40000000001221,-74.99896754885248
91.42500000001222,-74.99897009952862
91.45000000001222,-74.99897264390331
91.47500000001223,-74.99897518199212
91.50000000001224,-74.99897771381056
91.52500000001224,-74.99898023937413
91.55000000001225,-74.9989827586983
91.57500000001225,-74.99898527179846
91.60000000001226,-74.99898777868998
91.62500000001226,-74.99899027938822
91.65000000001227,-74.99899277390848
91.67500000001228,-74.99899526226602
91.70000000001228,-74.99899774447604
91.72500000001229,-74.99900022055377
91.75000000001229,-74.99900269051433
91.7750000000123,-74.99900515437284
91.8000000000123,-74.99900761214437
91.82500000001231,-74.99901006384397
91.85000000001232,-74.99901250948663
91.87500000001232,-74.99901494908733
91.90000000001233,-74.99901738266097
91.92500000001233,-74.99901981022246
91.95000000001234,-74.99902223178665
91.97500000001234,-74.99902464736836
92.00000000001235,-74.99902705698236
92.02500000001235,-74.99902946064338
92.05000000001236,-74.99903185836617
92.07500000001237,-74.99903425016535
92.10000000001237,-74.99903663605559
92.12500000001238,-74.99903901605148
92.15000000001238,-74.99904139016758
92.17500000001239,-74.99904375841841
92.2000000000124,-74.99904612081846
92.2250000000124,-74.99904847738219
92.2500000000124,-74.99905082812403
92.27500000001241,-74.99905317305833
92.30000000001242,-74.99905551219948
92.32500000001242,-74.99905784556175
92.35000000001243,-74.99906017315945
92.37500000001243,-74.99906249500681
92.40000000001244,-74.99906481111803
92.42500000001245,-74.99906712150728
92.45000000001245,-74.99906942618871
92.47500000001246,-74.99907172517642
92.50000000001246,-74.99907401848446
92.52500000001247,-74.99907630612687
92.55000000001247,-74.99907858811765
92.57500000001248,-74.99908086447077
92.60000000001249,-74.99908313520014
92.62500000001249,-74.99908540031966
92.6500000000125,-74.99908765984318
92.6750000000125,-74.99908991378456
92.70000000001251,-74.99909216215755
92.72500000001251,-74.99909440497593
92.75000000001252,-74.99909664225342
92.77500000001253,-74.99909887400369
92.80000000001253,-74.99910110024042
92.82500000001254,-74.99910332097723
92.85000000001254,-74.99910553622769
92.87500000001255,-74.99910774600536
92.90000000001255,-74.99910995032377
92.92500000001256,-74.99911214919639
92.95000000001257,-74.99911434263669
92.97500000001257,-74.99911653065809
93.00000000001258,-74.99911871327396
93.02500000001258,-74.99912089049768
93.05000000001259,-74.99912306234255
93.0750000000126,-74.99912522882187
93.1000000000126,-74.99912738994888
93.1250000000126,-74.99912954573682
93.15000000001261,-74.99913169619889
93.17500000001262,-74.99913384134821
93.20000000001262,-74.99913598119794
93.22500000001263,-74.99913811576116
93.25000000001263,-74.99914024505094
93.27500000001264,-74.99914236908029
93.30000000001264,-74.99914448786221
93.32500000001265,-74.99914660140968
93.35000000001266,-74.9991487097356
93.37500000001266,-74.9991508128529
93.40000000001267,-74.99915291077444
93.42500000001267,-74.99915500351307
93.45000000001268,-74.99915709108156
93.47500000001268,-74.9991591734927
93.50000000001269,-74.99916125075924
93.5250000000127,-74.99916332289388
93.5500000000127,-74.99916538990931
93.57500000001271,-74.99916745181815
93.60000000001271,-74.99916950863305
93.62500000001272,-74.99917156036656
93.65000000001272,-74.99917360703127
93.67500000001273,-74.99917564863968
93.70000000001274,-74.99917768520429
93.72500000001274,-74.99917971673754
93.75000000001275,-74.99918174325188
93.77500000001275,-74.99918376475972
93.80000000001276,-74.99918578127341
93.82500000001276,-74.99918779280529
93.85000000001277,-74.99918979936767
93.87500000001278,-74.99919180097282
93.90000000001278,-74.99919379763301
93.92500000001279,-74.99919578936043
93.95000000001279,-74.99919777616728
93.9750000000128,-74.99919975806571
94.0000000000128,-74.99920173506786
94.02500000001281,-74.9992037071858
94.05000000001282,-74.99920567443162
94.07500000001282,-74.99920763681736
94.10000000001283,-74.999209594355
94.12500000001283,-74.99921154705653
94.15000000001284,-74.99921349493391
94.17500000001284,-74.99921543799906
94.20000000001285,-74.99921737626384
94.22500000001286,-74.99921930974014
94.25000000001286,-74.99922123843977
94.27500000001287,-74.99922316237453
94.30000000001287,-74.9992250815562
94.32500000001288,-74.99922699599654
94.35000000001288,-74.99922890570723
94.37500000001289,-74.99923081069997
94.4000000000129,-74.99923271098642
94.4250000000129,-74.9992346065782
94.4500000000129,-74.99923649748692
94.47500000001291,-74.99923838372413
94.50000000001292,-74.99924026530138
94.52500000001292,-74.99924214223019
94.55000000001293,-74.99924401452203
94.57500000001293,-74.99924588218836
94.60000000001294,-74.99924774524062
94.62500000001295,-74.9992496036902
94.65000000001295,-74.99925145754847
94.67500000001296,-74.99925330682677
94.70000000001296,-74.99925515153642
94.72500000001297,-74.99925699168871
94.75000000001297,-74.99925882729488
94.77500000001298,-74.99926065836618
94.80000000001299,-74.99926248491381
94.82500000001299,-74.99926430694896
94.850000000013,-74.99926612448274
94.875000000013,-74.99926793752631
94.90000000001301,-74.99926974609075
94.92500000001301,-74.9992715501871
94.95000000001302,-74.99927334982644
94.97500000001303,-74.99927514501975
95.00000000001303,-74.99927693577803
95.02500000001304,-74.99927872211222
95.05000000001304,-74.99928050403328
95.07500000001305,-74.99928228155208
95.10000000001305,-74.99928405467952
95.12500000001306,-74.99928582342645
95.15000000001307,-74.99928758780366
95.17500000001307,-74.99928934782199
95.20000000001308,-74.99929110349217
95.22500000001308,-74.99929285482496
95.25000000001309,-74.99929460183107
95.2750000000131,-74.99929634452118
95.3000000000131,-74.99929808290598
95.3250000000131,-74.9992998169961
95.35000000001311,-74.99930154680213
95.37500000001312,-74.99930327233466
95.40000000001312,-74.99930499360426
95.42500000001313,-74.99930671062145
95.45000000001313,-74.99930842339674
95.47500000001314,-74.99931013194062
95.50000000001315,-74.99931183626352
95.52500000001315,-74.9993135363759
95.55000000001316,-74.99931523228813
95.57500000001316,-74.99931692401059
95.60000000001317,-74.99931861155365
95.62500000001317,-74.99932029492763
95.65000000001318,-74.99932197414282
95.67500000001318,-74.9993236492095
95.70000000001319,-74.99932532013793
95.7250000000132,-74.9993269869383
95.7500000000132,-74.99932864962085
95.77500000001321,-74.99933030819572
95.80000000001321,-74.99933196267308
95.82500000001322,-74.99933361306304
95.85000000001322,-74.99933525937571
95.87500000001323,-74.99933690162116
95.90000000001324,-74.99933853980943
95.92500000001324,-74.99934017395054
95.95000000001325,-74.9993418040545
95.97500000001325,-74.99934343013128
96.00000000001326,-74.99934505219082
96.02500000001326,-74.99934667024307
96.05000000001327,-74.9993482842979
96.07500000001328,-74.9993498943652
96.10000000001328,-74.99935150045482
96.12500000001329,-74.99935310257659
96.15000000001329,-74.99935470074031
96.1750000000133,-74.99935629495576
96.2000000000133,-74.99935788523268
96.22500000001331,-74.99935947158083
96.25000000001332,-74.9993610540099
96.27500000001332,-74.99936263252955
96.30000000001333,-74.99936420714947
96.32500000001333,-74.99936577787928
96.35000000001334,-74.9993673447286
96.37500000001334,-74.99936890770701
96.40000000001335,-74.99937046682406
96.42500000001336,-74.99937202208932
96.45000000001336,-74.99937357351227
96.47500000001337,-74.99937512110243
96.50000000001337,-74.99937666486927
96.52500000001338,-74.99937820482222
96.55000000001338,-74.99937974097071
96.57500000001339,-74.99938127332413
96.6000000000134,-74.99938280189187
96.6250000000134,-74.99938432668327
96.6500000000134,-74.99938584770766
96.67500000001341,-74.99938736497435
96.70000000001342,-74.99938887849264
96.72500000001342,-74.99939038827176
96.75000000001343,-74.99939189432098
96.77500000001343,-74.99939339664948
96.80000000001344,-74.99939489526648
96.82500000001345,-74.99939639018113
96.85000000001345,-74.99939788140259
96.87500000001346,-74.99939936893998
96.90000000001346,-74.9994008528024
96.92500000001347,-74.99940233299893
96.95000000001347,-74.99940380953862
96.97500000001348,-74.99940528243052
97.00000000001349,-74.99940675168362
97.02500000001349,-74.99940821730694
97.0500000000135,-74.99940967930941
97.0750000000135,-74.99941113770001
97.10000000001351,-74.99941259248763
97.12500000001351,-74.99941404368121
97.15000000001352,-74.9994154912896
97.17500000001353,-74.99941693532166
97.20000000001353,-74.99941837578623
97.22500000001354,-74.99941981269214
97.25000000001354,-74.99942124604816
97.27500000001355,-74.99942267586306
97.30000000001355,-74.9994241021456
97.32500000001356,-74.9994255249045
97.35000000001357,-74.99942694414847
97.37500000001357,-74.99942835988618
97.40000000001358,-74.9994297721263
97.42500000001358,-74.99943118087748
97.45000000001359,-74.99943258614834
97.4750000000136,-74.99943398794747
97.5000000000136,-74.99943538628344
97.5250000000136,-74.99943678116482
97.55000000001361,-74.99943817260012
97.57500000001362,-74.99943956059789
97.60000000001362,-74.9994409451666
97.62500000001363,-74.99944232631472
97.65000000001363,-74.9994437040507
97.67500000001364,-74.99944507838299
97.70000000001365,-74.99944644931998
97.72500000001365,-74.99944781687006
97.75000000001366,-74.99944918104161
97.77500000001366,-74.99945054184296
97.80000000001367,-74.99945189928243
97.82500000001367,-74.99945325336836
97.85000000001368,-74.999454604109
97.87500000001369,-74.99945595151263
97.90000000001369,-74.99945729558749
97.9250000000137,-74.99945863634181
97.9500000000137,-74.99945997378379
97.97500000001371,-74.9994613079216
98.00000000001371,-74.99946263876343
98.02500000001372,-74.9994639663174
98.05000000001372,-74.99946529059166
98.07500000001373,-74.99946661159427
98.10000000001374,-74.99946792933335
98.12500000001374,-74.99946924381693
98.15000000001375,-74.9994705550531
98.17500000001375,-74.99947186304982
98.20000000001376,-74.99947316781515
98.22500000001376,-74.99947446935704
98.25000000001377,-74.99947576768346
98.27500000001378,-74.99947706280237
98.30000000001378,-74.99947835472167
98.32500000001379,-74.99947964344929
98.3500000000138,-74.9994809289931
98.3750000000138,-74.99948221136096
98.4000000000138,-74.99948349056072
98.42500000001381,-74.99948476660022
98.45000000001382,-74.99948603948725
98.47500000001382,-74.99948730922961
98.50000000001383,-74.99948857583506
98.52500000001383,-74.99948983931135
98.55000000001384,-74.99949109966622
98.57500000001384,-74.99949235690737
98.60000000001385,-74.99949361104251
98.62500000001386,-74.99949486207929
98.65000000001386,-74.99949611002539
98.67500000001387,-74.99949735488842
98.70000000001387,-74.99949859667602
98.72500000001388,-74.99949983539577
98.75000000001388,-74.99950107105526
98.77500000001389,-74.99950230366204
98.8000000000139,-74.99950353322366
98.8250000000139,-74.99950475974765
98.8500000000139,-74.99950598324149
98.87500000001391,-74.9995072037127
98.90000000001392,-74.99950842116871
98.92500000001392,-74.999509635617
98.95000000001393,-74.999510847065
98.97500000001394,-74.99951205552009
99.00000000001394,-74.99951326098969
99.02500000001395,-74.99951446348118
99.05000000001395,-74.9995156630019
99.07500000001396,-74.9995168595592
99.10000000001396,-74.9995180531604
99.12500000001397,-74.9995192438128
99.15000000001397,-74.99952043152368
99.17500000001398,-74.99952161630031
99.20000000001399,-74.99952279814995
99.22500000001399,-74.99952397707983
99.250000000014,-74.99952515309715
99.275000000014,-74.99952632620912
99.30000000001401,-74.99952749642291
99.32500000001401,-74.99952866374568
99.35000000001402,-74.99952982818456
99.37500000001403,-74.9995309897467
99.40000000001403,-74.9995321484392
99.42500000001404,-74.99953330426914
99.45000000001404,-74.99953445724358
99.47500000001405,-74.99953560736961
99.50000000001405,-74.99953675465423
99.52500000001406,-74.99953789910448
99.55000000001407,-74.99953904072737
99.57500000001407,-74.99954017952987
99.60000000001408,-74.99954131551895
99.62500000001408,-74.99954244870156
99.65000000001409,-74.99954357908464
99.6750000000141,-74.99954470667511
99.7000000000141,-74.99954583147985
99.7250000000141,-74.99954695350576
99.75000000001411,-74.9995480727597
99.77500000001412,-74.9995491892485
99.80000000001412,-74.99955030297902
99.82500000001413,-74.99955141395806
99.85000000001413,-74.99955252219243
99.87500000001414,-74.9995536276889
99.90000000001415,-74.99955473045422
99.92500000001415,-74.99955583049517
99.95000000001416,-74.99955692781845
99.97500000001416,-74.99955802243079
100.00000000001417,-74.99955911433888
100.02500000001417,-74.99956020354941
100.05000000001418,-74.99956129006904
100.07500000001419,-74.99956237390441
100.10000000001419,-74.99956345506217
100.1250000000142,-74.99956453354892
100.1500000000142,-74.99956560937126
100.17500000001421,-74.99956668253577
100.20000000001421,-74.99956775304904
100.22500000001422,-74.99956882091757
100.25000000001423,-74.99956988614795
100.27500000001423,-74.99957094874667
100.30000000001424,-74.99957200872022
100.32500000001424,-74.99957306607511
100.35000000001425,-74.9995741208178
100.37500000001425,-74.99957517295474
100.40000000001426,-74.99957622249237
100.42500000001426,-74.99957726943711
100.45000000001427,-74.99957831379537
100.47500000001428,-74.99957935557353
100.50000000001428,-74.99958039477798
100.52500000001429,-74.99958143141507
100.5500000000143,-74.99958246549113
100.5750000000143,-74.99958349701251
100.6000000000143,-74.99958452598551
100.62500000001431,-74.99958555241642
100.65000000001432,-74.99958657631153
100.67500000001432,-74.9995875976771
100.70000000001433,-74.99958861651939
100.72500000001433,-74.99958963284462
100.75000000001434,-74.999590646659
100.77500000001434,-74.99959165796876
100.80000000001435,-74.99959266678007
100.82500000001436,-74.99959367309911
100.85000000001436,-74.99959467693203
100.87500000001437,-74.99959567828498
100.90000000001437,-74.99959667716406
100.92500000001438,-74.99959767357542
100.95000000001438,-74.99959866752515
100.97500000001439,-74.99959965901931
101.0000000000144,-74.99960064806397
101.0250000000144,-74.99960163466521
101.0500000000144,-74.99960261882903
101.07500000001441,-74.99960360056147
101.10000000001442,-74.99960457986855
101.12500000001442,-74.99960555675622
101.15000000001443,-74.9996065312305
101.17500000001444,-74.99960750329734
101.20000000001444,-74.99960847296268
101.22500000001445,-74.99960944023245
101.25000000001445,-74.99961040511258
101.27500000001446,-74.99961136760896
101.30000000001446,-74.99961232772749
101.32500000001447,-74.99961328547404
101.35000000001448,-74.99961424085448
101.37500000001448,-74.99961519387465
101.40000000001449,-74.99961614454037
101.42500000001449,-74.99961709285746
101.4500000000145,-74.99961803883174
101.4750000000145,-74.99961898246897
101.50000000001451,-74.99961992377496
101.52500000001451,-74.99962086275544
101.55000000001452,-74.99962179941616
101.57500000001453,-74.99962273376285
101.60000000001453,-74.99962366580124
101.62500000001454,-74.99962459553701
101.65000000001454,-74.99962552297588
101.67500000001455,-74.9996264481235
101.70000000001455,-74.99962737098554
101.72500000001456,-74.99962829156763
101.75000000001457,-74.99962920987544
101.77500000001457,-74.99963012591455
101.80000000001458,-74.99963103969058
101.82500000001458,-74.99963195120912
101.85000000001459,-74.99963286047576
101.8750000000146,-74.99963376749604
101.9000000000146,-74.99963467227552
101.9250000000146,-74.99963557481975
101.95000000001461,-74.99963647513424
101.97500000001462,-74.99963737322449
102.00000000001462,-74.999638269096
102.02500000001463,-74.99963916275425
102.05000000001463,-74.99964005420472
102.07500000001464,-74.99964094345286
102.10000000001465,-74.9996418305041
102.12500000001465,-74.99964271536389
102.15000000001466,-74.99964359803761
102.17500000001466,-74.99964447853068
102.20000000001467,-74.9996453568485
102.22500000001467,-74.99964623299643
102.25000000001468,-74.99964710697982
102.27500000001469,-74.99964797880403
102.30000000001469,-74.99964884847441
102.3250000000147,-74.99964971599626
102.3500000000147,-74.99965058137488
102.37500000001471,-74.99965144461558
102.40000000001471,-74.99965230572364
102.42500000001472,-74.99965316470434
102.45000000001473,-74.99965402156292
102.47500000001473,-74.99965487630462
102.50000000001474,-74.99965572893467
102.52500000001474,-74.99965657945829
102.55000000001475,-74.99965742788069
102.57500000001475,-74.99965827420706
102.60000000001476,-74.9996591184426
102.62500000001477,-74.99965996059242
102.65000000001477,-74.99966080066172
102.67500000001478,-74.99966163865561
102.70000000001478,-74.99966247457924
102.72500000001479,-74.99966330843772
102.7500000000148,-74.99966414023613
102.7750000000148,-74.99966496997959
102.8000000000148,-74.99966579767317
102.82500000001481,-74.99966662332193
102.85000000001482,-74.99966744693091
102.87500000001482,-74.99966826850516
102.90000000001483,-74.99966908804971
102.92500000001483,-74.99966990556958
102.95000000001484,-74.99967072106975
102.97500000001484,-74.99967153455522
103.00000000001485,-74.99967234603096
103.02500000001486,-74.99967315550197
103.05000000001486,-74.99967396297316
103.07500000001487,-74.9996747684495
103.10000000001487,-74.9996755719359
103.12500000001488,-74.99967637343727
103.15000000001488,-74.99967717295854
103.17500000001489,-74.99967797050459
103.2000000000149,-74.9996787660803
103.2250000000149,-74.99967955969052
103.25000000001491,-74.99968035134013
103.27500000001491,-74.99968114103397
103.30000000001492,-74.99968192877687
103.32500000001492,-74.99968271457364
103.35000000001493,-74.99968349842909
103.37500000001494,-74.99968428034802
103.40000000001494,-74.99968506033522
103.42500000001495,-74.99968583839546
103.45000000001495,-74.9996866145335
103.47500000001496,-74.99968738875408
103.50000000001496,-74.99968816106194
103.52500000001497,-74.99968893146182
103.55000000001498,-74.99968969995841
103.57500000001498,-74.99969046655643
103.60000000001499,-74.99969123126057
103.62500000001499,-74.9996919940755
103.650000000015,-74.9996927550059
103.675000000015,-74.9996935140564
103.70000000001501,-74.99969427123168
103.72500000001502,-74.99969502653634
103.75000000001502,-74.99969577997503
103.77500000001503,-74.99969653155233
103.80000000001503,-74.99969728127286
103.82500000001504,-74.9996980291412
103.85000000001504,-74.99969877516193
103.87500000001505,-74.99969951933961
103.90000000001505,-74.9997002616788
103.92500000001506,-74.99970100218403
103.95000000001507,-74.99970174085983
103.97500000001507,-74.99970247771074
104.00000000001508,-74.99970321274125
104.02500000001508,-74.99970394595587
104.05000000001509,-74.99970467735908
104.0750000000151,-74.99970540695534
104.1000000000151,-74.99970613474915
104.1250000000151,-74.99970686074492
104.15000000001511,-74.99970758494712
104.17500000001512,-74.99970830736018
104.20000000001512,-74.9997090279885
104.22500000001513,-74.99970974683652
104.25000000001513,-74.99971046390861
104.27500000001514,-74.99971117920919
104.30000000001515,-74.9997118927426
104.32500000001515,-74.99971260451322
104.35000000001516,-74.99971331452541
104.37500000001516,-74.99971402278351
104.40000000001517,-74.99971472929185
104.42500000001517,-74.99971543405476
104.45000000001518,-74.99971613707655
104.47500000001519,-74.99971683836152
104.50000000001519,-74.99971753791397
104.5250000000152,-74.99971823573816
104.5500000000152,-74.99971893183837
104.57500000001521,-74.99971962621888
104.60000000001521,-74.9997203188839
104.62500000001522,-74.9997210098377
104.65000000001523,-74.99972169908449
104.67500000001523,-74.99972238662849
104.70000000001524,-74.99972307247391
104.72500000001524,-74.99972375662495
104.75000000001525,-74.99972443908578
104.77500000001525,-74.99972511986059
104.80000000001526,-74.99972579895353
104.82500000001527,-74.99972647636879
104.85000000001527,-74.99972715211048
104.87500000001528,-74.99972782618275
104.90000000001528,-74.99972849858972
104.92500000001529,-74.9997291693355
104.9500000000153,-74.9997298384242
104.9750000000153,-74.99973050585992
105.0000000000153,-74.99973117164673
105.02500000001531,-74.99973183578871
105.05000000001532,-74.99973249828992
105.07500000001532,-74.99973315915442
105.10000000001533,-74.99973381838625
105.12500000001533,-74.99973447598944
105.15000000001534,-74.99973513196802
105.17500000001534,-74.99973578632601
105.20000000001535,-74.9997364390674
105.22500000001536,-74.99973709019619
105.25000000001536,-74.99973773971637
105.27500000001537,-74.9997383876319
105.30000000001537,-74.99973903394674
105.32500000001538,-74.99973967866487
105.35000000001538,-74.99974032179021
105.37500000001539,-74.99974096332672
105.4000000000154,-74.9997416032783
105.4250000000154,-74.99974224164887
105.45000000001541,-74.99974287844235
105.47500000001541,-74.99974351366262
105.50000000001542,-74.99974414731358
105.52500000001542,-74.9997447793991
105.55000000001543,-74.99974540992305
105.57500000001544,-74.99974603888928
105.60000000001544,-74.99974666630166
105.62500000001545,-74.99974729216402
105.65000000001545,-74.99974791648016
105.67500000001546,-74.99974853925394
105.70000000001546,-74.99974916048915
105.72500000001547,-74.99974978018959
105.75000000001548,-74.99975039835905
105.77500000001548,-74.99975101500134
105.80000000001549,-74.9997516301202
105.82500000001549,-74.99975224371941
105.8500000000155,-74.99975285580271
105.8750000000155,-74.99975346637386
105.90000000001551,-74.9997540754366
105.92500000001552,-74.99975468299463
105.95000000001552,-74.99975528905169
105.97500000001553,-74.99975589361149
106.00000000001553,-74.99975649667772
106.02500000001554,-74.99975709825407
106.05000000001554,-74.99975769834421
106.07500000001555,-74.99975829695184
106.10000000001556,-74.9997588940806
106.12500000001556,-74.99975948973415
106.15000000001557,-74.99976008391613
106.17500000001557,-74.99976067663019
106.20000000001558,-74.99976126787993
106.22500000001558,-74.999761857669
106.25000000001559,-74.99976244600099
106.2750000000156,-74.9997630328795
106.3000000000156,-74.99976361830812
106.3250000000156,-74.99976420229045
106.35000000001561,-74.99976478483003
106.37500000001562,-74.99976536593046
106.40000000001562,-74.99976594559526
106.42500000001563,-74.999766523828
106.45000000001563,-74.99976710063223
106.47500000001564,-74.99976767601144
106.50000000001565,-74.99976824996918
106.52500000001565,-74.99976882250895
106.55000000001566,-74.99976939363427
106.57500000001566,-74.99976996334861
106.60000000001567,-74.99977053165547
106.62500000001567,-74.99977109855833
106.65000000001568,-74.99977166406065
106.67500000001569,-74.99977222816588
106.70000000001569,-74.9997727908775
106.7250000000157,-74.99977335219894
106.7500000000157,-74.99977391213363
106.77500000001571,-74.999774470685
106.80000000001571,-74.99977502785646
106.82500000001572,-74.99977558365143
106.85000000001573,-74.9997761380733
106.87500000001573,-74.99977669112546
106.90000000001574,-74.99977724281132
106.92500000001574,-74.99977779313423
106.95000000001575,-74.99977834209756
106.97500000001575,-74.99977888970467
107.00000000001576,-74.99977943595891
107.02500000001577,-74.99977998086364
107.05000000001577,-74.99978052442216
107.07500000001578,-74.99978106663784
107.10000000001578,-74.99978160751395
107.12500000001579,-74.99978214705384
107.1500000000158,-74.99978268526078
107.1750000000158,-74.99978322213809
107.2000000000158,-74.99978375768903
107.22500000001581,-74.9997842919169
107.25000000001582,-74.99978482482496
107.27500000001582,-74.99978535641645
107.30000000001583,-74.99978588669465
107.32500000001583,-74.9997864156628
107.35000000001584,-74.99978694332412
107.37500000001585,-74.99978746968186
107.40000000001585,-74.99978799473922
107.42500000001586,-74.99978851849943
107.45000000001586,-74.99978904096568
107.47500000001587,-74.99978956214117
107.50000000001587,-74.99979008202911
107.52500000001588,-74.99979060063265
107.55000000001588,-74.99979111795498
107.57500000001589,-74.99979163399927
107.6000000000159,-74.99979214876866
107.6250000000159,-74.99979266226632
107.65000000001591,-74.99979317449537
107.67500000001591,-74.99979368545895
107.70000000001592,-74.9997941951602
107.72500000001592,-74.99979470360223
107.75000000001593,-74.99979521078816
107.77500000001594,-74.99979571672108
107.80000000001594,-74.99979622140408
107.82500000001595,-74.99979672484027
107.85000000001595,-74.99979722703272
107.87500000001596,-74.99979772798449
107.90000000001596,-74.99979822769866
107.92500000001597,-74.99979872617828
107.95000000001598,-74.99979922342641
107.97500000001598,-74.99979971944607
108.00000000001599,-74.99980021424032
108.025000000016,-74.99980070781218
108.050000000016,-74.99980120016467
108.075000000016,-74.9998016913008
108.10000000001601,-74.99980218122357
108.12500000001602,-74.99980266993599
108.15000000001602,-74.99980315744104
108.17500000001603,-74.9998036437417
108.20000000001603,-74.99980412884096
108.22500000001604,-74.99980461274178
108.25000000001604,-74.99980509544712
108.27500000001605,-74.99980557695993
108.30000000001606,-74.99980605728317
108.32500000001606,-74.99980653641975
108.35000000001607,-74.99980701437264
108.37500000001607,-74.99980749114474
108.40000000001608,-74.99980796673896
108.42500000001608,-74.99980844115822
108.45000000001609,-74.99980891440543
108.4750000000161,-74.99980938648349
108.5000000000161,-74.99980985739528
108.5250000000161,-74.99981032714366
108.55000000001611,-74.99981079573153
108.57500000001612,-74.99981126316176
108.60000000001612,-74.9998117294372
108.62500000001613,-74.9998121945607
108.65000000001614,-74.99981265853512
108.67500000001614,-74.99981312136327
108.70000000001615,-74.99981358304801
108.72500000001615,-74.99981404359215
108.75000000001616,-74.99981450299852
108.77500000001616,-74.99981496126992
108.80000000001617,-74.99981541840916
108.82500000001617,-74.99981587441903
108.85000000001618,-74.99981632930233
108.87500000001619,-74.99981678306185
108.90000000001619,-74.99981723570033
108.9250000000162,-74.99981768722058
108.9500000000162,-74.99981813762535
108.97500000001621,-74.99981858691739
109.00000000001621,-74.99981903509943
109.02500000001622,-74.99981948217426
109.05000000001623,-74.99981992814459
109.07500000001623,-74.99982037301314
109.10000000001624,-74.99982081678263
109.12500000001624,-74.99982125945579
109.15000000001625,-74.99982170103533
109.17500000001625,-74.99982214152394
109.20000000001626,-74.99982258092432
109.22500000001627,-74.99982301923916
109.25000000001627,-74.99982345647113
109.27500000001628,-74.99982389262293
109.30000000001628,-74.99982432769721
109.32500000001629,-74.99982476169664
109.3500000000163,-74.99982519462387
109.3750000000163,-74.99982562648155
109.4000000000163,-74.99982605727233
109.42500000001631,-74.99982648699883
109.45000000001632,-74.99982691566369
109.47500000001632,-74.99982734326953
109.50000000001633,-74.99982776981896
109.52500000001633,-74.9998281953146
109.55000000001634,-74.99982861975907
109.57500000001635,-74.99982904315493
109.60000000001635,-74.99982946550479
109.62500000001636,-74.99982988681123
109.65000000001636,-74.99983030707683
109.67500000001637,-74.99983072630417
109.70000000001637,-74.9998311444958
109.72500000001638,-74.99983156165429
109.75000000001639,-74.99983197778218
109.77500000001639,-74.99983239288203
109.8000000000164,-74.99983280695636
109.8250000000164,-74.99983322000774
109.85000000001641,-74.99983363203867
109.87500000001641,-74.99983404305166
109.90000000001642,-74.99983445304926
109.92500000001642,-74.99983486203395
109.95000000001643,-74.99983527000823
109.97500000001644,-74.99983567697461
110.00000000001644,-74.99983608293559
110.02500000001645,-74.99983648789363
110.05000000001645,-74.99983689185123
110.07500000001646,-74.99983729481085
110.10000000001646,-74.99983769677495
110.12500000001647,-74.999838097746
110.15000000001648,-74.99983849772644
110.17500000001648,-74.99983889671873
110.20000000001649,-74.9998392947253
110.2250000000165,-74.9998396917486
110.2500000000165,-74.99984008779106
110.2750000000165,-74.99984048285508
110.30000000001651,-74.9998408769431
110.32500000001652,-74.99984127005752
110.35000000001652,-74.99984166220075
110.37500000001653,-74.99984205337519
110.40000000001653,-74.99984244358323
110.42500000001654,-74.99984283282726
110.45000000001654,-74.99984322110966
110.47500000001655,-74.9998436084328
110.50000000001656,-74.99984399479906
110.52500000001656,-74.9998443802108
110.55000000001657,-74.99984476467039
110.57500000001657,-74.99984514818016
110.60000000001658,-74.99984553074246
110.62500000001658,-74.99984591235965
110.65000000001659,-74.99984629303404
110.6750000000166,-74.99984667276797
110.7000000000166,-74.99984705156378
110.7250000000166,-74.99984742942377
110.75000000001661,-74.99984780635025
110.77500000001662,-74.99984818234553
110.80000000001662,-74.99984855741191
110.82500000001663,-74.99984893155168
110.85000000001664,-74.99984930476715
110.87500000001664,-74.99984967706058
110.90000000001665,-74.99985004843427
110.92500000001665,-74.99985041889047
110.95000000001666,-74.99985078843146
110.97500000001666,-74.9998511570595
111.00000000001667,-74.99985152477683
111.02500000001668,-74.99985189158572
111.05000000001668,-74.9998522574884
111.07500000001669,-74.99985262248711
111.10000000001669,-74.9998529865841
111.1250000000167,-74.99985334978159
111.1500000000167,-74.9998537120818
111.17500000001671,-74.99985407348694
111.20000000001671,-74.99985443399922
111.22500000001672,-74.99985479362086
111.25000000001673,-74.99985515235404
111.27500000001673,-74.99985551020099
111.30000000001674,-74.99985586716386
111.32500000001674,-74.99985622324486
111.35000000001675,-74.99985657844616
111.37500000001675,-74.99985693276993
111.40000000001676,-74.99985728621834
111.42500000001677,-74.99985763879356
111.45000000001677,-74.99985799049773
111.47500000001678,-74.99985834133301
111.50000000001678,-74.99985869130157
111.52500000001679,-74.99985904040551
111.5500000000168,-74.999859388647
111.5750000000168,-74.99985973602814
111.6000000000168,-74.99986008255108
111.62500000001681,-74.99986042821794
111.65000000001682,-74.99986077303083
111.67500000001682,-74.99986111699185
111.70000000001683,-74.99986146010312
111.72500000001683,-74.99986180236672
111.75000000001684,-74.99986214378477
111.77500000001685,-74.99986248435934
111.80000000001685,-74.99986282409252
111.82500000001686,-74.99986316298639
111.85000000001686,-74.99986350104301
111.87500000001687,-74.99986383826446
111.90000000001687,-74.9998641746528
111.92500000001688,-74.9998645102101
111.95000000001689,-74.9998648449384
111.97500000001689,-74.99986517883976
112.0000000000169,-74.9998655119162
112.0250000000169,-74.99986584416978
112.05000000001691,-74.99986617560252
112.07500000001691,-74.99986650621646
112.10000000001692,-74.99986683601362
112.12500000001693,-74.99986716499602
112.15000000001693,-74.99986749316565
112.17500000001694,-74.99986782052454
112.20000000001694,-74.9998681470747
112.22500000001695,-74.9998684728181
112.25000000001695,-74.99986879775675
112.27500000001696,-74.99986912189264
112.30000000001696,-74.99986944522776
112.32500000001697,-74.99986976776407
112.35000000001698,-74.99987008950355
112.37500000001698,-74.99987041044817
112.40000000001699,-74.9998707305999
112.425000000017,-74.99987104996069
112.450000000017,-74.9998713685325
112.475000000017,-74.99987168631728
112.50000000001701,-74.99987200331697
112.52500000001702,-74.99987231953351
112.55000000001702,-74.99987263496882
112.57500000001703,-74.99987294962486
112.60000000001703,-74.99987326350355
112.62500000001704,-74.99987357660679
112.65000000001704,-74.9998738889365
112.67500000001705,-74.9998742004946
112.70000000001706,-74.999874511283
112.72500000001706,-74.99987482130359
112.75000000001707,-74.99987513055828
112.77500000001707,-74.99987543904895
112.80000000001708,-74.99987574677749
112.82500000001708,-74.99987605374578
112.85000000001709,-74.99987635995572
112.8750000000171,-74.99987666540916
112.9000000000171,-74.99987697010798
112.9250000000171,-74.99987727405403
112.95000000001711,-74.99987757724918
112.97500000001712,-74.99987787969529
113.00000000001712,-74.9998781813942
113.02500000001713,-74.99987848234775
113.05000000001714,-74.99987878255781
113.07500000001714,-74.9998790820262
113.10000000001715,-74.99987938075475
113.12500000001715,-74.99987967874529
113.15000000001716,-74.99987997599963
113.17500000001716,-74.9998802725196
113.20000000001717,-74.99988056830703
113.22500000001718,-74.99988086336371
113.25000000001718,-74.99988115769146
113.27500000001719,-74.99988145129207
113.30000000001719,-74.99988174416733
113.3250000000172,-74.99988203631904
113.3500000000172,-74.99988232774898
113.37500000001721,-74.99988261845895
113.40000000001722,-74.99988290845072
113.42500000001722,-74.99988319772606
113.45000000001723,-74.99988348628675
113.47500000001723,-74.99988377413455
113.50000000001724,-74.9998840612712
113.52500000001724,-74.9998843476985
113.55000000001725,-74.99988463341818
113.57500000001725,-74.99988491843197
113.60000000001726,-74.99988520274165
113.62500000001727,-74.99988548634893
113.65000000001727,-74.99988576925556
113.67500000001728,-74.99988605146326
113.70000000001728,-74.99988633297377
113.72500000001729,-74.99988661378882
113.7500000000173,-74.9998868939101
113.7750000000173,-74.99988717333935
113.8000000000173,-74.99988745207826
113.82500000001731,-74.99988773012853
113.85000000001732,-74.99988800749189
113.87500000001732,-74.99988828417003
113.90000000001733,-74.99988856016462
113.92500000001733,-74.99988883547736
113.95000000001734,-74.99988911010996
113.97500000001735,-74.99988938406406
114.00000000001735,-74.99988965734137
114.02500000001736,-74.99988992994354
114.05000000001736,-74.99989020187223
114.07500000001737,-74.99989047312914
114.10000000001737,-74.99989074371591
114.12500000001738,-74.99989101363418
114.15000000001739,-74.99989128288563
114.17500000001739,-74.99989155147188
114.2000000000174,-74.99989181939458
114.2250000000174,-74.9998920866554
114.25000000001741,-74.99989235325593
114.27500000001741,-74.99989261919782
114.30000000001742,-74.9998928844827
114.32500000001743,-74.9998931491122
114.35000000001743,-74.99989341308793
114.37500000001744,-74.9998936764115
114.40000000001744,-74.99989393908453
114.42500000001745,-74.99989420110863
114.45000000001745,-74.9998944624854
114.47500000001746,-74.99989472321643
114.50000000001747,-74.99989498330332
114.52500000001747,-74.99989524274767
114.55000000001748,-74.99989550155107
114.57500000001748,-74.99989575971509
114.60000000001749,-74.99989601724131
114.6250000000175,-74.99989627413132
114.6500000000175,-74.99989653038666
114.6750000000175,-74.99989678600893
114.70000000001751,-74.99989704099968
114.72500000001752,-74.99989729536048
114.75000000001752,-74.99989754909288
114.77500000001753,-74.99989780219843
114.80000000001753,-74.99989805467868
114.82500000001754,-74.99989830653519
114.85000000001754,-74.99989855776947
114.87500000001755,-74.99989880838308
114.90000000001756,-74.99989905837755
114.92500000001756,-74.9998993077544
114.95000000001757,-74.99989955651517
114.97500000001757,-74.99989980466138
115.00000000001758,-74.99990005219453
115.02500000001758,-74.99990029911616
115.05000000001759,-74.99990054542776
115.0750000000176,-74.99990079113086
115.1000000000176,-74.99990103622693
115.12500000001761,-74.9999012807175
115.15000000001761,-74.99990152460404
115.17500000001762,-74.99990176788808
115.20000000001762,-74.99990201057108
115.22500000001763,-74.99990225265452
115.25000000001764,-74.9999024941399
115.27500000001764,-74.99990273502868
115.30000000001765,-74.99990297532236
115.32500000001765,-74.99990321502237
115.35000000001766,-74.9999034541302
115.37500000001766,-74.99990369264732
115.40000000001767,-74.99990393057519
115.42500000001768,-74.99990416791525
115.45000000001768,-74.99990440466897
115.47500000001769,-74.99990464083778
115.50000000001769,-74.99990487642313
115.5250000000177,-74.99990511142647
115.5500000000177,-74.99990534584924
115.57500000001771,-74.99990557969286
115.60000000001772,-74.99990581295877
115.62500000001772,-74.99990604564839
115.65000000001773,-74.99990627776316
115.67500000001773,-74.99990650930448
115.70000000001774,-74.99990674027377
115.72500000001774,-74.99990697067246
115.75000000001775,-74.99990720050194
115.77500000001776,-74.99990742976362
115.80000000001776,-74.99990765845892
115.82500000001777,-74.99990788658923
115.85000000001777,-74.99990811415593
115.87500000001778,-74.99990834116043
115.90000000001778,-74.99990856760412
115.92500000001779,-74.99990879348837
115.9500000000178,-74.99990901881458
115.9750000000178,-74.99990924358411
116.0000000000178,-74.99990946779836
116.02500000001781,-74.99990969145868
116.05000000001782,-74.99990991456644
116.07500000001782,-74.99991013712302
116.10000000001783,-74.99991035912977
116.12500000001783,-74.99991058058805
116.15000000001784,-74.99991080149921
116.17500000001785,-74.99991102186462
116.20000000001785,-74.99991124168561
116.22500000001786,-74.99991146096353
116.25000000001786,-74.99991167969974
116.27500000001787,-74.99991189789554
116.30000000001787,-74.99991211555229
116.32500000001788,-74.99991233267131
116.35000000001789,-74.99991254925396
116.37500000001789,-74.99991276530153
116.4000000000179,-74.99991298081535
116.4250000000179,-74.99991319579675
116.45000000001791,-74.99991341024703
116.47500000001791,-74.9999136241675
116.50000000001792,-74.99991383755949
116.52500000001793,-74.9999140504243
116.55000000001793,-74.99991426276321
116.57500000001794,-74.99991447457755
116.60000000001794,-74.9999146858686
116.62500000001795,-74.99991489663765
116.65000000001795,-74.999915106886
116.67500000001796,-74.99991531661492
116.70000000001797,-74.9999155258257
116.72500000001797,-74.99991573451963
116.75000000001798,-74.99991594269798
116.77500000001798,-74.99991615036203
116.80000000001799,-74.99991635751303
116.825000000018,-74.99991656415227
116.850000000018,-74.99991677028102
116.875000000018,-74.99991697590052
116.90000000001801,-74.99991718101202
116.92500000001802,-74.99991738561681
116.95000000001802,-74.99991758971612
116.97500000001803,-74.9999177933112
117.00000000001803,-74.9999179964033
117.02500000001804,-74.99991819899365
117.05000000001804,-74.9999184010835
117.07500000001805,-74.9999186026741
117.10000000001806,-74.99991880376666
117.12500000001806,-74.99991900436243
117.15000000001807,-74.99991920446261
117.17500000001807,-74.99991940406845
117.20000000001808,-74.99991960318116
117.22500000001808,-74.99991980180195
117.25000000001809,-74.99991999993206
117.2750000000181,-74.99992019757269
117.3000000000181,-74.99992039472505
117.32500000001811,-74.99992059139034
117.35000000001811,-74.99992078756976
117.37500000001812,-74.99992098326452
117.40000000001812,-74.99992117847582
117.42500000001813,-74.99992137320484
117.45000000001814,-74.99992156745279
117.47500000001814,-74.99992176122085
117.50000000001815,-74.9999219545102
117.52500000001815,-74.99992214732202
117.55000000001816,-74.99992233965752
117.57500000001816,-74.99992253151784
117.60000000001817,-74.99992272290417
117.62500000001818,-74.99992291381768
117.65000000001818,-74.99992310425954
117.67500000001819,-74.99992329423091
117.70000000001819,-74.99992348373294
117.7250000000182,-74.99992367276683
117.7500000000182,-74.99992386133368
117.77500000001821,-74.9999240494347
117.80000000001822,-74.999924237071
117.82500000001822,-74.99992442424374
117.85000000001823,-74.99992461095408
117.87500000001823,-74.99992479720315
117.90000000001824,-74.99992498299208
117.92500000001824,-74.99992516832204
117.95000000001825,-74.99992535319413
117.97500000001826,-74.99992553760949
118.00000000001826,-74.99992572156926
118.02500000001827,-74.99992590507453
118.05000000001827,-74.99992608812647
118.07500000001828,-74.99992627072618
118.10000000001828,-74.99992645287477
118.12500000001829,-74.99992663457337
118.1500000000183,-74.99992681582307
118.1750000000183,-74.999926996625
118.2000000000183,-74.99992717698026
118.22500000001831,-74.99992735688996
118.25000000001832,-74.99992753635517
118.27500000001832,-74.99992771537703
118.30000000001833,-74.9999278939566
118.32500000001833,-74.99992807209499
118.35000000001834,-74.99992824979329
118.37500000001835,-74.99992842705258
118.40000000001835,-74.99992860387395
118.42500000001836,-74.9999287802585
118.45000000001836,-74.99992895620727
118.47500000001837,-74.99992913172137
118.50000000001837,-74.99992930680186
118.52500000001838,-74.99992948144981
118.55000000001839,-74.99992965566629
118.57500000001839,-74.99992982945237
118.6000000000184,-74.99993000280911
118.6250000000184,-74.99993017573757
118.65000000001841,-74.99993034823882
118.67500000001841,-74.9999305203139
118.70000000001842,-74.99993069196385
118.72500000001843,-74.99993086318976
118.75000000001843,-74.99993103399264
118.77500000001844,-74.99993120437355
118.80000000001844,-74.99993137433354
118.82500000001845,-74.99993154387364
118.85000000001845,-74.9999317129949
118.87500000001846,-74.99993188169833
118.90000000001847,-74.99993204998499
118.92500000001847,-74.99993221785589
118.95000000001848,-74.99993238531206
118.97500000001848,-74.99993255235454
119.00000000001849,-74.99993271898433
119.0250000000185,-74.99993288520245
119.0500000000185,-74.99993305100995
119.0750000000185,-74.99993321640781
119.10000000001851,-74.99993338139706
119.12500000001852,-74.99993354597869
119.15000000001852,-74.99993371015373
119.17500000001853,-74.99993387392317
119.20000000001853,-74.99993403728801
119.22500000001854,-74.99993420024927
119.25000000001855,-74.99993436280793
119.27500000001855,-74.999934524965
119.30000000001856,-74.99993468672145
119.32500000001856,-74.99993484807827
119.35000000001857,-74.99993500903646
119.37500000001857,-74.99993516959701
119.40000000001858,-74.99993532976089
119.42500000001858,-74.99993548952908
119.45000000001859,-74.99993564890256
119.4750000000186,-74.99993580788232
119.5000000000186,-74.99993596646932
119.52500000001861,-74.99993612466453
119.55000000001861,-74.99993628246891
119.57500000001862,-74.99993643988343
119.60000000001862,-74.99993659690905
119.62500000001863,-74.99993675354675
119.65000000001864,-74.99993690979747
119.67500000001864,-74.99993706566218
119.70000000001865,-74.99993722114182
119.72500000001865,-74.99993737623736
119.75000000001866,-74.99993753094972
119.77500000001866,-74.99993768527987
119.80000000001867,-74.99993783922875
119.82500000001868,-74.99993799279729
119.85000000001868,-74.99993814598643
119.87500000001869,-74.99993829879713
119.9000000000187,-74.9999384512303
119.9250000000187,-74.99993860328689
119.9500000000187,-74.99993875496783
119.97500000001871,-74.99993890627402
120.00000000001872,-74.99993905720642
